ISO-10303-21;
HEADER;
FILE_DESCRIPTION(('KiCad electronic assembly'),'2;1');
FILE_NAME('514_pcb.step','2025-02-19T15:03:23',('Pcbnew'),('Kicad'),
  'Open CASCADE STEP processor 7.8','KiCad to STEP converter','Unknown'
  );
FILE_SCHEMA(('AUTOMOTIVE_DESIGN { 1 0 10303 214 1 1 1 1 }'));
ENDSEC;
DATA;
#1 = APPLICATION_PROTOCOL_DEFINITION('international standard',
  'automotive_design',2000,#2);
#2 = APPLICATION_CONTEXT(
  'core data for automotive mechanical design processes');
#3 = SHAPE_DEFINITION_REPRESENTATION(#4,#10);
#4 = PRODUCT_DEFINITION_SHAPE('','',#5);
#5 = PRODUCT_DEFINITION('design','',#6,#9);
#6 = PRODUCT_DEFINITION_FORMATION('','',#7);
#7 = PRODUCT('514_pcb 1','514_pcb 1','',(#8));
#8 = PRODUCT_CONTEXT('',#2,'mechanical');
#9 = PRODUCT_DEFINITION_CONTEXT('part definition',#2,'design');
#10 = SHAPE_REPRESENTATION('',(#11,#15,#19,#23,#27,#31,#35),#39);
#11 = AXIS2_PLACEMENT_3D('',#12,#13,#14);
#12 = CARTESIAN_POINT('',(0.,0.,0.));
#13 = DIRECTION('',(0.,0.,1.));
#14 = DIRECTION('',(1.,0.,-0.));
#15 = AXIS2_PLACEMENT_3D('',#16,#17,#18);
#16 = CARTESIAN_POINT('',(130.5875,-100.,1.65));
#17 = DIRECTION('',(0.,0.,1.));
#18 = DIRECTION('',(-1.,1.224646799147E-16,0.));
#19 = AXIS2_PLACEMENT_3D('',#20,#21,#22);
#20 = CARTESIAN_POINT('',(115.,-72.,1.65));
#21 = DIRECTION('',(0.,0.,1.));
#22 = DIRECTION('',(1.,0.,0.));
#23 = AXIS2_PLACEMENT_3D('',#24,#25,#26);
#24 = CARTESIAN_POINT('',(106.,-112.,1.65));
#25 = DIRECTION('',(0.,0.,1.));
#26 = DIRECTION('',(1.,0.,0.));
#27 = AXIS2_PLACEMENT_3D('',#28,#29,#30);
#28 = CARTESIAN_POINT('',(131.6,-93.3,1.65));
#29 = DIRECTION('',(0.,0.,1.));
#30 = DIRECTION('',(1.,0.,0.));
#31 = AXIS2_PLACEMENT_3D('',#32,#33,#34);
#32 = CARTESIAN_POINT('',(108.458,-106.9,1.65));
#33 = DIRECTION('',(0.,-0.,1.));
#34 = DIRECTION('',(1.110223024625E-16,1.,0.));
#35 = AXIS2_PLACEMENT_3D('',#36,#37,#38);
#36 = CARTESIAN_POINT('',(0.,0.,0.));
#37 = DIRECTION('',(0.,0.,1.));
#38 = DIRECTION('',(1.,0.,-0.));
#39 = ( GEOMETRIC_REPRESENTATION_CONTEXT(3) 
GLOBAL_UNCERTAINTY_ASSIGNED_CONTEXT((#43)) GLOBAL_UNIT_ASSIGNED_CONTEXT(
(#40,#41,#42)) REPRESENTATION_CONTEXT('Context #1',
  '3D Context with UNIT and UNCERTAINTY') );
#40 = ( LENGTH_UNIT() NAMED_UNIT(*) SI_UNIT(.MILLI.,.METRE.) );
#41 = ( NAMED_UNIT(*) PLANE_ANGLE_UNIT() SI_UNIT($,.RADIAN.) );
#42 = ( NAMED_UNIT(*) SI_UNIT($,.STERADIAN.) SOLID_ANGLE_UNIT() );
#43 = UNCERTAINTY_MEASURE_WITH_UNIT(LENGTH_MEASURE(1.E-07),#40,
  'distance_accuracy_value','confusion accuracy');
#44 = PRODUCT_RELATED_PRODUCT_CATEGORY('part',$,(#7));
#45 = SHAPE_DEFINITION_REPRESENTATION(#46,#52);
#46 = PRODUCT_DEFINITION_SHAPE('','',#47);
#47 = PRODUCT_DEFINITION('design','',#48,#51);
#48 = PRODUCT_DEFINITION_FORMATION('','',#49);
#49 = PRODUCT('R_0603_1608Metric','R_0603_1608Metric','',(#50));
#50 = PRODUCT_CONTEXT('',#2,'mechanical');
#51 = PRODUCT_DEFINITION_CONTEXT('part definition',#2,'design');
#52 = SHAPE_REPRESENTATION('',(#11,#53),#57);
#53 = AXIS2_PLACEMENT_3D('',#54,#55,#56);
#54 = CARTESIAN_POINT('',(0.,0.,0.));
#55 = DIRECTION('',(0.,0.,1.));
#56 = DIRECTION('',(1.,0.,-0.));
#57 = ( GEOMETRIC_REPRESENTATION_CONTEXT(3) 
GLOBAL_UNCERTAINTY_ASSIGNED_CONTEXT((#61)) GLOBAL_UNIT_ASSIGNED_CONTEXT(
(#58,#59,#60)) REPRESENTATION_CONTEXT('Context #1',
  '3D Context with UNIT and UNCERTAINTY') );
#58 = ( LENGTH_UNIT() NAMED_UNIT(*) SI_UNIT(.MILLI.,.METRE.) );
#59 = ( NAMED_UNIT(*) PLANE_ANGLE_UNIT() SI_UNIT($,.RADIAN.) );
#60 = ( NAMED_UNIT(*) SI_UNIT($,.STERADIAN.) SOLID_ANGLE_UNIT() );
#61 = UNCERTAINTY_MEASURE_WITH_UNIT(LENGTH_MEASURE(1.E-07),#58,
  'distance_accuracy_value','confusion accuracy');
#62 = CONTEXT_DEPENDENT_SHAPE_REPRESENTATION(#63,#65);
#63 = ( REPRESENTATION_RELATIONSHIP('','',#52,#10) 
REPRESENTATION_RELATIONSHIP_WITH_TRANSFORMATION(#64) 
SHAPE_REPRESENTATION_RELATIONSHIP() );
#64 = ITEM_DEFINED_TRANSFORMATION('','',#11,#15);
#65 = PRODUCT_DEFINITION_SHAPE('Placement','Placement of an item',#66);
#66 = NEXT_ASSEMBLY_USAGE_OCCURRENCE('2','C1','',#5,#47,$);
#67 = PRODUCT_RELATED_PRODUCT_CATEGORY('part',$,(#49));
#68 = SHAPE_DEFINITION_REPRESENTATION(#69,#75);
#69 = PRODUCT_DEFINITION_SHAPE('','',#70);
#70 = PRODUCT_DEFINITION('design','',#71,#74);
#71 = PRODUCT_DEFINITION_FORMATION('','',#72);
#72 = PRODUCT('R_0603_1608Metric','R_0603_1608Metric','',(#73));
#73 = PRODUCT_CONTEXT('',#2,'mechanical');
#74 = PRODUCT_DEFINITION_CONTEXT('part definition',#2,'design');
#75 = ADVANCED_BREP_SHAPE_REPRESENTATION('',(#11,#76),#866);
#76 = MANIFOLD_SOLID_BREP('',#77);
#77 = CLOSED_SHELL('',(#78,#118,#201,#226,#251,#318,#335,#352,#401,#418,
    #435,#484,#501,#570,#601,#625,#694,#718,#735,#752,#769,#786,#803,
    #820,#837,#854));
#78 = ADVANCED_FACE('',(#79),#113,.F.);
#79 = FACE_BOUND('',#80,.F.);
#80 = EDGE_LOOP('',(#81,#91,#99,#107));
#81 = ORIENTED_EDGE('',*,*,#82,.F.);
#82 = EDGE_CURVE('',#83,#85,#87,.T.);
#83 = VERTEX_POINT('',#84);
#84 = CARTESIAN_POINT('',(-0.8,-0.4,4.5E-02));
#85 = VERTEX_POINT('',#86);
#86 = CARTESIAN_POINT('',(-0.8,-0.4,0.405));
#87 = LINE('',#88,#89);
#88 = CARTESIAN_POINT('',(-0.8,-0.4,0.));
#89 = VECTOR('',#90,1.);
#90 = DIRECTION('',(0.,0.,1.));
#91 = ORIENTED_EDGE('',*,*,#92,.T.);
#92 = EDGE_CURVE('',#83,#93,#95,.T.);
#93 = VERTEX_POINT('',#94);
#94 = CARTESIAN_POINT('',(-0.8,0.4,4.5E-02));
#95 = LINE('',#96,#97);
#96 = CARTESIAN_POINT('',(-0.8,-0.4,4.5E-02));
#97 = VECTOR('',#98,1.);
#98 = DIRECTION('',(0.,1.,0.));
#99 = ORIENTED_EDGE('',*,*,#100,.T.);
#100 = EDGE_CURVE('',#93,#101,#103,.T.);
#101 = VERTEX_POINT('',#102);
#102 = CARTESIAN_POINT('',(-0.8,0.4,0.405));
#103 = LINE('',#104,#105);
#104 = CARTESIAN_POINT('',(-0.8,0.4,0.));
#105 = VECTOR('',#106,1.);
#106 = DIRECTION('',(0.,0.,1.));
#107 = ORIENTED_EDGE('',*,*,#108,.F.);
#108 = EDGE_CURVE('',#85,#101,#109,.T.);
#109 = LINE('',#110,#111);
#110 = CARTESIAN_POINT('',(-0.8,-0.4,0.405));
#111 = VECTOR('',#112,1.);
#112 = DIRECTION('',(0.,1.,0.));
#113 = PLANE('',#114);
#114 = AXIS2_PLACEMENT_3D('',#115,#116,#117);
#115 = CARTESIAN_POINT('',(-0.8,-0.4,0.));
#116 = DIRECTION('',(1.,0.,0.));
#117 = DIRECTION('',(0.,0.,1.));
#118 = ADVANCED_FACE('',(#119),#196,.F.);
#119 = FACE_BOUND('',#120,.F.);
#120 = EDGE_LOOP('',(#121,#131,#138,#139,#148,#156,#165,#173,#181,#189)
  );
#121 = ORIENTED_EDGE('',*,*,#122,.F.);
#122 = EDGE_CURVE('',#123,#125,#127,.T.);
#123 = VERTEX_POINT('',#124);
#124 = CARTESIAN_POINT('',(-0.755,-0.4,-2.775557561563E-17));
#125 = VERTEX_POINT('',#126);
#126 = CARTESIAN_POINT('',(-0.545,-0.4,-2.775557561563E-17));
#127 = LINE('',#128,#129);
#128 = CARTESIAN_POINT('',(-0.8,-0.4,0.));
#129 = VECTOR('',#130,1.);
#130 = DIRECTION('',(1.,0.,0.));
#131 = ORIENTED_EDGE('',*,*,#132,.F.);
#132 = EDGE_CURVE('',#83,#123,#133,.T.);
#133 = CIRCLE('',#134,4.5E-02);
#134 = AXIS2_PLACEMENT_3D('',#135,#136,#137);
#135 = CARTESIAN_POINT('',(-0.755,-0.4,4.5E-02));
#136 = DIRECTION('',(0.,-1.,0.));
#137 = DIRECTION('',(0.,0.,1.));
#138 = ORIENTED_EDGE('',*,*,#82,.T.);
#139 = ORIENTED_EDGE('',*,*,#140,.T.);
#140 = EDGE_CURVE('',#85,#141,#143,.T.);
#141 = VERTEX_POINT('',#142);
#142 = CARTESIAN_POINT('',(-0.755,-0.4,0.45));
#143 = CIRCLE('',#144,4.5E-02);
#144 = AXIS2_PLACEMENT_3D('',#145,#146,#147);
#145 = CARTESIAN_POINT('',(-0.755,-0.4,0.405));
#146 = DIRECTION('',(0.,1.,0.));
#147 = DIRECTION('',(0.,-0.,1.));
#148 = ORIENTED_EDGE('',*,*,#149,.T.);
#149 = EDGE_CURVE('',#141,#150,#152,.T.);
#150 = VERTEX_POINT('',#151);
#151 = CARTESIAN_POINT('',(-0.545,-0.4,0.45));
#152 = LINE('',#153,#154);
#153 = CARTESIAN_POINT('',(-0.8,-0.4,0.45));
#154 = VECTOR('',#155,1.);
#155 = DIRECTION('',(1.,0.,0.));
#156 = ORIENTED_EDGE('',*,*,#157,.F.);
#157 = EDGE_CURVE('',#158,#150,#160,.T.);
#158 = VERTEX_POINT('',#159);
#159 = CARTESIAN_POINT('',(-0.5,-0.4,0.405));
#160 = CIRCLE('',#161,4.5E-02);
#161 = AXIS2_PLACEMENT_3D('',#162,#163,#164);
#162 = CARTESIAN_POINT('',(-0.545,-0.4,0.405));
#163 = DIRECTION('',(0.,-1.,0.));
#164 = DIRECTION('',(0.,0.,1.));
#165 = ORIENTED_EDGE('',*,*,#166,.F.);
#166 = EDGE_CURVE('',#167,#158,#169,.T.);
#167 = VERTEX_POINT('',#168);
#168 = CARTESIAN_POINT('',(-0.755,-0.4,0.405));
#169 = LINE('',#170,#171);
#170 = CARTESIAN_POINT('',(-0.755,-0.4,0.405));
#171 = VECTOR('',#172,1.);
#172 = DIRECTION('',(1.,0.,0.));
#173 = ORIENTED_EDGE('',*,*,#174,.F.);
#174 = EDGE_CURVE('',#175,#167,#177,.T.);
#175 = VERTEX_POINT('',#176);
#176 = CARTESIAN_POINT('',(-0.755,-0.4,4.5E-02));
#177 = LINE('',#178,#179);
#178 = CARTESIAN_POINT('',(-0.755,-0.4,4.5E-02));
#179 = VECTOR('',#180,1.);
#180 = DIRECTION('',(0.,0.,1.));
#181 = ORIENTED_EDGE('',*,*,#182,.T.);
#182 = EDGE_CURVE('',#175,#183,#185,.T.);
#183 = VERTEX_POINT('',#184);
#184 = CARTESIAN_POINT('',(-0.5,-0.4,4.5E-02));
#185 = LINE('',#186,#187);
#186 = CARTESIAN_POINT('',(-0.755,-0.4,4.5E-02));
#187 = VECTOR('',#188,1.);
#188 = DIRECTION('',(1.,0.,0.));
#189 = ORIENTED_EDGE('',*,*,#190,.T.);
#190 = EDGE_CURVE('',#183,#125,#191,.T.);
#191 = CIRCLE('',#192,4.5E-02);
#192 = AXIS2_PLACEMENT_3D('',#193,#194,#195);
#193 = CARTESIAN_POINT('',(-0.545,-0.4,4.5E-02));
#194 = DIRECTION('',(0.,1.,0.));
#195 = DIRECTION('',(0.,-0.,1.));
#196 = PLANE('',#197);
#197 = AXIS2_PLACEMENT_3D('',#198,#199,#200);
#198 = CARTESIAN_POINT('',(-0.8,-0.4,0.));
#199 = DIRECTION('',(0.,1.,0.));
#200 = DIRECTION('',(0.,-0.,1.));
#201 = ADVANCED_FACE('',(#202),#221,.T.);
#202 = FACE_BOUND('',#203,.T.);
#203 = EDGE_LOOP('',(#204,#205,#214,#220));
#204 = ORIENTED_EDGE('',*,*,#92,.T.);
#205 = ORIENTED_EDGE('',*,*,#206,.T.);
#206 = EDGE_CURVE('',#93,#207,#209,.T.);
#207 = VERTEX_POINT('',#208);
#208 = CARTESIAN_POINT('',(-0.755,0.4,-2.775557561563E-17));
#209 = CIRCLE('',#210,4.5E-02);
#210 = AXIS2_PLACEMENT_3D('',#211,#212,#213);
#211 = CARTESIAN_POINT('',(-0.755,0.4,4.5E-02));
#212 = DIRECTION('',(0.,-1.,0.));
#213 = DIRECTION('',(0.,0.,1.));
#214 = ORIENTED_EDGE('',*,*,#215,.F.);
#215 = EDGE_CURVE('',#123,#207,#216,.T.);
#216 = LINE('',#217,#218);
#217 = CARTESIAN_POINT('',(-0.755,-0.4,-2.775557561563E-17));
#218 = VECTOR('',#219,1.);
#219 = DIRECTION('',(0.,1.,0.));
#220 = ORIENTED_EDGE('',*,*,#132,.F.);
#221 = CYLINDRICAL_SURFACE('',#222,4.5E-02);
#222 = AXIS2_PLACEMENT_3D('',#223,#224,#225);
#223 = CARTESIAN_POINT('',(-0.755,-0.4,4.5E-02));
#224 = DIRECTION('',(0.,1.,0.));
#225 = DIRECTION('',(-1.,0.,0.));
#226 = ADVANCED_FACE('',(#227),#246,.T.);
#227 = FACE_BOUND('',#228,.T.);
#228 = EDGE_LOOP('',(#229,#230,#238,#245));
#229 = ORIENTED_EDGE('',*,*,#140,.T.);
#230 = ORIENTED_EDGE('',*,*,#231,.T.);
#231 = EDGE_CURVE('',#141,#232,#234,.T.);
#232 = VERTEX_POINT('',#233);
#233 = CARTESIAN_POINT('',(-0.755,0.4,0.45));
#234 = LINE('',#235,#236);
#235 = CARTESIAN_POINT('',(-0.755,-0.4,0.45));
#236 = VECTOR('',#237,1.);
#237 = DIRECTION('',(0.,1.,0.));
#238 = ORIENTED_EDGE('',*,*,#239,.F.);
#239 = EDGE_CURVE('',#101,#232,#240,.T.);
#240 = CIRCLE('',#241,4.5E-02);
#241 = AXIS2_PLACEMENT_3D('',#242,#243,#244);
#242 = CARTESIAN_POINT('',(-0.755,0.4,0.405));
#243 = DIRECTION('',(0.,1.,0.));
#244 = DIRECTION('',(0.,-0.,1.));
#245 = ORIENTED_EDGE('',*,*,#108,.F.);
#246 = CYLINDRICAL_SURFACE('',#247,4.5E-02);
#247 = AXIS2_PLACEMENT_3D('',#248,#249,#250);
#248 = CARTESIAN_POINT('',(-0.755,-0.4,0.405));
#249 = DIRECTION('',(0.,1.,0.));
#250 = DIRECTION('',(-1.,0.,0.));
#251 = ADVANCED_FACE('',(#252),#313,.T.);
#252 = FACE_BOUND('',#253,.T.);
#253 = EDGE_LOOP('',(#254,#262,#263,#264,#265,#273,#282,#290,#298,#306)
  );
#254 = ORIENTED_EDGE('',*,*,#255,.F.);
#255 = EDGE_CURVE('',#207,#256,#258,.T.);
#256 = VERTEX_POINT('',#257);
#257 = CARTESIAN_POINT('',(-0.545,0.4,-2.775557561563E-17));
#258 = LINE('',#259,#260);
#259 = CARTESIAN_POINT('',(-0.8,0.4,0.));
#260 = VECTOR('',#261,1.);
#261 = DIRECTION('',(1.,0.,0.));
#262 = ORIENTED_EDGE('',*,*,#206,.F.);
#263 = ORIENTED_EDGE('',*,*,#100,.T.);
#264 = ORIENTED_EDGE('',*,*,#239,.T.);
#265 = ORIENTED_EDGE('',*,*,#266,.T.);
#266 = EDGE_CURVE('',#232,#267,#269,.T.);
#267 = VERTEX_POINT('',#268);
#268 = CARTESIAN_POINT('',(-0.545,0.4,0.45));
#269 = LINE('',#270,#271);
#270 = CARTESIAN_POINT('',(-0.8,0.4,0.45));
#271 = VECTOR('',#272,1.);
#272 = DIRECTION('',(1.,0.,0.));
#273 = ORIENTED_EDGE('',*,*,#274,.F.);
#274 = EDGE_CURVE('',#275,#267,#277,.T.);
#275 = VERTEX_POINT('',#276);
#276 = CARTESIAN_POINT('',(-0.5,0.4,0.405));
#277 = CIRCLE('',#278,4.5E-02);
#278 = AXIS2_PLACEMENT_3D('',#279,#280,#281);
#279 = CARTESIAN_POINT('',(-0.545,0.4,0.405));
#280 = DIRECTION('',(0.,-1.,0.));
#281 = DIRECTION('',(0.,0.,1.));
#282 = ORIENTED_EDGE('',*,*,#283,.F.);
#283 = EDGE_CURVE('',#284,#275,#286,.T.);
#284 = VERTEX_POINT('',#285);
#285 = CARTESIAN_POINT('',(-0.755,0.4,0.405));
#286 = LINE('',#287,#288);
#287 = CARTESIAN_POINT('',(-0.755,0.4,0.405));
#288 = VECTOR('',#289,1.);
#289 = DIRECTION('',(1.,0.,0.));
#290 = ORIENTED_EDGE('',*,*,#291,.F.);
#291 = EDGE_CURVE('',#292,#284,#294,.T.);
#292 = VERTEX_POINT('',#293);
#293 = CARTESIAN_POINT('',(-0.755,0.4,4.5E-02));
#294 = LINE('',#295,#296);
#295 = CARTESIAN_POINT('',(-0.755,0.4,4.5E-02));
#296 = VECTOR('',#297,1.);
#297 = DIRECTION('',(0.,0.,1.));
#298 = ORIENTED_EDGE('',*,*,#299,.T.);
#299 = EDGE_CURVE('',#292,#300,#302,.T.);
#300 = VERTEX_POINT('',#301);
#301 = CARTESIAN_POINT('',(-0.5,0.4,4.5E-02));
#302 = LINE('',#303,#304);
#303 = CARTESIAN_POINT('',(-0.755,0.4,4.5E-02));
#304 = VECTOR('',#305,1.);
#305 = DIRECTION('',(1.,0.,0.));
#306 = ORIENTED_EDGE('',*,*,#307,.T.);
#307 = EDGE_CURVE('',#300,#256,#308,.T.);
#308 = CIRCLE('',#309,4.5E-02);
#309 = AXIS2_PLACEMENT_3D('',#310,#311,#312);
#310 = CARTESIAN_POINT('',(-0.545,0.4,4.5E-02));
#311 = DIRECTION('',(0.,1.,0.));
#312 = DIRECTION('',(0.,-0.,1.));
#313 = PLANE('',#314);
#314 = AXIS2_PLACEMENT_3D('',#315,#316,#317);
#315 = CARTESIAN_POINT('',(-0.8,0.4,0.));
#316 = DIRECTION('',(0.,1.,0.));
#317 = DIRECTION('',(0.,-0.,1.));
#318 = ADVANCED_FACE('',(#319),#330,.F.);
#319 = FACE_BOUND('',#320,.F.);
#320 = EDGE_LOOP('',(#321,#322,#323,#324));
#321 = ORIENTED_EDGE('',*,*,#255,.F.);
#322 = ORIENTED_EDGE('',*,*,#215,.F.);
#323 = ORIENTED_EDGE('',*,*,#122,.T.);
#324 = ORIENTED_EDGE('',*,*,#325,.T.);
#325 = EDGE_CURVE('',#125,#256,#326,.T.);
#326 = LINE('',#327,#328);
#327 = CARTESIAN_POINT('',(-0.545,-0.4,-2.775557561563E-17));
#328 = VECTOR('',#329,1.);
#329 = DIRECTION('',(0.,1.,0.));
#330 = PLANE('',#331);
#331 = AXIS2_PLACEMENT_3D('',#332,#333,#334);
#332 = CARTESIAN_POINT('',(-0.8,-0.4,0.));
#333 = DIRECTION('',(0.,0.,1.));
#334 = DIRECTION('',(1.,0.,-0.));
#335 = ADVANCED_FACE('',(#336),#347,.T.);
#336 = FACE_BOUND('',#337,.T.);
#337 = EDGE_LOOP('',(#338,#339,#340,#341));
#338 = ORIENTED_EDGE('',*,*,#190,.T.);
#339 = ORIENTED_EDGE('',*,*,#325,.T.);
#340 = ORIENTED_EDGE('',*,*,#307,.F.);
#341 = ORIENTED_EDGE('',*,*,#342,.F.);
#342 = EDGE_CURVE('',#183,#300,#343,.T.);
#343 = LINE('',#344,#345);
#344 = CARTESIAN_POINT('',(-0.5,-0.4,4.5E-02));
#345 = VECTOR('',#346,1.);
#346 = DIRECTION('',(0.,1.,0.));
#347 = CYLINDRICAL_SURFACE('',#348,4.5E-02);
#348 = AXIS2_PLACEMENT_3D('',#349,#350,#351);
#349 = CARTESIAN_POINT('',(-0.545,-0.4,4.5E-02));
#350 = DIRECTION('',(0.,1.,0.));
#351 = DIRECTION('',(1.,0.,0.));
#352 = ADVANCED_FACE('',(#353),#396,.F.);
#353 = FACE_BOUND('',#354,.F.);
#354 = EDGE_LOOP('',(#355,#356,#357,#358,#366,#374,#382,#390));
#355 = ORIENTED_EDGE('',*,*,#182,.F.);
#356 = ORIENTED_EDGE('',*,*,#174,.T.);
#357 = ORIENTED_EDGE('',*,*,#166,.T.);
#358 = ORIENTED_EDGE('',*,*,#359,.T.);
#359 = EDGE_CURVE('',#158,#360,#362,.T.);
#360 = VERTEX_POINT('',#361);
#361 = CARTESIAN_POINT('',(0.5,-0.4,0.405));
#362 = LINE('',#363,#364);
#363 = CARTESIAN_POINT('',(-0.5,-0.4,0.405));
#364 = VECTOR('',#365,1.);
#365 = DIRECTION('',(1.,0.,0.));
#366 = ORIENTED_EDGE('',*,*,#367,.T.);
#367 = EDGE_CURVE('',#360,#368,#370,.T.);
#368 = VERTEX_POINT('',#369);
#369 = CARTESIAN_POINT('',(0.755,-0.4,0.405));
#370 = LINE('',#371,#372);
#371 = CARTESIAN_POINT('',(-0.755,-0.4,0.405));
#372 = VECTOR('',#373,1.);
#373 = DIRECTION('',(1.,0.,0.));
#374 = ORIENTED_EDGE('',*,*,#375,.F.);
#375 = EDGE_CURVE('',#376,#368,#378,.T.);
#376 = VERTEX_POINT('',#377);
#377 = CARTESIAN_POINT('',(0.755,-0.4,4.5E-02));
#378 = LINE('',#379,#380);
#379 = CARTESIAN_POINT('',(0.755,-0.4,4.5E-02));
#380 = VECTOR('',#381,1.);
#381 = DIRECTION('',(0.,0.,1.));
#382 = ORIENTED_EDGE('',*,*,#383,.F.);
#383 = EDGE_CURVE('',#384,#376,#386,.T.);
#384 = VERTEX_POINT('',#385);
#385 = CARTESIAN_POINT('',(0.5,-0.4,4.5E-02));
#386 = LINE('',#387,#388);
#387 = CARTESIAN_POINT('',(-0.755,-0.4,4.5E-02));
#388 = VECTOR('',#389,1.);
#389 = DIRECTION('',(1.,0.,0.));
#390 = ORIENTED_EDGE('',*,*,#391,.F.);
#391 = EDGE_CURVE('',#183,#384,#392,.T.);
#392 = LINE('',#393,#394);
#393 = CARTESIAN_POINT('',(-0.755,-0.4,4.5E-02));
#394 = VECTOR('',#395,1.);
#395 = DIRECTION('',(1.,0.,0.));
#396 = PLANE('',#397);
#397 = AXIS2_PLACEMENT_3D('',#398,#399,#400);
#398 = CARTESIAN_POINT('',(-0.755,-0.4,4.5E-02));
#399 = DIRECTION('',(0.,1.,0.));
#400 = DIRECTION('',(0.,-0.,1.));
#401 = ADVANCED_FACE('',(#402),#413,.T.);
#402 = FACE_BOUND('',#403,.T.);
#403 = EDGE_LOOP('',(#404,#405,#406,#407));
#404 = ORIENTED_EDGE('',*,*,#266,.F.);
#405 = ORIENTED_EDGE('',*,*,#231,.F.);
#406 = ORIENTED_EDGE('',*,*,#149,.T.);
#407 = ORIENTED_EDGE('',*,*,#408,.T.);
#408 = EDGE_CURVE('',#150,#267,#409,.T.);
#409 = LINE('',#410,#411);
#410 = CARTESIAN_POINT('',(-0.545,-0.4,0.45));
#411 = VECTOR('',#412,1.);
#412 = DIRECTION('',(0.,1.,0.));
#413 = PLANE('',#414);
#414 = AXIS2_PLACEMENT_3D('',#415,#416,#417);
#415 = CARTESIAN_POINT('',(-0.8,-0.4,0.45));
#416 = DIRECTION('',(0.,0.,1.));
#417 = DIRECTION('',(1.,0.,-0.));
#418 = ADVANCED_FACE('',(#419),#430,.T.);
#419 = FACE_BOUND('',#420,.T.);
#420 = EDGE_LOOP('',(#421,#427,#428,#429));
#421 = ORIENTED_EDGE('',*,*,#422,.T.);
#422 = EDGE_CURVE('',#158,#275,#423,.T.);
#423 = LINE('',#424,#425);
#424 = CARTESIAN_POINT('',(-0.5,-0.4,0.405));
#425 = VECTOR('',#426,1.);
#426 = DIRECTION('',(0.,1.,0.));
#427 = ORIENTED_EDGE('',*,*,#274,.T.);
#428 = ORIENTED_EDGE('',*,*,#408,.F.);
#429 = ORIENTED_EDGE('',*,*,#157,.F.);
#430 = CYLINDRICAL_SURFACE('',#431,4.5E-02);
#431 = AXIS2_PLACEMENT_3D('',#432,#433,#434);
#432 = CARTESIAN_POINT('',(-0.545,-0.4,0.405));
#433 = DIRECTION('',(0.,1.,0.));
#434 = DIRECTION('',(1.,0.,0.));
#435 = ADVANCED_FACE('',(#436),#479,.T.);
#436 = FACE_BOUND('',#437,.T.);
#437 = EDGE_LOOP('',(#438,#439,#440,#441,#449,#457,#465,#473));
#438 = ORIENTED_EDGE('',*,*,#299,.F.);
#439 = ORIENTED_EDGE('',*,*,#291,.T.);
#440 = ORIENTED_EDGE('',*,*,#283,.T.);
#441 = ORIENTED_EDGE('',*,*,#442,.T.);
#442 = EDGE_CURVE('',#275,#443,#445,.T.);
#443 = VERTEX_POINT('',#444);
#444 = CARTESIAN_POINT('',(0.5,0.4,0.405));
#445 = LINE('',#446,#447);
#446 = CARTESIAN_POINT('',(-0.5,0.4,0.405));
#447 = VECTOR('',#448,1.);
#448 = DIRECTION('',(1.,0.,0.));
#449 = ORIENTED_EDGE('',*,*,#450,.T.);
#450 = EDGE_CURVE('',#443,#451,#453,.T.);
#451 = VERTEX_POINT('',#452);
#452 = CARTESIAN_POINT('',(0.755,0.4,0.405));
#453 = LINE('',#454,#455);
#454 = CARTESIAN_POINT('',(-0.755,0.4,0.405));
#455 = VECTOR('',#456,1.);
#456 = DIRECTION('',(1.,0.,0.));
#457 = ORIENTED_EDGE('',*,*,#458,.F.);
#458 = EDGE_CURVE('',#459,#451,#461,.T.);
#459 = VERTEX_POINT('',#460);
#460 = CARTESIAN_POINT('',(0.755,0.4,4.5E-02));
#461 = LINE('',#462,#463);
#462 = CARTESIAN_POINT('',(0.755,0.4,4.5E-02));
#463 = VECTOR('',#464,1.);
#464 = DIRECTION('',(0.,0.,1.));
#465 = ORIENTED_EDGE('',*,*,#466,.F.);
#466 = EDGE_CURVE('',#467,#459,#469,.T.);
#467 = VERTEX_POINT('',#468);
#468 = CARTESIAN_POINT('',(0.5,0.4,4.5E-02));
#469 = LINE('',#470,#471);
#470 = CARTESIAN_POINT('',(-0.755,0.4,4.5E-02));
#471 = VECTOR('',#472,1.);
#472 = DIRECTION('',(1.,0.,0.));
#473 = ORIENTED_EDGE('',*,*,#474,.F.);
#474 = EDGE_CURVE('',#300,#467,#475,.T.);
#475 = LINE('',#476,#477);
#476 = CARTESIAN_POINT('',(-0.755,0.4,4.5E-02));
#477 = VECTOR('',#478,1.);
#478 = DIRECTION('',(1.,0.,0.));
#479 = PLANE('',#480);
#480 = AXIS2_PLACEMENT_3D('',#481,#482,#483);
#481 = CARTESIAN_POINT('',(-0.755,0.4,4.5E-02));
#482 = DIRECTION('',(0.,1.,0.));
#483 = DIRECTION('',(0.,-0.,1.));
#484 = ADVANCED_FACE('',(#485),#496,.F.);
#485 = FACE_BOUND('',#486,.F.);
#486 = EDGE_LOOP('',(#487,#488,#489,#495));
#487 = ORIENTED_EDGE('',*,*,#342,.F.);
#488 = ORIENTED_EDGE('',*,*,#391,.T.);
#489 = ORIENTED_EDGE('',*,*,#490,.T.);
#490 = EDGE_CURVE('',#384,#467,#491,.T.);
#491 = LINE('',#492,#493);
#492 = CARTESIAN_POINT('',(0.5,-0.4,4.5E-02));
#493 = VECTOR('',#494,1.);
#494 = DIRECTION('',(0.,1.,0.));
#495 = ORIENTED_EDGE('',*,*,#474,.F.);
#496 = PLANE('',#497);
#497 = AXIS2_PLACEMENT_3D('',#498,#499,#500);
#498 = CARTESIAN_POINT('',(-0.755,-0.4,4.5E-02));
#499 = DIRECTION('',(0.,0.,1.));
#500 = DIRECTION('',(1.,0.,-0.));
#501 = ADVANCED_FACE('',(#502),#565,.F.);
#502 = FACE_BOUND('',#503,.F.);
#503 = EDGE_LOOP('',(#504,#514,#521,#522,#523,#524,#533,#541,#550,#558)
  );
#504 = ORIENTED_EDGE('',*,*,#505,.F.);
#505 = EDGE_CURVE('',#506,#508,#510,.T.);
#506 = VERTEX_POINT('',#507);
#507 = CARTESIAN_POINT('',(0.545,-0.4,-2.775557561563E-17));
#508 = VERTEX_POINT('',#509);
#509 = CARTESIAN_POINT('',(0.755,-0.4,-2.775557561563E-17));
#510 = LINE('',#511,#512);
#511 = CARTESIAN_POINT('',(0.5,-0.4,0.));
#512 = VECTOR('',#513,1.);
#513 = DIRECTION('',(1.,0.,0.));
#514 = ORIENTED_EDGE('',*,*,#515,.F.);
#515 = EDGE_CURVE('',#384,#506,#516,.T.);
#516 = CIRCLE('',#517,4.5E-02);
#517 = AXIS2_PLACEMENT_3D('',#518,#519,#520);
#518 = CARTESIAN_POINT('',(0.545,-0.4,4.5E-02));
#519 = DIRECTION('',(0.,-1.,0.));
#520 = DIRECTION('',(0.,0.,1.));
#521 = ORIENTED_EDGE('',*,*,#383,.T.);
#522 = ORIENTED_EDGE('',*,*,#375,.T.);
#523 = ORIENTED_EDGE('',*,*,#367,.F.);
#524 = ORIENTED_EDGE('',*,*,#525,.T.);
#525 = EDGE_CURVE('',#360,#526,#528,.T.);
#526 = VERTEX_POINT('',#527);
#527 = CARTESIAN_POINT('',(0.545,-0.4,0.45));
#528 = CIRCLE('',#529,4.5E-02);
#529 = AXIS2_PLACEMENT_3D('',#530,#531,#532);
#530 = CARTESIAN_POINT('',(0.545,-0.4,0.405));
#531 = DIRECTION('',(0.,1.,0.));
#532 = DIRECTION('',(0.,-0.,1.));
#533 = ORIENTED_EDGE('',*,*,#534,.T.);
#534 = EDGE_CURVE('',#526,#535,#537,.T.);
#535 = VERTEX_POINT('',#536);
#536 = CARTESIAN_POINT('',(0.755,-0.4,0.45));
#537 = LINE('',#538,#539);
#538 = CARTESIAN_POINT('',(0.5,-0.4,0.45));
#539 = VECTOR('',#540,1.);
#540 = DIRECTION('',(1.,0.,0.));
#541 = ORIENTED_EDGE('',*,*,#542,.F.);
#542 = EDGE_CURVE('',#543,#535,#545,.T.);
#543 = VERTEX_POINT('',#544);
#544 = CARTESIAN_POINT('',(0.8,-0.4,0.405));
#545 = CIRCLE('',#546,4.5E-02);
#546 = AXIS2_PLACEMENT_3D('',#547,#548,#549);
#547 = CARTESIAN_POINT('',(0.755,-0.4,0.405));
#548 = DIRECTION('',(0.,-1.,0.));
#549 = DIRECTION('',(0.,0.,1.));
#550 = ORIENTED_EDGE('',*,*,#551,.F.);
#551 = EDGE_CURVE('',#552,#543,#554,.T.);
#552 = VERTEX_POINT('',#553);
#553 = CARTESIAN_POINT('',(0.8,-0.4,4.5E-02));
#554 = LINE('',#555,#556);
#555 = CARTESIAN_POINT('',(0.8,-0.4,0.));
#556 = VECTOR('',#557,1.);
#557 = DIRECTION('',(0.,0.,1.));
#558 = ORIENTED_EDGE('',*,*,#559,.T.);
#559 = EDGE_CURVE('',#552,#508,#560,.T.);
#560 = CIRCLE('',#561,4.5E-02);
#561 = AXIS2_PLACEMENT_3D('',#562,#563,#564);
#562 = CARTESIAN_POINT('',(0.755,-0.4,4.5E-02));
#563 = DIRECTION('',(0.,1.,0.));
#564 = DIRECTION('',(0.,-0.,1.));
#565 = PLANE('',#566);
#566 = AXIS2_PLACEMENT_3D('',#567,#568,#569);
#567 = CARTESIAN_POINT('',(0.5,-0.4,0.));
#568 = DIRECTION('',(0.,1.,0.));
#569 = DIRECTION('',(0.,-0.,1.));
#570 = ADVANCED_FACE('',(#571),#596,.F.);
#571 = FACE_BOUND('',#572,.F.);
#572 = EDGE_LOOP('',(#573,#574,#582,#590));
#573 = ORIENTED_EDGE('',*,*,#359,.F.);
#574 = ORIENTED_EDGE('',*,*,#575,.T.);
#575 = EDGE_CURVE('',#158,#576,#578,.T.);
#576 = VERTEX_POINT('',#577);
#577 = CARTESIAN_POINT('',(-0.5,-0.4,0.45));
#578 = LINE('',#579,#580);
#579 = CARTESIAN_POINT('',(-0.5,-0.4,0.405));
#580 = VECTOR('',#581,1.);
#581 = DIRECTION('',(0.,0.,1.));
#582 = ORIENTED_EDGE('',*,*,#583,.T.);
#583 = EDGE_CURVE('',#576,#584,#586,.T.);
#584 = VERTEX_POINT('',#585);
#585 = CARTESIAN_POINT('',(0.5,-0.4,0.45));
#586 = LINE('',#587,#588);
#587 = CARTESIAN_POINT('',(-0.5,-0.4,0.45));
#588 = VECTOR('',#589,1.);
#589 = DIRECTION('',(1.,0.,0.));
#590 = ORIENTED_EDGE('',*,*,#591,.F.);
#591 = EDGE_CURVE('',#360,#584,#592,.T.);
#592 = LINE('',#593,#594);
#593 = CARTESIAN_POINT('',(0.5,-0.4,0.405));
#594 = VECTOR('',#595,1.);
#595 = DIRECTION('',(0.,0.,1.));
#596 = PLANE('',#597);
#597 = AXIS2_PLACEMENT_3D('',#598,#599,#600);
#598 = CARTESIAN_POINT('',(-0.5,-0.4,0.405));
#599 = DIRECTION('',(0.,1.,0.));
#600 = DIRECTION('',(0.,-0.,1.));
#601 = ADVANCED_FACE('',(#602),#620,.F.);
#602 = FACE_BOUND('',#603,.F.);
#603 = EDGE_LOOP('',(#604,#605,#606,#614));
#604 = ORIENTED_EDGE('',*,*,#575,.F.);
#605 = ORIENTED_EDGE('',*,*,#422,.T.);
#606 = ORIENTED_EDGE('',*,*,#607,.T.);
#607 = EDGE_CURVE('',#275,#608,#610,.T.);
#608 = VERTEX_POINT('',#609);
#609 = CARTESIAN_POINT('',(-0.5,0.4,0.45));
#610 = LINE('',#611,#612);
#611 = CARTESIAN_POINT('',(-0.5,0.4,0.405));
#612 = VECTOR('',#613,1.);
#613 = DIRECTION('',(0.,0.,1.));
#614 = ORIENTED_EDGE('',*,*,#615,.F.);
#615 = EDGE_CURVE('',#576,#608,#616,.T.);
#616 = LINE('',#617,#618);
#617 = CARTESIAN_POINT('',(-0.5,-0.4,0.45));
#618 = VECTOR('',#619,1.);
#619 = DIRECTION('',(0.,1.,0.));
#620 = PLANE('',#621);
#621 = AXIS2_PLACEMENT_3D('',#622,#623,#624);
#622 = CARTESIAN_POINT('',(-0.5,-0.4,0.405));
#623 = DIRECTION('',(1.,0.,0.));
#624 = DIRECTION('',(0.,0.,1.));
#625 = ADVANCED_FACE('',(#626),#689,.T.);
#626 = FACE_BOUND('',#627,.T.);
#627 = EDGE_LOOP('',(#628,#638,#645,#646,#647,#648,#657,#665,#674,#682)
  );
#628 = ORIENTED_EDGE('',*,*,#629,.F.);
#629 = EDGE_CURVE('',#630,#632,#634,.T.);
#630 = VERTEX_POINT('',#631);
#631 = CARTESIAN_POINT('',(0.545,0.4,-2.775557561563E-17));
#632 = VERTEX_POINT('',#633);
#633 = CARTESIAN_POINT('',(0.755,0.4,-2.775557561563E-17));
#634 = LINE('',#635,#636);
#635 = CARTESIAN_POINT('',(0.5,0.4,0.));
#636 = VECTOR('',#637,1.);
#637 = DIRECTION('',(1.,0.,0.));
#638 = ORIENTED_EDGE('',*,*,#639,.F.);
#639 = EDGE_CURVE('',#467,#630,#640,.T.);
#640 = CIRCLE('',#641,4.5E-02);
#641 = AXIS2_PLACEMENT_3D('',#642,#643,#644);
#642 = CARTESIAN_POINT('',(0.545,0.4,4.5E-02));
#643 = DIRECTION('',(0.,-1.,0.));
#644 = DIRECTION('',(0.,0.,1.));
#645 = ORIENTED_EDGE('',*,*,#466,.T.);
#646 = ORIENTED_EDGE('',*,*,#458,.T.);
#647 = ORIENTED_EDGE('',*,*,#450,.F.);
#648 = ORIENTED_EDGE('',*,*,#649,.T.);
#649 = EDGE_CURVE('',#443,#650,#652,.T.);
#650 = VERTEX_POINT('',#651);
#651 = CARTESIAN_POINT('',(0.545,0.4,0.45));
#652 = CIRCLE('',#653,4.5E-02);
#653 = AXIS2_PLACEMENT_3D('',#654,#655,#656);
#654 = CARTESIAN_POINT('',(0.545,0.4,0.405));
#655 = DIRECTION('',(0.,1.,0.));
#656 = DIRECTION('',(0.,-0.,1.));
#657 = ORIENTED_EDGE('',*,*,#658,.T.);
#658 = EDGE_CURVE('',#650,#659,#661,.T.);
#659 = VERTEX_POINT('',#660);
#660 = CARTESIAN_POINT('',(0.755,0.4,0.45));
#661 = LINE('',#662,#663);
#662 = CARTESIAN_POINT('',(0.5,0.4,0.45));
#663 = VECTOR('',#664,1.);
#664 = DIRECTION('',(1.,0.,0.));
#665 = ORIENTED_EDGE('',*,*,#666,.F.);
#666 = EDGE_CURVE('',#667,#659,#669,.T.);
#667 = VERTEX_POINT('',#668);
#668 = CARTESIAN_POINT('',(0.8,0.4,0.405));
#669 = CIRCLE('',#670,4.5E-02);
#670 = AXIS2_PLACEMENT_3D('',#671,#672,#673);
#671 = CARTESIAN_POINT('',(0.755,0.4,0.405));
#672 = DIRECTION('',(0.,-1.,0.));
#673 = DIRECTION('',(0.,0.,1.));
#674 = ORIENTED_EDGE('',*,*,#675,.F.);
#675 = EDGE_CURVE('',#676,#667,#678,.T.);
#676 = VERTEX_POINT('',#677);
#677 = CARTESIAN_POINT('',(0.8,0.4,4.5E-02));
#678 = LINE('',#679,#680);
#679 = CARTESIAN_POINT('',(0.8,0.4,0.));
#680 = VECTOR('',#681,1.);
#681 = DIRECTION('',(0.,0.,1.));
#682 = ORIENTED_EDGE('',*,*,#683,.T.);
#683 = EDGE_CURVE('',#676,#632,#684,.T.);
#684 = CIRCLE('',#685,4.5E-02);
#685 = AXIS2_PLACEMENT_3D('',#686,#687,#688);
#686 = CARTESIAN_POINT('',(0.755,0.4,4.5E-02));
#687 = DIRECTION('',(0.,1.,0.));
#688 = DIRECTION('',(0.,-0.,1.));
#689 = PLANE('',#690);
#690 = AXIS2_PLACEMENT_3D('',#691,#692,#693);
#691 = CARTESIAN_POINT('',(0.5,0.4,0.));
#692 = DIRECTION('',(0.,1.,0.));
#693 = DIRECTION('',(0.,-0.,1.));
#694 = ADVANCED_FACE('',(#695),#713,.T.);
#695 = FACE_BOUND('',#696,.T.);
#696 = EDGE_LOOP('',(#697,#698,#699,#707));
#697 = ORIENTED_EDGE('',*,*,#442,.F.);
#698 = ORIENTED_EDGE('',*,*,#607,.T.);
#699 = ORIENTED_EDGE('',*,*,#700,.T.);
#700 = EDGE_CURVE('',#608,#701,#703,.T.);
#701 = VERTEX_POINT('',#702);
#702 = CARTESIAN_POINT('',(0.5,0.4,0.45));
#703 = LINE('',#704,#705);
#704 = CARTESIAN_POINT('',(-0.5,0.4,0.45));
#705 = VECTOR('',#706,1.);
#706 = DIRECTION('',(1.,0.,0.));
#707 = ORIENTED_EDGE('',*,*,#708,.F.);
#708 = EDGE_CURVE('',#443,#701,#709,.T.);
#709 = LINE('',#710,#711);
#710 = CARTESIAN_POINT('',(0.5,0.4,0.405));
#711 = VECTOR('',#712,1.);
#712 = DIRECTION('',(0.,0.,1.));
#713 = PLANE('',#714);
#714 = AXIS2_PLACEMENT_3D('',#715,#716,#717);
#715 = CARTESIAN_POINT('',(-0.5,0.4,0.405));
#716 = DIRECTION('',(0.,1.,0.));
#717 = DIRECTION('',(0.,-0.,1.));
#718 = ADVANCED_FACE('',(#719),#730,.T.);
#719 = FACE_BOUND('',#720,.T.);
#720 = EDGE_LOOP('',(#721,#722,#723,#729));
#721 = ORIENTED_EDGE('',*,*,#490,.T.);
#722 = ORIENTED_EDGE('',*,*,#639,.T.);
#723 = ORIENTED_EDGE('',*,*,#724,.F.);
#724 = EDGE_CURVE('',#506,#630,#725,.T.);
#725 = LINE('',#726,#727);
#726 = CARTESIAN_POINT('',(0.545,-0.4,-2.775557561563E-17));
#727 = VECTOR('',#728,1.);
#728 = DIRECTION('',(0.,1.,0.));
#729 = ORIENTED_EDGE('',*,*,#515,.F.);
#730 = CYLINDRICAL_SURFACE('',#731,4.5E-02);
#731 = AXIS2_PLACEMENT_3D('',#732,#733,#734);
#732 = CARTESIAN_POINT('',(0.545,-0.4,4.5E-02));
#733 = DIRECTION('',(0.,1.,0.));
#734 = DIRECTION('',(-1.,0.,0.));
#735 = ADVANCED_FACE('',(#736),#747,.F.);
#736 = FACE_BOUND('',#737,.F.);
#737 = EDGE_LOOP('',(#738,#739,#740,#741));
#738 = ORIENTED_EDGE('',*,*,#629,.F.);
#739 = ORIENTED_EDGE('',*,*,#724,.F.);
#740 = ORIENTED_EDGE('',*,*,#505,.T.);
#741 = ORIENTED_EDGE('',*,*,#742,.T.);
#742 = EDGE_CURVE('',#508,#632,#743,.T.);
#743 = LINE('',#744,#745);
#744 = CARTESIAN_POINT('',(0.755,-0.4,-2.775557561563E-17));
#745 = VECTOR('',#746,1.);
#746 = DIRECTION('',(0.,1.,0.));
#747 = PLANE('',#748);
#748 = AXIS2_PLACEMENT_3D('',#749,#750,#751);
#749 = CARTESIAN_POINT('',(0.5,-0.4,0.));
#750 = DIRECTION('',(0.,0.,1.));
#751 = DIRECTION('',(1.,0.,-0.));
#752 = ADVANCED_FACE('',(#753),#764,.T.);
#753 = FACE_BOUND('',#754,.T.);
#754 = EDGE_LOOP('',(#755,#756,#757,#758));
#755 = ORIENTED_EDGE('',*,*,#559,.T.);
#756 = ORIENTED_EDGE('',*,*,#742,.T.);
#757 = ORIENTED_EDGE('',*,*,#683,.F.);
#758 = ORIENTED_EDGE('',*,*,#759,.F.);
#759 = EDGE_CURVE('',#552,#676,#760,.T.);
#760 = LINE('',#761,#762);
#761 = CARTESIAN_POINT('',(0.8,-0.4,4.5E-02));
#762 = VECTOR('',#763,1.);
#763 = DIRECTION('',(0.,1.,0.));
#764 = CYLINDRICAL_SURFACE('',#765,4.5E-02);
#765 = AXIS2_PLACEMENT_3D('',#766,#767,#768);
#766 = CARTESIAN_POINT('',(0.755,-0.4,4.5E-02));
#767 = DIRECTION('',(0.,1.,0.));
#768 = DIRECTION('',(1.,0.,0.));
#769 = ADVANCED_FACE('',(#770),#781,.T.);
#770 = FACE_BOUND('',#771,.T.);
#771 = EDGE_LOOP('',(#772,#773,#774,#775));
#772 = ORIENTED_EDGE('',*,*,#551,.F.);
#773 = ORIENTED_EDGE('',*,*,#759,.T.);
#774 = ORIENTED_EDGE('',*,*,#675,.T.);
#775 = ORIENTED_EDGE('',*,*,#776,.F.);
#776 = EDGE_CURVE('',#543,#667,#777,.T.);
#777 = LINE('',#778,#779);
#778 = CARTESIAN_POINT('',(0.8,-0.4,0.405));
#779 = VECTOR('',#780,1.);
#780 = DIRECTION('',(0.,1.,0.));
#781 = PLANE('',#782);
#782 = AXIS2_PLACEMENT_3D('',#783,#784,#785);
#783 = CARTESIAN_POINT('',(0.8,-0.4,0.));
#784 = DIRECTION('',(1.,0.,0.));
#785 = DIRECTION('',(0.,0.,1.));
#786 = ADVANCED_FACE('',(#787),#798,.T.);
#787 = FACE_BOUND('',#788,.T.);
#788 = EDGE_LOOP('',(#789,#790,#791,#797));
#789 = ORIENTED_EDGE('',*,*,#776,.T.);
#790 = ORIENTED_EDGE('',*,*,#666,.T.);
#791 = ORIENTED_EDGE('',*,*,#792,.F.);
#792 = EDGE_CURVE('',#535,#659,#793,.T.);
#793 = LINE('',#794,#795);
#794 = CARTESIAN_POINT('',(0.755,-0.4,0.45));
#795 = VECTOR('',#796,1.);
#796 = DIRECTION('',(0.,1.,0.));
#797 = ORIENTED_EDGE('',*,*,#542,.F.);
#798 = CYLINDRICAL_SURFACE('',#799,4.5E-02);
#799 = AXIS2_PLACEMENT_3D('',#800,#801,#802);
#800 = CARTESIAN_POINT('',(0.755,-0.4,0.405));
#801 = DIRECTION('',(0.,1.,0.));
#802 = DIRECTION('',(1.,0.,0.));
#803 = ADVANCED_FACE('',(#804),#815,.T.);
#804 = FACE_BOUND('',#805,.T.);
#805 = EDGE_LOOP('',(#806,#807,#813,#814));
#806 = ORIENTED_EDGE('',*,*,#658,.F.);
#807 = ORIENTED_EDGE('',*,*,#808,.F.);
#808 = EDGE_CURVE('',#526,#650,#809,.T.);
#809 = LINE('',#810,#811);
#810 = CARTESIAN_POINT('',(0.545,-0.4,0.45));
#811 = VECTOR('',#812,1.);
#812 = DIRECTION('',(0.,1.,0.));
#813 = ORIENTED_EDGE('',*,*,#534,.T.);
#814 = ORIENTED_EDGE('',*,*,#792,.T.);
#815 = PLANE('',#816);
#816 = AXIS2_PLACEMENT_3D('',#817,#818,#819);
#817 = CARTESIAN_POINT('',(0.5,-0.4,0.45));
#818 = DIRECTION('',(0.,0.,1.));
#819 = DIRECTION('',(1.,0.,-0.));
#820 = ADVANCED_FACE('',(#821),#832,.T.);
#821 = FACE_BOUND('',#822,.T.);
#822 = EDGE_LOOP('',(#823,#824,#825,#826));
#823 = ORIENTED_EDGE('',*,*,#525,.T.);
#824 = ORIENTED_EDGE('',*,*,#808,.T.);
#825 = ORIENTED_EDGE('',*,*,#649,.F.);
#826 = ORIENTED_EDGE('',*,*,#827,.F.);
#827 = EDGE_CURVE('',#360,#443,#828,.T.);
#828 = LINE('',#829,#830);
#829 = CARTESIAN_POINT('',(0.5,-0.4,0.405));
#830 = VECTOR('',#831,1.);
#831 = DIRECTION('',(0.,1.,0.));
#832 = CYLINDRICAL_SURFACE('',#833,4.5E-02);
#833 = AXIS2_PLACEMENT_3D('',#834,#835,#836);
#834 = CARTESIAN_POINT('',(0.545,-0.4,0.405));
#835 = DIRECTION('',(0.,1.,0.));
#836 = DIRECTION('',(-1.,0.,0.));
#837 = ADVANCED_FACE('',(#838),#849,.T.);
#838 = FACE_BOUND('',#839,.T.);
#839 = EDGE_LOOP('',(#840,#841,#842,#843));
#840 = ORIENTED_EDGE('',*,*,#591,.F.);
#841 = ORIENTED_EDGE('',*,*,#827,.T.);
#842 = ORIENTED_EDGE('',*,*,#708,.T.);
#843 = ORIENTED_EDGE('',*,*,#844,.F.);
#844 = EDGE_CURVE('',#584,#701,#845,.T.);
#845 = LINE('',#846,#847);
#846 = CARTESIAN_POINT('',(0.5,-0.4,0.45));
#847 = VECTOR('',#848,1.);
#848 = DIRECTION('',(0.,1.,0.));
#849 = PLANE('',#850);
#850 = AXIS2_PLACEMENT_3D('',#851,#852,#853);
#851 = CARTESIAN_POINT('',(0.5,-0.4,0.405));
#852 = DIRECTION('',(1.,0.,0.));
#853 = DIRECTION('',(0.,0.,1.));
#854 = ADVANCED_FACE('',(#855),#861,.T.);
#855 = FACE_BOUND('',#856,.T.);
#856 = EDGE_LOOP('',(#857,#858,#859,#860));
#857 = ORIENTED_EDGE('',*,*,#615,.F.);
#858 = ORIENTED_EDGE('',*,*,#583,.T.);
#859 = ORIENTED_EDGE('',*,*,#844,.T.);
#860 = ORIENTED_EDGE('',*,*,#700,.F.);
#861 = PLANE('',#862);
#862 = AXIS2_PLACEMENT_3D('',#863,#864,#865);
#863 = CARTESIAN_POINT('',(-0.5,-0.4,0.45));
#864 = DIRECTION('',(0.,0.,1.));
#865 = DIRECTION('',(1.,0.,-0.));
#866 = ( GEOMETRIC_REPRESENTATION_CONTEXT(3) 
GLOBAL_UNCERTAINTY_ASSIGNED_CONTEXT((#870)) GLOBAL_UNIT_ASSIGNED_CONTEXT
((#867,#868,#869)) REPRESENTATION_CONTEXT('Context #1',
  '3D Context with UNIT and UNCERTAINTY') );
#867 = ( LENGTH_UNIT() NAMED_UNIT(*) SI_UNIT(.MILLI.,.METRE.) );
#868 = ( NAMED_UNIT(*) PLANE_ANGLE_UNIT() SI_UNIT($,.RADIAN.) );
#869 = ( NAMED_UNIT(*) SI_UNIT($,.STERADIAN.) SOLID_ANGLE_UNIT() );
#870 = UNCERTAINTY_MEASURE_WITH_UNIT(LENGTH_MEASURE(1.E-07),#867,
  'distance_accuracy_value','confusion accuracy');
#871 = CONTEXT_DEPENDENT_SHAPE_REPRESENTATION(#872,#874);
#872 = ( REPRESENTATION_RELATIONSHIP('','',#75,#52) 
REPRESENTATION_RELATIONSHIP_WITH_TRANSFORMATION(#873) 
SHAPE_REPRESENTATION_RELATIONSHIP() );
#873 = ITEM_DEFINED_TRANSFORMATION('','',#11,#53);
#874 = PRODUCT_DEFINITION_SHAPE('Placement','Placement of an item',#875
  );
#875 = NEXT_ASSEMBLY_USAGE_OCCURRENCE('1','=>[0:1:1:3]','',#47,#70,$);
#876 = PRODUCT_RELATED_PRODUCT_CATEGORY('part',$,(#72));
#877 = SHAPE_DEFINITION_REPRESENTATION(#878,#884);
#878 = PRODUCT_DEFINITION_SHAPE('','',#879);
#879 = PRODUCT_DEFINITION('design','',#880,#883);
#880 = PRODUCT_DEFINITION_FORMATION('','',#881);
#881 = PRODUCT('PinHeader_1x03_P2.54mm_Vertical',
  'PinHeader_1x03_P2.54mm_Vertical','',(#882));
#882 = PRODUCT_CONTEXT('',#2,'mechanical');
#883 = PRODUCT_DEFINITION_CONTEXT('part definition',#2,'design');
#884 = SHAPE_REPRESENTATION('',(#11,#885),#889);
#885 = AXIS2_PLACEMENT_3D('',#886,#887,#888);
#886 = CARTESIAN_POINT('',(0.,0.,0.));
#887 = DIRECTION('',(0.,0.,1.));
#888 = DIRECTION('',(1.,0.,-0.));
#889 = ( GEOMETRIC_REPRESENTATION_CONTEXT(3) 
GLOBAL_UNCERTAINTY_ASSIGNED_CONTEXT((#893)) GLOBAL_UNIT_ASSIGNED_CONTEXT
((#890,#891,#892)) REPRESENTATION_CONTEXT('Context #1',
  '3D Context with UNIT and UNCERTAINTY') );
#890 = ( LENGTH_UNIT() NAMED_UNIT(*) SI_UNIT(.MILLI.,.METRE.) );
#891 = ( NAMED_UNIT(*) PLANE_ANGLE_UNIT() SI_UNIT($,.RADIAN.) );
#892 = ( NAMED_UNIT(*) SI_UNIT($,.STERADIAN.) SOLID_ANGLE_UNIT() );
#893 = UNCERTAINTY_MEASURE_WITH_UNIT(LENGTH_MEASURE(1.E-07),#890,
  'distance_accuracy_value','confusion accuracy');
#894 = CONTEXT_DEPENDENT_SHAPE_REPRESENTATION(#895,#897);
#895 = ( REPRESENTATION_RELATIONSHIP('','',#884,#10) 
REPRESENTATION_RELATIONSHIP_WITH_TRANSFORMATION(#896) 
SHAPE_REPRESENTATION_RELATIONSHIP() );
#896 = ITEM_DEFINED_TRANSFORMATION('','',#11,#19);
#897 = PRODUCT_DEFINITION_SHAPE('Placement','Placement of an item',#898
  );
#898 = NEXT_ASSEMBLY_USAGE_OCCURRENCE('4','SW1','',#5,#879,$);
#899 = PRODUCT_RELATED_PRODUCT_CATEGORY('part',$,(#881));
#900 = SHAPE_DEFINITION_REPRESENTATION(#901,#907);
#901 = PRODUCT_DEFINITION_SHAPE('','',#902);
#902 = PRODUCT_DEFINITION('design','',#903,#906);
#903 = PRODUCT_DEFINITION_FORMATION('','',#904);
#904 = PRODUCT('PinHeader_1x03_P254mm_Vertical',
  'PinHeader_1x03_P254mm_Vertical','',(#905));
#905 = PRODUCT_CONTEXT('',#2,'mechanical');
#906 = PRODUCT_DEFINITION_CONTEXT('part definition',#2,'design');
#907 = ADVANCED_BREP_SHAPE_REPRESENTATION('',(#11,#908),#3014);
#908 = MANIFOLD_SOLID_BREP('',#909);
#909 = CLOSED_SHELL('',(#910,#950,#981,#1012,#1259,#1506,#1523,#1540,
    #1557,#1574,#1591,#1608,#1625,#1642,#1659,#1676,#1693,#1710,#1727,
    #1744,#1761,#1778,#1790,#1821,#1845,#1869,#1886,#1917,#1941,#1965,
    #1982,#2013,#2037,#2061,#2078,#2109,#2133,#2157,#2174,#2205,#2229,
    #2253,#2270,#2301,#2325,#2349,#2366,#2397,#2421,#2445,#2462,#2493,
    #2517,#2541,#2558,#2589,#2613,#2637,#2654,#2685,#2709,#2733,#2750,
    #2781,#2805,#2829,#2846,#2877,#2901,#2925,#2942,#2954,#2966,#2978,
    #2990,#3002));
#910 = ADVANCED_FACE('',(#911),#945,.F.);
#911 = FACE_BOUND('',#912,.F.);
#912 = EDGE_LOOP('',(#913,#923,#931,#939));
#913 = ORIENTED_EDGE('',*,*,#914,.T.);
#914 = EDGE_CURVE('',#915,#917,#919,.T.);
#915 = VERTEX_POINT('',#916);
#916 = CARTESIAN_POINT('',(-1.016,1.27,0.));
#917 = VERTEX_POINT('',#918);
#918 = CARTESIAN_POINT('',(-1.016,1.27,2.54));
#919 = LINE('',#920,#921);
#920 = CARTESIAN_POINT('',(-1.016,1.27,0.));
#921 = VECTOR('',#922,1.);
#922 = DIRECTION('',(0.,0.,1.));
#923 = ORIENTED_EDGE('',*,*,#924,.T.);
#924 = EDGE_CURVE('',#917,#925,#927,.T.);
#925 = VERTEX_POINT('',#926);
#926 = CARTESIAN_POINT('',(-1.27,1.016,2.54));
#927 = LINE('',#928,#929);
#928 = CARTESIAN_POINT('',(-1.016,1.27,2.54));
#929 = VECTOR('',#930,1.);
#930 = DIRECTION('',(-0.707106781187,-0.707106781187,0.));
#931 = ORIENTED_EDGE('',*,*,#932,.F.);
#932 = EDGE_CURVE('',#933,#925,#935,.T.);
#933 = VERTEX_POINT('',#934);
#934 = CARTESIAN_POINT('',(-1.27,1.016,0.));
#935 = LINE('',#936,#937);
#936 = CARTESIAN_POINT('',(-1.27,1.016,0.));
#937 = VECTOR('',#938,1.);
#938 = DIRECTION('',(0.,0.,1.));
#939 = ORIENTED_EDGE('',*,*,#940,.F.);
#940 = EDGE_CURVE('',#915,#933,#941,.T.);
#941 = LINE('',#942,#943);
#942 = CARTESIAN_POINT('',(-1.016,1.27,0.));
#943 = VECTOR('',#944,1.);
#944 = DIRECTION('',(-0.707106781187,-0.707106781187,0.));
#945 = PLANE('',#946);
#946 = AXIS2_PLACEMENT_3D('',#947,#948,#949);
#947 = CARTESIAN_POINT('',(-1.016,1.27,0.));
#948 = DIRECTION('',(0.707106781187,-0.707106781187,0.));
#949 = DIRECTION('',(-0.707106781187,-0.707106781187,0.));
#950 = ADVANCED_FACE('',(#951),#976,.F.);
#951 = FACE_BOUND('',#952,.F.);
#952 = EDGE_LOOP('',(#953,#963,#969,#970));
#953 = ORIENTED_EDGE('',*,*,#954,.T.);
#954 = EDGE_CURVE('',#955,#957,#959,.T.);
#955 = VERTEX_POINT('',#956);
#956 = CARTESIAN_POINT('',(1.016,1.27,0.));
#957 = VERTEX_POINT('',#958);
#958 = CARTESIAN_POINT('',(1.016,1.27,2.54));
#959 = LINE('',#960,#961);
#960 = CARTESIAN_POINT('',(1.016,1.27,0.));
#961 = VECTOR('',#962,1.);
#962 = DIRECTION('',(0.,0.,1.));
#963 = ORIENTED_EDGE('',*,*,#964,.T.);
#964 = EDGE_CURVE('',#957,#917,#965,.T.);
#965 = LINE('',#966,#967);
#966 = CARTESIAN_POINT('',(1.016,1.27,2.54));
#967 = VECTOR('',#968,1.);
#968 = DIRECTION('',(-1.,0.,0.));
#969 = ORIENTED_EDGE('',*,*,#914,.F.);
#970 = ORIENTED_EDGE('',*,*,#971,.F.);
#971 = EDGE_CURVE('',#955,#915,#972,.T.);
#972 = LINE('',#973,#974);
#973 = CARTESIAN_POINT('',(1.016,1.27,0.));
#974 = VECTOR('',#975,1.);
#975 = DIRECTION('',(-1.,0.,0.));
#976 = PLANE('',#977);
#977 = AXIS2_PLACEMENT_3D('',#978,#979,#980);
#978 = CARTESIAN_POINT('',(1.016,1.27,0.));
#979 = DIRECTION('',(0.,-1.,0.));
#980 = DIRECTION('',(-1.,0.,0.));
#981 = ADVANCED_FACE('',(#982),#1007,.F.);
#982 = FACE_BOUND('',#983,.F.);
#983 = EDGE_LOOP('',(#984,#985,#993,#1001));
#984 = ORIENTED_EDGE('',*,*,#932,.T.);
#985 = ORIENTED_EDGE('',*,*,#986,.T.);
#986 = EDGE_CURVE('',#925,#987,#989,.T.);
#987 = VERTEX_POINT('',#988);
#988 = CARTESIAN_POINT('',(-1.27,-1.016,2.54));
#989 = LINE('',#990,#991);
#990 = CARTESIAN_POINT('',(-1.27,1.016,2.54));
#991 = VECTOR('',#992,1.);
#992 = DIRECTION('',(0.,-1.,0.));
#993 = ORIENTED_EDGE('',*,*,#994,.F.);
#994 = EDGE_CURVE('',#995,#987,#997,.T.);
#995 = VERTEX_POINT('',#996);
#996 = CARTESIAN_POINT('',(-1.27,-1.016,0.));
#997 = LINE('',#998,#999);
#998 = CARTESIAN_POINT('',(-1.27,-1.016,0.));
#999 = VECTOR('',#1000,1.);
#1000 = DIRECTION('',(0.,0.,1.));
#1001 = ORIENTED_EDGE('',*,*,#1002,.F.);
#1002 = EDGE_CURVE('',#933,#995,#1003,.T.);
#1003 = LINE('',#1004,#1005);
#1004 = CARTESIAN_POINT('',(-1.27,1.016,0.));
#1005 = VECTOR('',#1006,1.);
#1006 = DIRECTION('',(0.,-1.,0.));
#1007 = PLANE('',#1008);
#1008 = AXIS2_PLACEMENT_3D('',#1009,#1010,#1011);
#1009 = CARTESIAN_POINT('',(-1.27,1.016,0.));
#1010 = DIRECTION('',(1.,0.,0.));
#1011 = DIRECTION('',(0.,-1.,0.));
#1012 = ADVANCED_FACE('',(#1013,#1152,#1186,#1220),#1254,.F.);
#1013 = FACE_BOUND('',#1014,.F.);
#1014 = EDGE_LOOP('',(#1015,#1016,#1017,#1025,#1033,#1041,#1049,#1057,
    #1065,#1073,#1081,#1089,#1097,#1105,#1113,#1121,#1129,#1137,#1145,
    #1151));
#1015 = ORIENTED_EDGE('',*,*,#940,.T.);
#1016 = ORIENTED_EDGE('',*,*,#1002,.T.);
#1017 = ORIENTED_EDGE('',*,*,#1018,.T.);
#1018 = EDGE_CURVE('',#995,#1019,#1021,.T.);
#1019 = VERTEX_POINT('',#1020);
#1020 = CARTESIAN_POINT('',(-1.016,-1.27,0.));
#1021 = LINE('',#1022,#1023);
#1022 = CARTESIAN_POINT('',(-1.27,-1.016,0.));
#1023 = VECTOR('',#1024,1.);
#1024 = DIRECTION('',(0.707106781187,-0.707106781187,0.));
#1025 = ORIENTED_EDGE('',*,*,#1026,.T.);
#1026 = EDGE_CURVE('',#1019,#1027,#1029,.T.);
#1027 = VERTEX_POINT('',#1028);
#1028 = CARTESIAN_POINT('',(-1.27,-1.524,0.));
#1029 = LINE('',#1030,#1031);
#1030 = CARTESIAN_POINT('',(-1.016,-1.27,0.));
#1031 = VECTOR('',#1032,1.);
#1032 = DIRECTION('',(-0.707106781187,-0.707106781187,0.));
#1033 = ORIENTED_EDGE('',*,*,#1034,.T.);
#1034 = EDGE_CURVE('',#1027,#1035,#1037,.T.);
#1035 = VERTEX_POINT('',#1036);
#1036 = CARTESIAN_POINT('',(-1.27,-3.556,0.));
#1037 = LINE('',#1038,#1039);
#1038 = CARTESIAN_POINT('',(-1.27,-1.524,0.));
#1039 = VECTOR('',#1040,1.);
#1040 = DIRECTION('',(0.,-1.,0.));
#1041 = ORIENTED_EDGE('',*,*,#1042,.T.);
#1042 = EDGE_CURVE('',#1035,#1043,#1045,.T.);
#1043 = VERTEX_POINT('',#1044);
#1044 = CARTESIAN_POINT('',(-1.016,-3.81,0.));
#1045 = LINE('',#1046,#1047);
#1046 = CARTESIAN_POINT('',(-1.27,-3.556,0.));
#1047 = VECTOR('',#1048,1.);
#1048 = DIRECTION('',(0.707106781187,-0.707106781187,0.));
#1049 = ORIENTED_EDGE('',*,*,#1050,.T.);
#1050 = EDGE_CURVE('',#1043,#1051,#1053,.T.);
#1051 = VERTEX_POINT('',#1052);
#1052 = CARTESIAN_POINT('',(-1.27,-4.064,0.));
#1053 = LINE('',#1054,#1055);
#1054 = CARTESIAN_POINT('',(-1.016,-3.81,0.));
#1055 = VECTOR('',#1056,1.);
#1056 = DIRECTION('',(-0.707106781187,-0.707106781187,0.));
#1057 = ORIENTED_EDGE('',*,*,#1058,.T.);
#1058 = EDGE_CURVE('',#1051,#1059,#1061,.T.);
#1059 = VERTEX_POINT('',#1060);
#1060 = CARTESIAN_POINT('',(-1.27,-6.096,0.));
#1061 = LINE('',#1062,#1063);
#1062 = CARTESIAN_POINT('',(-1.27,-4.064,0.));
#1063 = VECTOR('',#1064,1.);
#1064 = DIRECTION('',(0.,-1.,0.));
#1065 = ORIENTED_EDGE('',*,*,#1066,.T.);
#1066 = EDGE_CURVE('',#1059,#1067,#1069,.T.);
#1067 = VERTEX_POINT('',#1068);
#1068 = CARTESIAN_POINT('',(-1.016,-6.35,0.));
#1069 = LINE('',#1070,#1071);
#1070 = CARTESIAN_POINT('',(-1.27,-6.096,0.));
#1071 = VECTOR('',#1072,1.);
#1072 = DIRECTION('',(0.707106781187,-0.707106781187,0.));
#1073 = ORIENTED_EDGE('',*,*,#1074,.T.);
#1074 = EDGE_CURVE('',#1067,#1075,#1077,.T.);
#1075 = VERTEX_POINT('',#1076);
#1076 = CARTESIAN_POINT('',(1.016,-6.35,0.));
#1077 = LINE('',#1078,#1079);
#1078 = CARTESIAN_POINT('',(-1.016,-6.35,0.));
#1079 = VECTOR('',#1080,1.);
#1080 = DIRECTION('',(1.,0.,0.));
#1081 = ORIENTED_EDGE('',*,*,#1082,.T.);
#1082 = EDGE_CURVE('',#1075,#1083,#1085,.T.);
#1083 = VERTEX_POINT('',#1084);
#1084 = CARTESIAN_POINT('',(1.27,-6.096,0.));
#1085 = LINE('',#1086,#1087);
#1086 = CARTESIAN_POINT('',(1.016,-6.35,0.));
#1087 = VECTOR('',#1088,1.);
#1088 = DIRECTION('',(0.707106781187,0.707106781187,0.));
#1089 = ORIENTED_EDGE('',*,*,#1090,.T.);
#1090 = EDGE_CURVE('',#1083,#1091,#1093,.T.);
#1091 = VERTEX_POINT('',#1092);
#1092 = CARTESIAN_POINT('',(1.27,-4.064,0.));
#1093 = LINE('',#1094,#1095);
#1094 = CARTESIAN_POINT('',(1.27,-6.096,0.));
#1095 = VECTOR('',#1096,1.);
#1096 = DIRECTION('',(0.,1.,0.));
#1097 = ORIENTED_EDGE('',*,*,#1098,.T.);
#1098 = EDGE_CURVE('',#1091,#1099,#1101,.T.);
#1099 = VERTEX_POINT('',#1100);
#1100 = CARTESIAN_POINT('',(1.016,-3.81,0.));
#1101 = LINE('',#1102,#1103);
#1102 = CARTESIAN_POINT('',(1.27,-4.064,0.));
#1103 = VECTOR('',#1104,1.);
#1104 = DIRECTION('',(-0.707106781187,0.707106781187,0.));
#1105 = ORIENTED_EDGE('',*,*,#1106,.T.);
#1106 = EDGE_CURVE('',#1099,#1107,#1109,.T.);
#1107 = VERTEX_POINT('',#1108);
#1108 = CARTESIAN_POINT('',(1.27,-3.556,0.));
#1109 = LINE('',#1110,#1111);
#1110 = CARTESIAN_POINT('',(1.016,-3.81,0.));
#1111 = VECTOR('',#1112,1.);
#1112 = DIRECTION('',(0.707106781187,0.707106781187,0.));
#1113 = ORIENTED_EDGE('',*,*,#1114,.T.);
#1114 = EDGE_CURVE('',#1107,#1115,#1117,.T.);
#1115 = VERTEX_POINT('',#1116);
#1116 = CARTESIAN_POINT('',(1.27,-1.524,0.));
#1117 = LINE('',#1118,#1119);
#1118 = CARTESIAN_POINT('',(1.27,-3.556,0.));
#1119 = VECTOR('',#1120,1.);
#1120 = DIRECTION('',(0.,1.,0.));
#1121 = ORIENTED_EDGE('',*,*,#1122,.T.);
#1122 = EDGE_CURVE('',#1115,#1123,#1125,.T.);
#1123 = VERTEX_POINT('',#1124);
#1124 = CARTESIAN_POINT('',(1.016,-1.27,0.));
#1125 = LINE('',#1126,#1127);
#1126 = CARTESIAN_POINT('',(1.27,-1.524,0.));
#1127 = VECTOR('',#1128,1.);
#1128 = DIRECTION('',(-0.707106781187,0.707106781187,0.));
#1129 = ORIENTED_EDGE('',*,*,#1130,.T.);
#1130 = EDGE_CURVE('',#1123,#1131,#1133,.T.);
#1131 = VERTEX_POINT('',#1132);
#1132 = CARTESIAN_POINT('',(1.27,-1.016,0.));
#1133 = LINE('',#1134,#1135);
#1134 = CARTESIAN_POINT('',(1.016,-1.27,0.));
#1135 = VECTOR('',#1136,1.);
#1136 = DIRECTION('',(0.707106781187,0.707106781187,0.));
#1137 = ORIENTED_EDGE('',*,*,#1138,.T.);
#1138 = EDGE_CURVE('',#1131,#1139,#1141,.T.);
#1139 = VERTEX_POINT('',#1140);
#1140 = CARTESIAN_POINT('',(1.27,1.016,0.));
#1141 = LINE('',#1142,#1143);
#1142 = CARTESIAN_POINT('',(1.27,-1.016,0.));
#1143 = VECTOR('',#1144,1.);
#1144 = DIRECTION('',(0.,1.,0.));
#1145 = ORIENTED_EDGE('',*,*,#1146,.T.);
#1146 = EDGE_CURVE('',#1139,#955,#1147,.T.);
#1147 = LINE('',#1148,#1149);
#1148 = CARTESIAN_POINT('',(1.27,1.016,0.));
#1149 = VECTOR('',#1150,1.);
#1150 = DIRECTION('',(-0.707106781187,0.707106781187,0.));
#1151 = ORIENTED_EDGE('',*,*,#971,.T.);
#1152 = FACE_BOUND('',#1153,.F.);
#1153 = EDGE_LOOP('',(#1154,#1164,#1172,#1180));
#1154 = ORIENTED_EDGE('',*,*,#1155,.F.);
#1155 = EDGE_CURVE('',#1156,#1158,#1160,.T.);
#1156 = VERTEX_POINT('',#1157);
#1157 = CARTESIAN_POINT('',(0.32,-0.32,0.));
#1158 = VERTEX_POINT('',#1159);
#1159 = CARTESIAN_POINT('',(0.32,0.32,0.));
#1160 = LINE('',#1161,#1162);
#1161 = CARTESIAN_POINT('',(0.32,-1.43,0.));
#1162 = VECTOR('',#1163,1.);
#1163 = DIRECTION('',(0.,1.,0.));
#1164 = ORIENTED_EDGE('',*,*,#1165,.T.);
#1165 = EDGE_CURVE('',#1156,#1166,#1168,.T.);
#1166 = VERTEX_POINT('',#1167);
#1167 = CARTESIAN_POINT('',(-0.32,-0.32,0.));
#1168 = LINE('',#1169,#1170);
#1169 = CARTESIAN_POINT('',(-0.16,-0.32,0.));
#1170 = VECTOR('',#1171,1.);
#1171 = DIRECTION('',(-1.,0.,0.));
#1172 = ORIENTED_EDGE('',*,*,#1173,.T.);
#1173 = EDGE_CURVE('',#1166,#1174,#1176,.T.);
#1174 = VERTEX_POINT('',#1175);
#1175 = CARTESIAN_POINT('',(-0.32,0.32,0.));
#1176 = LINE('',#1177,#1178);
#1177 = CARTESIAN_POINT('',(-0.32,-1.43,0.));
#1178 = VECTOR('',#1179,1.);
#1179 = DIRECTION('',(0.,1.,0.));
#1180 = ORIENTED_EDGE('',*,*,#1181,.F.);
#1181 = EDGE_CURVE('',#1158,#1174,#1182,.T.);
#1182 = LINE('',#1183,#1184);
#1183 = CARTESIAN_POINT('',(-0.16,0.32,0.));
#1184 = VECTOR('',#1185,1.);
#1185 = DIRECTION('',(-1.,0.,0.));
#1186 = FACE_BOUND('',#1187,.F.);
#1187 = EDGE_LOOP('',(#1188,#1198,#1206,#1214));
#1188 = ORIENTED_EDGE('',*,*,#1189,.T.);
#1189 = EDGE_CURVE('',#1190,#1192,#1194,.T.);
#1190 = VERTEX_POINT('',#1191);
#1191 = CARTESIAN_POINT('',(0.32,-2.86,0.));
#1192 = VERTEX_POINT('',#1193);
#1193 = CARTESIAN_POINT('',(-0.32,-2.86,0.));
#1194 = LINE('',#1195,#1196);
#1195 = CARTESIAN_POINT('',(-0.16,-2.86,0.));
#1196 = VECTOR('',#1197,1.);
#1197 = DIRECTION('',(-1.,0.,0.));
#1198 = ORIENTED_EDGE('',*,*,#1199,.T.);
#1199 = EDGE_CURVE('',#1192,#1200,#1202,.T.);
#1200 = VERTEX_POINT('',#1201);
#1201 = CARTESIAN_POINT('',(-0.32,-2.22,0.));
#1202 = LINE('',#1203,#1204);
#1203 = CARTESIAN_POINT('',(-0.32,-2.7,0.));
#1204 = VECTOR('',#1205,1.);
#1205 = DIRECTION('',(0.,1.,0.));
#1206 = ORIENTED_EDGE('',*,*,#1207,.F.);
#1207 = EDGE_CURVE('',#1208,#1200,#1210,.T.);
#1208 = VERTEX_POINT('',#1209);
#1209 = CARTESIAN_POINT('',(0.32,-2.22,0.));
#1210 = LINE('',#1211,#1212);
#1211 = CARTESIAN_POINT('',(-0.16,-2.22,0.));
#1212 = VECTOR('',#1213,1.);
#1213 = DIRECTION('',(-1.,0.,0.));
#1214 = ORIENTED_EDGE('',*,*,#1215,.F.);
#1215 = EDGE_CURVE('',#1190,#1208,#1216,.T.);
#1216 = LINE('',#1217,#1218);
#1217 = CARTESIAN_POINT('',(0.32,-2.7,0.));
#1218 = VECTOR('',#1219,1.);
#1219 = DIRECTION('',(0.,1.,0.));
#1220 = FACE_BOUND('',#1221,.F.);
#1221 = EDGE_LOOP('',(#1222,#1232,#1240,#1248));
#1222 = ORIENTED_EDGE('',*,*,#1223,.F.);
#1223 = EDGE_CURVE('',#1224,#1226,#1228,.T.);
#1224 = VERTEX_POINT('',#1225);
#1225 = CARTESIAN_POINT('',(0.32,-4.76,0.));
#1226 = VERTEX_POINT('',#1227);
#1227 = CARTESIAN_POINT('',(-0.32,-4.76,0.));
#1228 = LINE('',#1229,#1230);
#1229 = CARTESIAN_POINT('',(-0.16,-4.76,0.));
#1230 = VECTOR('',#1231,1.);
#1231 = DIRECTION('',(-1.,0.,0.));
#1232 = ORIENTED_EDGE('',*,*,#1233,.F.);
#1233 = EDGE_CURVE('',#1234,#1224,#1236,.T.);
#1234 = VERTEX_POINT('',#1235);
#1235 = CARTESIAN_POINT('',(0.32,-5.4,0.));
#1236 = LINE('',#1237,#1238);
#1237 = CARTESIAN_POINT('',(0.32,-3.97,0.));
#1238 = VECTOR('',#1239,1.);
#1239 = DIRECTION('',(0.,1.,0.));
#1240 = ORIENTED_EDGE('',*,*,#1241,.T.);
#1241 = EDGE_CURVE('',#1234,#1242,#1244,.T.);
#1242 = VERTEX_POINT('',#1243);
#1243 = CARTESIAN_POINT('',(-0.32,-5.4,0.));
#1244 = LINE('',#1245,#1246);
#1245 = CARTESIAN_POINT('',(-0.16,-5.4,0.));
#1246 = VECTOR('',#1247,1.);
#1247 = DIRECTION('',(-1.,0.,0.));
#1248 = ORIENTED_EDGE('',*,*,#1249,.T.);
#1249 = EDGE_CURVE('',#1242,#1226,#1250,.T.);
#1250 = LINE('',#1251,#1252);
#1251 = CARTESIAN_POINT('',(-0.32,-3.97,0.));
#1252 = VECTOR('',#1253,1.);
#1253 = DIRECTION('',(0.,1.,0.));
#1254 = PLANE('',#1255);
#1255 = AXIS2_PLACEMENT_3D('',#1256,#1257,#1258);
#1256 = CARTESIAN_POINT('',(5.398204781459E-17,-2.54,0.));
#1257 = DIRECTION('',(0.,0.,1.));
#1258 = DIRECTION('',(1.,0.,-0.));
#1259 = ADVANCED_FACE('',(#1260,#1399,#1433,#1467),#1501,.T.);
#1260 = FACE_BOUND('',#1261,.T.);
#1261 = EDGE_LOOP('',(#1262,#1263,#1264,#1272,#1280,#1288,#1296,#1304,
    #1312,#1320,#1328,#1336,#1344,#1352,#1360,#1368,#1376,#1384,#1392,
    #1398));
#1262 = ORIENTED_EDGE('',*,*,#924,.T.);
#1263 = ORIENTED_EDGE('',*,*,#986,.T.);
#1264 = ORIENTED_EDGE('',*,*,#1265,.T.);
#1265 = EDGE_CURVE('',#987,#1266,#1268,.T.);
#1266 = VERTEX_POINT('',#1267);
#1267 = CARTESIAN_POINT('',(-1.016,-1.27,2.54));
#1268 = LINE('',#1269,#1270);
#1269 = CARTESIAN_POINT('',(-1.27,-1.016,2.54));
#1270 = VECTOR('',#1271,1.);
#1271 = DIRECTION('',(0.707106781187,-0.707106781187,0.));
#1272 = ORIENTED_EDGE('',*,*,#1273,.T.);
#1273 = EDGE_CURVE('',#1266,#1274,#1276,.T.);
#1274 = VERTEX_POINT('',#1275);
#1275 = CARTESIAN_POINT('',(-1.27,-1.524,2.54));
#1276 = LINE('',#1277,#1278);
#1277 = CARTESIAN_POINT('',(-1.016,-1.27,2.54));
#1278 = VECTOR('',#1279,1.);
#1279 = DIRECTION('',(-0.707106781187,-0.707106781187,0.));
#1280 = ORIENTED_EDGE('',*,*,#1281,.T.);
#1281 = EDGE_CURVE('',#1274,#1282,#1284,.T.);
#1282 = VERTEX_POINT('',#1283);
#1283 = CARTESIAN_POINT('',(-1.27,-3.556,2.54));
#1284 = LINE('',#1285,#1286);
#1285 = CARTESIAN_POINT('',(-1.27,-1.524,2.54));
#1286 = VECTOR('',#1287,1.);
#1287 = DIRECTION('',(0.,-1.,0.));
#1288 = ORIENTED_EDGE('',*,*,#1289,.T.);
#1289 = EDGE_CURVE('',#1282,#1290,#1292,.T.);
#1290 = VERTEX_POINT('',#1291);
#1291 = CARTESIAN_POINT('',(-1.016,-3.81,2.54));
#1292 = LINE('',#1293,#1294);
#1293 = CARTESIAN_POINT('',(-1.27,-3.556,2.54));
#1294 = VECTOR('',#1295,1.);
#1295 = DIRECTION('',(0.707106781187,-0.707106781187,0.));
#1296 = ORIENTED_EDGE('',*,*,#1297,.T.);
#1297 = EDGE_CURVE('',#1290,#1298,#1300,.T.);
#1298 = VERTEX_POINT('',#1299);
#1299 = CARTESIAN_POINT('',(-1.27,-4.064,2.54));
#1300 = LINE('',#1301,#1302);
#1301 = CARTESIAN_POINT('',(-1.016,-3.81,2.54));
#1302 = VECTOR('',#1303,1.);
#1303 = DIRECTION('',(-0.707106781187,-0.707106781187,0.));
#1304 = ORIENTED_EDGE('',*,*,#1305,.T.);
#1305 = EDGE_CURVE('',#1298,#1306,#1308,.T.);
#1306 = VERTEX_POINT('',#1307);
#1307 = CARTESIAN_POINT('',(-1.27,-6.096,2.54));
#1308 = LINE('',#1309,#1310);
#1309 = CARTESIAN_POINT('',(-1.27,-4.064,2.54));
#1310 = VECTOR('',#1311,1.);
#1311 = DIRECTION('',(0.,-1.,0.));
#1312 = ORIENTED_EDGE('',*,*,#1313,.T.);
#1313 = EDGE_CURVE('',#1306,#1314,#1316,.T.);
#1314 = VERTEX_POINT('',#1315);
#1315 = CARTESIAN_POINT('',(-1.016,-6.35,2.54));
#1316 = LINE('',#1317,#1318);
#1317 = CARTESIAN_POINT('',(-1.27,-6.096,2.54));
#1318 = VECTOR('',#1319,1.);
#1319 = DIRECTION('',(0.707106781187,-0.707106781187,0.));
#1320 = ORIENTED_EDGE('',*,*,#1321,.T.);
#1321 = EDGE_CURVE('',#1314,#1322,#1324,.T.);
#1322 = VERTEX_POINT('',#1323);
#1323 = CARTESIAN_POINT('',(1.016,-6.35,2.54));
#1324 = LINE('',#1325,#1326);
#1325 = CARTESIAN_POINT('',(-1.016,-6.35,2.54));
#1326 = VECTOR('',#1327,1.);
#1327 = DIRECTION('',(1.,0.,0.));
#1328 = ORIENTED_EDGE('',*,*,#1329,.T.);
#1329 = EDGE_CURVE('',#1322,#1330,#1332,.T.);
#1330 = VERTEX_POINT('',#1331);
#1331 = CARTESIAN_POINT('',(1.27,-6.096,2.54));
#1332 = LINE('',#1333,#1334);
#1333 = CARTESIAN_POINT('',(1.016,-6.35,2.54));
#1334 = VECTOR('',#1335,1.);
#1335 = DIRECTION('',(0.707106781187,0.707106781187,0.));
#1336 = ORIENTED_EDGE('',*,*,#1337,.T.);
#1337 = EDGE_CURVE('',#1330,#1338,#1340,.T.);
#1338 = VERTEX_POINT('',#1339);
#1339 = CARTESIAN_POINT('',(1.27,-4.064,2.54));
#1340 = LINE('',#1341,#1342);
#1341 = CARTESIAN_POINT('',(1.27,-6.096,2.54));
#1342 = VECTOR('',#1343,1.);
#1343 = DIRECTION('',(0.,1.,0.));
#1344 = ORIENTED_EDGE('',*,*,#1345,.T.);
#1345 = EDGE_CURVE('',#1338,#1346,#1348,.T.);
#1346 = VERTEX_POINT('',#1347);
#1347 = CARTESIAN_POINT('',(1.016,-3.81,2.54));
#1348 = LINE('',#1349,#1350);
#1349 = CARTESIAN_POINT('',(1.27,-4.064,2.54));
#1350 = VECTOR('',#1351,1.);
#1351 = DIRECTION('',(-0.707106781187,0.707106781187,0.));
#1352 = ORIENTED_EDGE('',*,*,#1353,.T.);
#1353 = EDGE_CURVE('',#1346,#1354,#1356,.T.);
#1354 = VERTEX_POINT('',#1355);
#1355 = CARTESIAN_POINT('',(1.27,-3.556,2.54));
#1356 = LINE('',#1357,#1358);
#1357 = CARTESIAN_POINT('',(1.016,-3.81,2.54));
#1358 = VECTOR('',#1359,1.);
#1359 = DIRECTION('',(0.707106781187,0.707106781187,0.));
#1360 = ORIENTED_EDGE('',*,*,#1361,.T.);
#1361 = EDGE_CURVE('',#1354,#1362,#1364,.T.);
#1362 = VERTEX_POINT('',#1363);
#1363 = CARTESIAN_POINT('',(1.27,-1.524,2.54));
#1364 = LINE('',#1365,#1366);
#1365 = CARTESIAN_POINT('',(1.27,-3.556,2.54));
#1366 = VECTOR('',#1367,1.);
#1367 = DIRECTION('',(0.,1.,0.));
#1368 = ORIENTED_EDGE('',*,*,#1369,.T.);
#1369 = EDGE_CURVE('',#1362,#1370,#1372,.T.);
#1370 = VERTEX_POINT('',#1371);
#1371 = CARTESIAN_POINT('',(1.016,-1.27,2.54));
#1372 = LINE('',#1373,#1374);
#1373 = CARTESIAN_POINT('',(1.27,-1.524,2.54));
#1374 = VECTOR('',#1375,1.);
#1375 = DIRECTION('',(-0.707106781187,0.707106781187,0.));
#1376 = ORIENTED_EDGE('',*,*,#1377,.T.);
#1377 = EDGE_CURVE('',#1370,#1378,#1380,.T.);
#1378 = VERTEX_POINT('',#1379);
#1379 = CARTESIAN_POINT('',(1.27,-1.016,2.54));
#1380 = LINE('',#1381,#1382);
#1381 = CARTESIAN_POINT('',(1.016,-1.27,2.54));
#1382 = VECTOR('',#1383,1.);
#1383 = DIRECTION('',(0.707106781187,0.707106781187,0.));
#1384 = ORIENTED_EDGE('',*,*,#1385,.T.);
#1385 = EDGE_CURVE('',#1378,#1386,#1388,.T.);
#1386 = VERTEX_POINT('',#1387);
#1387 = CARTESIAN_POINT('',(1.27,1.016,2.54));
#1388 = LINE('',#1389,#1390);
#1389 = CARTESIAN_POINT('',(1.27,-1.016,2.54));
#1390 = VECTOR('',#1391,1.);
#1391 = DIRECTION('',(0.,1.,0.));
#1392 = ORIENTED_EDGE('',*,*,#1393,.T.);
#1393 = EDGE_CURVE('',#1386,#957,#1394,.T.);
#1394 = LINE('',#1395,#1396);
#1395 = CARTESIAN_POINT('',(1.27,1.016,2.54));
#1396 = VECTOR('',#1397,1.);
#1397 = DIRECTION('',(-0.707106781187,0.707106781187,0.));
#1398 = ORIENTED_EDGE('',*,*,#964,.T.);
#1399 = FACE_BOUND('',#1400,.T.);
#1400 = EDGE_LOOP('',(#1401,#1411,#1419,#1427));
#1401 = ORIENTED_EDGE('',*,*,#1402,.F.);
#1402 = EDGE_CURVE('',#1403,#1405,#1407,.T.);
#1403 = VERTEX_POINT('',#1404);
#1404 = CARTESIAN_POINT('',(0.32,-0.32,2.54));
#1405 = VERTEX_POINT('',#1406);
#1406 = CARTESIAN_POINT('',(0.32,0.32,2.54));
#1407 = LINE('',#1408,#1409);
#1408 = CARTESIAN_POINT('',(0.32,-1.43,2.54));
#1409 = VECTOR('',#1410,1.);
#1410 = DIRECTION('',(0.,1.,0.));
#1411 = ORIENTED_EDGE('',*,*,#1412,.T.);
#1412 = EDGE_CURVE('',#1403,#1413,#1415,.T.);
#1413 = VERTEX_POINT('',#1414);
#1414 = CARTESIAN_POINT('',(-0.32,-0.32,2.54));
#1415 = LINE('',#1416,#1417);
#1416 = CARTESIAN_POINT('',(-0.16,-0.32,2.54));
#1417 = VECTOR('',#1418,1.);
#1418 = DIRECTION('',(-1.,0.,0.));
#1419 = ORIENTED_EDGE('',*,*,#1420,.T.);
#1420 = EDGE_CURVE('',#1413,#1421,#1423,.T.);
#1421 = VERTEX_POINT('',#1422);
#1422 = CARTESIAN_POINT('',(-0.32,0.32,2.54));
#1423 = LINE('',#1424,#1425);
#1424 = CARTESIAN_POINT('',(-0.32,-1.43,2.54));
#1425 = VECTOR('',#1426,1.);
#1426 = DIRECTION('',(0.,1.,0.));
#1427 = ORIENTED_EDGE('',*,*,#1428,.F.);
#1428 = EDGE_CURVE('',#1405,#1421,#1429,.T.);
#1429 = LINE('',#1430,#1431);
#1430 = CARTESIAN_POINT('',(-0.16,0.32,2.54));
#1431 = VECTOR('',#1432,1.);
#1432 = DIRECTION('',(-1.,0.,0.));
#1433 = FACE_BOUND('',#1434,.T.);
#1434 = EDGE_LOOP('',(#1435,#1445,#1453,#1461));
#1435 = ORIENTED_EDGE('',*,*,#1436,.T.);
#1436 = EDGE_CURVE('',#1437,#1439,#1441,.T.);
#1437 = VERTEX_POINT('',#1438);
#1438 = CARTESIAN_POINT('',(0.32,-2.86,2.54));
#1439 = VERTEX_POINT('',#1440);
#1440 = CARTESIAN_POINT('',(-0.32,-2.86,2.54));
#1441 = LINE('',#1442,#1443);
#1442 = CARTESIAN_POINT('',(-0.16,-2.86,2.54));
#1443 = VECTOR('',#1444,1.);
#1444 = DIRECTION('',(-1.,0.,0.));
#1445 = ORIENTED_EDGE('',*,*,#1446,.T.);
#1446 = EDGE_CURVE('',#1439,#1447,#1449,.T.);
#1447 = VERTEX_POINT('',#1448);
#1448 = CARTESIAN_POINT('',(-0.32,-2.22,2.54));
#1449 = LINE('',#1450,#1451);
#1450 = CARTESIAN_POINT('',(-0.32,-2.7,2.54));
#1451 = VECTOR('',#1452,1.);
#1452 = DIRECTION('',(0.,1.,0.));
#1453 = ORIENTED_EDGE('',*,*,#1454,.F.);
#1454 = EDGE_CURVE('',#1455,#1447,#1457,.T.);
#1455 = VERTEX_POINT('',#1456);
#1456 = CARTESIAN_POINT('',(0.32,-2.22,2.54));
#1457 = LINE('',#1458,#1459);
#1458 = CARTESIAN_POINT('',(-0.16,-2.22,2.54));
#1459 = VECTOR('',#1460,1.);
#1460 = DIRECTION('',(-1.,0.,0.));
#1461 = ORIENTED_EDGE('',*,*,#1462,.F.);
#1462 = EDGE_CURVE('',#1437,#1455,#1463,.T.);
#1463 = LINE('',#1464,#1465);
#1464 = CARTESIAN_POINT('',(0.32,-2.7,2.54));
#1465 = VECTOR('',#1466,1.);
#1466 = DIRECTION('',(0.,1.,0.));
#1467 = FACE_BOUND('',#1468,.T.);
#1468 = EDGE_LOOP('',(#1469,#1479,#1487,#1495));
#1469 = ORIENTED_EDGE('',*,*,#1470,.F.);
#1470 = EDGE_CURVE('',#1471,#1473,#1475,.T.);
#1471 = VERTEX_POINT('',#1472);
#1472 = CARTESIAN_POINT('',(0.32,-4.76,2.54));
#1473 = VERTEX_POINT('',#1474);
#1474 = CARTESIAN_POINT('',(-0.32,-4.76,2.54));
#1475 = LINE('',#1476,#1477);
#1476 = CARTESIAN_POINT('',(-0.16,-4.76,2.54));
#1477 = VECTOR('',#1478,1.);
#1478 = DIRECTION('',(-1.,0.,0.));
#1479 = ORIENTED_EDGE('',*,*,#1480,.F.);
#1480 = EDGE_CURVE('',#1481,#1471,#1483,.T.);
#1481 = VERTEX_POINT('',#1482);
#1482 = CARTESIAN_POINT('',(0.32,-5.4,2.54));
#1483 = LINE('',#1484,#1485);
#1484 = CARTESIAN_POINT('',(0.32,-3.97,2.54));
#1485 = VECTOR('',#1486,1.);
#1486 = DIRECTION('',(0.,1.,0.));
#1487 = ORIENTED_EDGE('',*,*,#1488,.T.);
#1488 = EDGE_CURVE('',#1481,#1489,#1491,.T.);
#1489 = VERTEX_POINT('',#1490);
#1490 = CARTESIAN_POINT('',(-0.32,-5.4,2.54));
#1491 = LINE('',#1492,#1493);
#1492 = CARTESIAN_POINT('',(-0.16,-5.4,2.54));
#1493 = VECTOR('',#1494,1.);
#1494 = DIRECTION('',(-1.,0.,0.));
#1495 = ORIENTED_EDGE('',*,*,#1496,.T.);
#1496 = EDGE_CURVE('',#1489,#1473,#1497,.T.);
#1497 = LINE('',#1498,#1499);
#1498 = CARTESIAN_POINT('',(-0.32,-3.97,2.54));
#1499 = VECTOR('',#1500,1.);
#1500 = DIRECTION('',(0.,1.,0.));
#1501 = PLANE('',#1502);
#1502 = AXIS2_PLACEMENT_3D('',#1503,#1504,#1505);
#1503 = CARTESIAN_POINT('',(5.398204781459E-17,-2.54,2.54));
#1504 = DIRECTION('',(0.,0.,1.));
#1505 = DIRECTION('',(1.,0.,-0.));
#1506 = ADVANCED_FACE('',(#1507),#1518,.F.);
#1507 = FACE_BOUND('',#1508,.F.);
#1508 = EDGE_LOOP('',(#1509,#1515,#1516,#1517));
#1509 = ORIENTED_EDGE('',*,*,#1510,.T.);
#1510 = EDGE_CURVE('',#1139,#1386,#1511,.T.);
#1511 = LINE('',#1512,#1513);
#1512 = CARTESIAN_POINT('',(1.27,1.016,0.));
#1513 = VECTOR('',#1514,1.);
#1514 = DIRECTION('',(0.,0.,1.));
#1515 = ORIENTED_EDGE('',*,*,#1393,.T.);
#1516 = ORIENTED_EDGE('',*,*,#954,.F.);
#1517 = ORIENTED_EDGE('',*,*,#1146,.F.);
#1518 = PLANE('',#1519);
#1519 = AXIS2_PLACEMENT_3D('',#1520,#1521,#1522);
#1520 = CARTESIAN_POINT('',(1.27,1.016,0.));
#1521 = DIRECTION('',(-0.707106781187,-0.707106781187,0.));
#1522 = DIRECTION('',(-0.707106781187,0.707106781187,0.));
#1523 = ADVANCED_FACE('',(#1524),#1535,.F.);
#1524 = FACE_BOUND('',#1525,.F.);
#1525 = EDGE_LOOP('',(#1526,#1527,#1528,#1534));
#1526 = ORIENTED_EDGE('',*,*,#994,.T.);
#1527 = ORIENTED_EDGE('',*,*,#1265,.T.);
#1528 = ORIENTED_EDGE('',*,*,#1529,.F.);
#1529 = EDGE_CURVE('',#1019,#1266,#1530,.T.);
#1530 = LINE('',#1531,#1532);
#1531 = CARTESIAN_POINT('',(-1.016,-1.27,0.));
#1532 = VECTOR('',#1533,1.);
#1533 = DIRECTION('',(0.,0.,1.));
#1534 = ORIENTED_EDGE('',*,*,#1018,.F.);
#1535 = PLANE('',#1536);
#1536 = AXIS2_PLACEMENT_3D('',#1537,#1538,#1539);
#1537 = CARTESIAN_POINT('',(-1.27,-1.016,0.));
#1538 = DIRECTION('',(0.707106781187,0.707106781187,0.));
#1539 = DIRECTION('',(0.707106781187,-0.707106781187,0.));
#1540 = ADVANCED_FACE('',(#1541),#1552,.F.);
#1541 = FACE_BOUND('',#1542,.F.);
#1542 = EDGE_LOOP('',(#1543,#1549,#1550,#1551));
#1543 = ORIENTED_EDGE('',*,*,#1544,.T.);
#1544 = EDGE_CURVE('',#1131,#1378,#1545,.T.);
#1545 = LINE('',#1546,#1547);
#1546 = CARTESIAN_POINT('',(1.27,-1.016,0.));
#1547 = VECTOR('',#1548,1.);
#1548 = DIRECTION('',(0.,0.,1.));
#1549 = ORIENTED_EDGE('',*,*,#1385,.T.);
#1550 = ORIENTED_EDGE('',*,*,#1510,.F.);
#1551 = ORIENTED_EDGE('',*,*,#1138,.F.);
#1552 = PLANE('',#1553);
#1553 = AXIS2_PLACEMENT_3D('',#1554,#1555,#1556);
#1554 = CARTESIAN_POINT('',(1.27,-1.016,0.));
#1555 = DIRECTION('',(-1.,0.,0.));
#1556 = DIRECTION('',(0.,1.,0.));
#1557 = ADVANCED_FACE('',(#1558),#1569,.F.);
#1558 = FACE_BOUND('',#1559,.F.);
#1559 = EDGE_LOOP('',(#1560,#1561,#1562,#1568));
#1560 = ORIENTED_EDGE('',*,*,#1529,.T.);
#1561 = ORIENTED_EDGE('',*,*,#1273,.T.);
#1562 = ORIENTED_EDGE('',*,*,#1563,.F.);
#1563 = EDGE_CURVE('',#1027,#1274,#1564,.T.);
#1564 = LINE('',#1565,#1566);
#1565 = CARTESIAN_POINT('',(-1.27,-1.524,0.));
#1566 = VECTOR('',#1567,1.);
#1567 = DIRECTION('',(0.,0.,1.));
#1568 = ORIENTED_EDGE('',*,*,#1026,.F.);
#1569 = PLANE('',#1570);
#1570 = AXIS2_PLACEMENT_3D('',#1571,#1572,#1573);
#1571 = CARTESIAN_POINT('',(-1.016,-1.27,0.));
#1572 = DIRECTION('',(0.707106781187,-0.707106781187,0.));
#1573 = DIRECTION('',(-0.707106781187,-0.707106781187,0.));
#1574 = ADVANCED_FACE('',(#1575),#1586,.F.);
#1575 = FACE_BOUND('',#1576,.F.);
#1576 = EDGE_LOOP('',(#1577,#1583,#1584,#1585));
#1577 = ORIENTED_EDGE('',*,*,#1578,.T.);
#1578 = EDGE_CURVE('',#1123,#1370,#1579,.T.);
#1579 = LINE('',#1580,#1581);
#1580 = CARTESIAN_POINT('',(1.016,-1.27,0.));
#1581 = VECTOR('',#1582,1.);
#1582 = DIRECTION('',(0.,0.,1.));
#1583 = ORIENTED_EDGE('',*,*,#1377,.T.);
#1584 = ORIENTED_EDGE('',*,*,#1544,.F.);
#1585 = ORIENTED_EDGE('',*,*,#1130,.F.);
#1586 = PLANE('',#1587);
#1587 = AXIS2_PLACEMENT_3D('',#1588,#1589,#1590);
#1588 = CARTESIAN_POINT('',(1.016,-1.27,0.));
#1589 = DIRECTION('',(-0.707106781187,0.707106781187,0.));
#1590 = DIRECTION('',(0.707106781187,0.707106781187,0.));
#1591 = ADVANCED_FACE('',(#1592),#1603,.F.);
#1592 = FACE_BOUND('',#1593,.F.);
#1593 = EDGE_LOOP('',(#1594,#1595,#1596,#1602));
#1594 = ORIENTED_EDGE('',*,*,#1563,.T.);
#1595 = ORIENTED_EDGE('',*,*,#1281,.T.);
#1596 = ORIENTED_EDGE('',*,*,#1597,.F.);
#1597 = EDGE_CURVE('',#1035,#1282,#1598,.T.);
#1598 = LINE('',#1599,#1600);
#1599 = CARTESIAN_POINT('',(-1.27,-3.556,0.));
#1600 = VECTOR('',#1601,1.);
#1601 = DIRECTION('',(0.,0.,1.));
#1602 = ORIENTED_EDGE('',*,*,#1034,.F.);
#1603 = PLANE('',#1604);
#1604 = AXIS2_PLACEMENT_3D('',#1605,#1606,#1607);
#1605 = CARTESIAN_POINT('',(-1.27,-1.524,0.));
#1606 = DIRECTION('',(1.,0.,0.));
#1607 = DIRECTION('',(0.,-1.,0.));
#1608 = ADVANCED_FACE('',(#1609),#1620,.F.);
#1609 = FACE_BOUND('',#1610,.F.);
#1610 = EDGE_LOOP('',(#1611,#1617,#1618,#1619));
#1611 = ORIENTED_EDGE('',*,*,#1612,.T.);
#1612 = EDGE_CURVE('',#1115,#1362,#1613,.T.);
#1613 = LINE('',#1614,#1615);
#1614 = CARTESIAN_POINT('',(1.27,-1.524,0.));
#1615 = VECTOR('',#1616,1.);
#1616 = DIRECTION('',(0.,0.,1.));
#1617 = ORIENTED_EDGE('',*,*,#1369,.T.);
#1618 = ORIENTED_EDGE('',*,*,#1578,.F.);
#1619 = ORIENTED_EDGE('',*,*,#1122,.F.);
#1620 = PLANE('',#1621);
#1621 = AXIS2_PLACEMENT_3D('',#1622,#1623,#1624);
#1622 = CARTESIAN_POINT('',(1.27,-1.524,0.));
#1623 = DIRECTION('',(-0.707106781187,-0.707106781187,0.));
#1624 = DIRECTION('',(-0.707106781187,0.707106781187,0.));
#1625 = ADVANCED_FACE('',(#1626),#1637,.F.);
#1626 = FACE_BOUND('',#1627,.F.);
#1627 = EDGE_LOOP('',(#1628,#1629,#1630,#1636));
#1628 = ORIENTED_EDGE('',*,*,#1597,.T.);
#1629 = ORIENTED_EDGE('',*,*,#1289,.T.);
#1630 = ORIENTED_EDGE('',*,*,#1631,.F.);
#1631 = EDGE_CURVE('',#1043,#1290,#1632,.T.);
#1632 = LINE('',#1633,#1634);
#1633 = CARTESIAN_POINT('',(-1.016,-3.81,0.));
#1634 = VECTOR('',#1635,1.);
#1635 = DIRECTION('',(0.,0.,1.));
#1636 = ORIENTED_EDGE('',*,*,#1042,.F.);
#1637 = PLANE('',#1638);
#1638 = AXIS2_PLACEMENT_3D('',#1639,#1640,#1641);
#1639 = CARTESIAN_POINT('',(-1.27,-3.556,0.));
#1640 = DIRECTION('',(0.707106781187,0.707106781187,0.));
#1641 = DIRECTION('',(0.707106781187,-0.707106781187,0.));
#1642 = ADVANCED_FACE('',(#1643),#1654,.F.);
#1643 = FACE_BOUND('',#1644,.F.);
#1644 = EDGE_LOOP('',(#1645,#1651,#1652,#1653));
#1645 = ORIENTED_EDGE('',*,*,#1646,.T.);
#1646 = EDGE_CURVE('',#1107,#1354,#1647,.T.);
#1647 = LINE('',#1648,#1649);
#1648 = CARTESIAN_POINT('',(1.27,-3.556,0.));
#1649 = VECTOR('',#1650,1.);
#1650 = DIRECTION('',(0.,0.,1.));
#1651 = ORIENTED_EDGE('',*,*,#1361,.T.);
#1652 = ORIENTED_EDGE('',*,*,#1612,.F.);
#1653 = ORIENTED_EDGE('',*,*,#1114,.F.);
#1654 = PLANE('',#1655);
#1655 = AXIS2_PLACEMENT_3D('',#1656,#1657,#1658);
#1656 = CARTESIAN_POINT('',(1.27,-3.556,0.));
#1657 = DIRECTION('',(-1.,0.,0.));
#1658 = DIRECTION('',(0.,1.,0.));
#1659 = ADVANCED_FACE('',(#1660),#1671,.F.);
#1660 = FACE_BOUND('',#1661,.F.);
#1661 = EDGE_LOOP('',(#1662,#1663,#1664,#1670));
#1662 = ORIENTED_EDGE('',*,*,#1631,.T.);
#1663 = ORIENTED_EDGE('',*,*,#1297,.T.);
#1664 = ORIENTED_EDGE('',*,*,#1665,.F.);
#1665 = EDGE_CURVE('',#1051,#1298,#1666,.T.);
#1666 = LINE('',#1667,#1668);
#1667 = CARTESIAN_POINT('',(-1.27,-4.064,0.));
#1668 = VECTOR('',#1669,1.);
#1669 = DIRECTION('',(0.,0.,1.));
#1670 = ORIENTED_EDGE('',*,*,#1050,.F.);
#1671 = PLANE('',#1672);
#1672 = AXIS2_PLACEMENT_3D('',#1673,#1674,#1675);
#1673 = CARTESIAN_POINT('',(-1.016,-3.81,0.));
#1674 = DIRECTION('',(0.707106781187,-0.707106781187,0.));
#1675 = DIRECTION('',(-0.707106781187,-0.707106781187,0.));
#1676 = ADVANCED_FACE('',(#1677),#1688,.F.);
#1677 = FACE_BOUND('',#1678,.F.);
#1678 = EDGE_LOOP('',(#1679,#1685,#1686,#1687));
#1679 = ORIENTED_EDGE('',*,*,#1680,.T.);
#1680 = EDGE_CURVE('',#1099,#1346,#1681,.T.);
#1681 = LINE('',#1682,#1683);
#1682 = CARTESIAN_POINT('',(1.016,-3.81,0.));
#1683 = VECTOR('',#1684,1.);
#1684 = DIRECTION('',(0.,0.,1.));
#1685 = ORIENTED_EDGE('',*,*,#1353,.T.);
#1686 = ORIENTED_EDGE('',*,*,#1646,.F.);
#1687 = ORIENTED_EDGE('',*,*,#1106,.F.);
#1688 = PLANE('',#1689);
#1689 = AXIS2_PLACEMENT_3D('',#1690,#1691,#1692);
#1690 = CARTESIAN_POINT('',(1.016,-3.81,0.));
#1691 = DIRECTION('',(-0.707106781187,0.707106781187,0.));
#1692 = DIRECTION('',(0.707106781187,0.707106781187,0.));
#1693 = ADVANCED_FACE('',(#1694),#1705,.F.);
#1694 = FACE_BOUND('',#1695,.F.);
#1695 = EDGE_LOOP('',(#1696,#1697,#1698,#1704));
#1696 = ORIENTED_EDGE('',*,*,#1665,.T.);
#1697 = ORIENTED_EDGE('',*,*,#1305,.T.);
#1698 = ORIENTED_EDGE('',*,*,#1699,.F.);
#1699 = EDGE_CURVE('',#1059,#1306,#1700,.T.);
#1700 = LINE('',#1701,#1702);
#1701 = CARTESIAN_POINT('',(-1.27,-6.096,0.));
#1702 = VECTOR('',#1703,1.);
#1703 = DIRECTION('',(0.,0.,1.));
#1704 = ORIENTED_EDGE('',*,*,#1058,.F.);
#1705 = PLANE('',#1706);
#1706 = AXIS2_PLACEMENT_3D('',#1707,#1708,#1709);
#1707 = CARTESIAN_POINT('',(-1.27,-4.064,0.));
#1708 = DIRECTION('',(1.,0.,0.));
#1709 = DIRECTION('',(0.,-1.,0.));
#1710 = ADVANCED_FACE('',(#1711),#1722,.F.);
#1711 = FACE_BOUND('',#1712,.F.);
#1712 = EDGE_LOOP('',(#1713,#1719,#1720,#1721));
#1713 = ORIENTED_EDGE('',*,*,#1714,.T.);
#1714 = EDGE_CURVE('',#1091,#1338,#1715,.T.);
#1715 = LINE('',#1716,#1717);
#1716 = CARTESIAN_POINT('',(1.27,-4.064,0.));
#1717 = VECTOR('',#1718,1.);
#1718 = DIRECTION('',(0.,0.,1.));
#1719 = ORIENTED_EDGE('',*,*,#1345,.T.);
#1720 = ORIENTED_EDGE('',*,*,#1680,.F.);
#1721 = ORIENTED_EDGE('',*,*,#1098,.F.);
#1722 = PLANE('',#1723);
#1723 = AXIS2_PLACEMENT_3D('',#1724,#1725,#1726);
#1724 = CARTESIAN_POINT('',(1.27,-4.064,0.));
#1725 = DIRECTION('',(-0.707106781187,-0.707106781187,0.));
#1726 = DIRECTION('',(-0.707106781187,0.707106781187,0.));
#1727 = ADVANCED_FACE('',(#1728),#1739,.F.);
#1728 = FACE_BOUND('',#1729,.F.);
#1729 = EDGE_LOOP('',(#1730,#1731,#1732,#1738));
#1730 = ORIENTED_EDGE('',*,*,#1699,.T.);
#1731 = ORIENTED_EDGE('',*,*,#1313,.T.);
#1732 = ORIENTED_EDGE('',*,*,#1733,.F.);
#1733 = EDGE_CURVE('',#1067,#1314,#1734,.T.);
#1734 = LINE('',#1735,#1736);
#1735 = CARTESIAN_POINT('',(-1.016,-6.35,0.));
#1736 = VECTOR('',#1737,1.);
#1737 = DIRECTION('',(0.,0.,1.));
#1738 = ORIENTED_EDGE('',*,*,#1066,.F.);
#1739 = PLANE('',#1740);
#1740 = AXIS2_PLACEMENT_3D('',#1741,#1742,#1743);
#1741 = CARTESIAN_POINT('',(-1.27,-6.096,0.));
#1742 = DIRECTION('',(0.707106781187,0.707106781187,0.));
#1743 = DIRECTION('',(0.707106781187,-0.707106781187,0.));
#1744 = ADVANCED_FACE('',(#1745),#1756,.F.);
#1745 = FACE_BOUND('',#1746,.F.);
#1746 = EDGE_LOOP('',(#1747,#1753,#1754,#1755));
#1747 = ORIENTED_EDGE('',*,*,#1748,.T.);
#1748 = EDGE_CURVE('',#1083,#1330,#1749,.T.);
#1749 = LINE('',#1750,#1751);
#1750 = CARTESIAN_POINT('',(1.27,-6.096,0.));
#1751 = VECTOR('',#1752,1.);
#1752 = DIRECTION('',(0.,0.,1.));
#1753 = ORIENTED_EDGE('',*,*,#1337,.T.);
#1754 = ORIENTED_EDGE('',*,*,#1714,.F.);
#1755 = ORIENTED_EDGE('',*,*,#1090,.F.);
#1756 = PLANE('',#1757);
#1757 = AXIS2_PLACEMENT_3D('',#1758,#1759,#1760);
#1758 = CARTESIAN_POINT('',(1.27,-6.096,0.));
#1759 = DIRECTION('',(-1.,0.,0.));
#1760 = DIRECTION('',(0.,1.,0.));
#1761 = ADVANCED_FACE('',(#1762),#1773,.F.);
#1762 = FACE_BOUND('',#1763,.F.);
#1763 = EDGE_LOOP('',(#1764,#1765,#1766,#1772));
#1764 = ORIENTED_EDGE('',*,*,#1733,.T.);
#1765 = ORIENTED_EDGE('',*,*,#1321,.T.);
#1766 = ORIENTED_EDGE('',*,*,#1767,.F.);
#1767 = EDGE_CURVE('',#1075,#1322,#1768,.T.);
#1768 = LINE('',#1769,#1770);
#1769 = CARTESIAN_POINT('',(1.016,-6.35,0.));
#1770 = VECTOR('',#1771,1.);
#1771 = DIRECTION('',(0.,0.,1.));
#1772 = ORIENTED_EDGE('',*,*,#1074,.F.);
#1773 = PLANE('',#1774);
#1774 = AXIS2_PLACEMENT_3D('',#1775,#1776,#1777);
#1775 = CARTESIAN_POINT('',(-1.016,-6.35,0.));
#1776 = DIRECTION('',(0.,1.,0.));
#1777 = DIRECTION('',(1.,0.,0.));
#1778 = ADVANCED_FACE('',(#1779),#1785,.F.);
#1779 = FACE_BOUND('',#1780,.F.);
#1780 = EDGE_LOOP('',(#1781,#1782,#1783,#1784));
#1781 = ORIENTED_EDGE('',*,*,#1767,.T.);
#1782 = ORIENTED_EDGE('',*,*,#1329,.T.);
#1783 = ORIENTED_EDGE('',*,*,#1748,.F.);
#1784 = ORIENTED_EDGE('',*,*,#1082,.F.);
#1785 = PLANE('',#1786);
#1786 = AXIS2_PLACEMENT_3D('',#1787,#1788,#1789);
#1787 = CARTESIAN_POINT('',(1.016,-6.35,0.));
#1788 = DIRECTION('',(-0.707106781187,0.707106781187,0.));
#1789 = DIRECTION('',(0.707106781187,0.707106781187,0.));
#1790 = ADVANCED_FACE('',(#1791),#1816,.T.);
#1791 = FACE_BOUND('',#1792,.T.);
#1792 = EDGE_LOOP('',(#1793,#1801,#1809,#1815));
#1793 = ORIENTED_EDGE('',*,*,#1794,.F.);
#1794 = EDGE_CURVE('',#1795,#1156,#1797,.T.);
#1795 = VERTEX_POINT('',#1796);
#1796 = CARTESIAN_POINT('',(0.32,-0.32,-2.84));
#1797 = LINE('',#1798,#1799);
#1798 = CARTESIAN_POINT('',(0.32,-0.32,-3.));
#1799 = VECTOR('',#1800,1.);
#1800 = DIRECTION('',(0.,0.,1.));
#1801 = ORIENTED_EDGE('',*,*,#1802,.T.);
#1802 = EDGE_CURVE('',#1795,#1803,#1805,.T.);
#1803 = VERTEX_POINT('',#1804);
#1804 = CARTESIAN_POINT('',(0.32,0.32,-2.84));
#1805 = LINE('',#1806,#1807);
#1806 = CARTESIAN_POINT('',(0.32,-0.32,-2.84));
#1807 = VECTOR('',#1808,1.);
#1808 = DIRECTION('',(0.,1.,0.));
#1809 = ORIENTED_EDGE('',*,*,#1810,.T.);
#1810 = EDGE_CURVE('',#1803,#1158,#1811,.T.);
#1811 = LINE('',#1812,#1813);
#1812 = CARTESIAN_POINT('',(0.32,0.32,-3.));
#1813 = VECTOR('',#1814,1.);
#1814 = DIRECTION('',(0.,0.,1.));
#1815 = ORIENTED_EDGE('',*,*,#1155,.F.);
#1816 = PLANE('',#1817);
#1817 = AXIS2_PLACEMENT_3D('',#1818,#1819,#1820);
#1818 = CARTESIAN_POINT('',(0.32,-0.32,-3.));
#1819 = DIRECTION('',(1.,0.,0.));
#1820 = DIRECTION('',(0.,0.,1.));
#1821 = ADVANCED_FACE('',(#1822),#1840,.T.);
#1822 = FACE_BOUND('',#1823,.T.);
#1823 = EDGE_LOOP('',(#1824,#1825,#1833,#1839));
#1824 = ORIENTED_EDGE('',*,*,#1810,.F.);
#1825 = ORIENTED_EDGE('',*,*,#1826,.F.);
#1826 = EDGE_CURVE('',#1827,#1803,#1829,.T.);
#1827 = VERTEX_POINT('',#1828);
#1828 = CARTESIAN_POINT('',(-0.32,0.32,-2.84));
#1829 = LINE('',#1830,#1831);
#1830 = CARTESIAN_POINT('',(-0.32,0.32,-2.84));
#1831 = VECTOR('',#1832,1.);
#1832 = DIRECTION('',(1.,0.,0.));
#1833 = ORIENTED_EDGE('',*,*,#1834,.T.);
#1834 = EDGE_CURVE('',#1827,#1174,#1835,.T.);
#1835 = LINE('',#1836,#1837);
#1836 = CARTESIAN_POINT('',(-0.32,0.32,-3.));
#1837 = VECTOR('',#1838,1.);
#1838 = DIRECTION('',(0.,0.,1.));
#1839 = ORIENTED_EDGE('',*,*,#1181,.F.);
#1840 = PLANE('',#1841);
#1841 = AXIS2_PLACEMENT_3D('',#1842,#1843,#1844);
#1842 = CARTESIAN_POINT('',(-0.32,0.32,-3.));
#1843 = DIRECTION('',(0.,1.,0.));
#1844 = DIRECTION('',(0.,-0.,1.));
#1845 = ADVANCED_FACE('',(#1846),#1864,.F.);
#1846 = FACE_BOUND('',#1847,.F.);
#1847 = EDGE_LOOP('',(#1848,#1856,#1862,#1863));
#1848 = ORIENTED_EDGE('',*,*,#1849,.F.);
#1849 = EDGE_CURVE('',#1850,#1166,#1852,.T.);
#1850 = VERTEX_POINT('',#1851);
#1851 = CARTESIAN_POINT('',(-0.32,-0.32,-2.84));
#1852 = LINE('',#1853,#1854);
#1853 = CARTESIAN_POINT('',(-0.32,-0.32,-3.));
#1854 = VECTOR('',#1855,1.);
#1855 = DIRECTION('',(0.,0.,1.));
#1856 = ORIENTED_EDGE('',*,*,#1857,.T.);
#1857 = EDGE_CURVE('',#1850,#1827,#1858,.T.);
#1858 = LINE('',#1859,#1860);
#1859 = CARTESIAN_POINT('',(-0.32,-0.32,-2.84));
#1860 = VECTOR('',#1861,1.);
#1861 = DIRECTION('',(0.,1.,0.));
#1862 = ORIENTED_EDGE('',*,*,#1834,.T.);
#1863 = ORIENTED_EDGE('',*,*,#1173,.F.);
#1864 = PLANE('',#1865);
#1865 = AXIS2_PLACEMENT_3D('',#1866,#1867,#1868);
#1866 = CARTESIAN_POINT('',(-0.32,-0.32,-3.));
#1867 = DIRECTION('',(1.,0.,0.));
#1868 = DIRECTION('',(0.,0.,1.));
#1869 = ADVANCED_FACE('',(#1870),#1881,.F.);
#1870 = FACE_BOUND('',#1871,.F.);
#1871 = EDGE_LOOP('',(#1872,#1873,#1879,#1880));
#1872 = ORIENTED_EDGE('',*,*,#1794,.F.);
#1873 = ORIENTED_EDGE('',*,*,#1874,.F.);
#1874 = EDGE_CURVE('',#1850,#1795,#1875,.T.);
#1875 = LINE('',#1876,#1877);
#1876 = CARTESIAN_POINT('',(-0.32,-0.32,-2.84));
#1877 = VECTOR('',#1878,1.);
#1878 = DIRECTION('',(1.,0.,0.));
#1879 = ORIENTED_EDGE('',*,*,#1849,.T.);
#1880 = ORIENTED_EDGE('',*,*,#1165,.F.);
#1881 = PLANE('',#1882);
#1882 = AXIS2_PLACEMENT_3D('',#1883,#1884,#1885);
#1883 = CARTESIAN_POINT('',(-0.32,-0.32,-3.));
#1884 = DIRECTION('',(0.,1.,0.));
#1885 = DIRECTION('',(0.,-0.,1.));
#1886 = ADVANCED_FACE('',(#1887),#1912,.F.);
#1887 = FACE_BOUND('',#1888,.F.);
#1888 = EDGE_LOOP('',(#1889,#1897,#1905,#1911));
#1889 = ORIENTED_EDGE('',*,*,#1890,.F.);
#1890 = EDGE_CURVE('',#1891,#1190,#1893,.T.);
#1891 = VERTEX_POINT('',#1892);
#1892 = CARTESIAN_POINT('',(0.32,-2.86,-2.84));
#1893 = LINE('',#1894,#1895);
#1894 = CARTESIAN_POINT('',(0.32,-2.86,-3.));
#1895 = VECTOR('',#1896,1.);
#1896 = DIRECTION('',(0.,0.,1.));
#1897 = ORIENTED_EDGE('',*,*,#1898,.F.);
#1898 = EDGE_CURVE('',#1899,#1891,#1901,.T.);
#1899 = VERTEX_POINT('',#1900);
#1900 = CARTESIAN_POINT('',(-0.32,-2.86,-2.84));
#1901 = LINE('',#1902,#1903);
#1902 = CARTESIAN_POINT('',(-0.32,-2.86,-2.84));
#1903 = VECTOR('',#1904,1.);
#1904 = DIRECTION('',(1.,0.,0.));
#1905 = ORIENTED_EDGE('',*,*,#1906,.T.);
#1906 = EDGE_CURVE('',#1899,#1192,#1907,.T.);
#1907 = LINE('',#1908,#1909);
#1908 = CARTESIAN_POINT('',(-0.32,-2.86,-3.));
#1909 = VECTOR('',#1910,1.);
#1910 = DIRECTION('',(0.,0.,1.));
#1911 = ORIENTED_EDGE('',*,*,#1189,.F.);
#1912 = PLANE('',#1913);
#1913 = AXIS2_PLACEMENT_3D('',#1914,#1915,#1916);
#1914 = CARTESIAN_POINT('',(-0.32,-2.86,-3.));
#1915 = DIRECTION('',(0.,1.,0.));
#1916 = DIRECTION('',(0.,-0.,1.));
#1917 = ADVANCED_FACE('',(#1918),#1936,.T.);
#1918 = FACE_BOUND('',#1919,.T.);
#1919 = EDGE_LOOP('',(#1920,#1921,#1929,#1935));
#1920 = ORIENTED_EDGE('',*,*,#1890,.F.);
#1921 = ORIENTED_EDGE('',*,*,#1922,.T.);
#1922 = EDGE_CURVE('',#1891,#1923,#1925,.T.);
#1923 = VERTEX_POINT('',#1924);
#1924 = CARTESIAN_POINT('',(0.32,-2.22,-2.84));
#1925 = LINE('',#1926,#1927);
#1926 = CARTESIAN_POINT('',(0.32,-2.86,-2.84));
#1927 = VECTOR('',#1928,1.);
#1928 = DIRECTION('',(0.,1.,0.));
#1929 = ORIENTED_EDGE('',*,*,#1930,.T.);
#1930 = EDGE_CURVE('',#1923,#1208,#1931,.T.);
#1931 = LINE('',#1932,#1933);
#1932 = CARTESIAN_POINT('',(0.32,-2.22,-3.));
#1933 = VECTOR('',#1934,1.);
#1934 = DIRECTION('',(0.,0.,1.));
#1935 = ORIENTED_EDGE('',*,*,#1215,.F.);
#1936 = PLANE('',#1937);
#1937 = AXIS2_PLACEMENT_3D('',#1938,#1939,#1940);
#1938 = CARTESIAN_POINT('',(0.32,-2.86,-3.));
#1939 = DIRECTION('',(1.,0.,0.));
#1940 = DIRECTION('',(0.,0.,1.));
#1941 = ADVANCED_FACE('',(#1942),#1960,.T.);
#1942 = FACE_BOUND('',#1943,.T.);
#1943 = EDGE_LOOP('',(#1944,#1945,#1953,#1959));
#1944 = ORIENTED_EDGE('',*,*,#1930,.F.);
#1945 = ORIENTED_EDGE('',*,*,#1946,.F.);
#1946 = EDGE_CURVE('',#1947,#1923,#1949,.T.);
#1947 = VERTEX_POINT('',#1948);
#1948 = CARTESIAN_POINT('',(-0.32,-2.22,-2.84));
#1949 = LINE('',#1950,#1951);
#1950 = CARTESIAN_POINT('',(-0.32,-2.22,-2.84));
#1951 = VECTOR('',#1952,1.);
#1952 = DIRECTION('',(1.,0.,0.));
#1953 = ORIENTED_EDGE('',*,*,#1954,.T.);
#1954 = EDGE_CURVE('',#1947,#1200,#1955,.T.);
#1955 = LINE('',#1956,#1957);
#1956 = CARTESIAN_POINT('',(-0.32,-2.22,-3.));
#1957 = VECTOR('',#1958,1.);
#1958 = DIRECTION('',(0.,0.,1.));
#1959 = ORIENTED_EDGE('',*,*,#1207,.F.);
#1960 = PLANE('',#1961);
#1961 = AXIS2_PLACEMENT_3D('',#1962,#1963,#1964);
#1962 = CARTESIAN_POINT('',(-0.32,-2.22,-3.));
#1963 = DIRECTION('',(0.,1.,0.));
#1964 = DIRECTION('',(0.,-0.,1.));
#1965 = ADVANCED_FACE('',(#1966),#1977,.F.);
#1966 = FACE_BOUND('',#1967,.F.);
#1967 = EDGE_LOOP('',(#1968,#1969,#1975,#1976));
#1968 = ORIENTED_EDGE('',*,*,#1906,.F.);
#1969 = ORIENTED_EDGE('',*,*,#1970,.T.);
#1970 = EDGE_CURVE('',#1899,#1947,#1971,.T.);
#1971 = LINE('',#1972,#1973);
#1972 = CARTESIAN_POINT('',(-0.32,-2.86,-2.84));
#1973 = VECTOR('',#1974,1.);
#1974 = DIRECTION('',(0.,1.,0.));
#1975 = ORIENTED_EDGE('',*,*,#1954,.T.);
#1976 = ORIENTED_EDGE('',*,*,#1199,.F.);
#1977 = PLANE('',#1978);
#1978 = AXIS2_PLACEMENT_3D('',#1979,#1980,#1981);
#1979 = CARTESIAN_POINT('',(-0.32,-2.86,-3.));
#1980 = DIRECTION('',(1.,0.,0.));
#1981 = DIRECTION('',(0.,0.,1.));
#1982 = ADVANCED_FACE('',(#1983),#2008,.T.);
#1983 = FACE_BOUND('',#1984,.T.);
#1984 = EDGE_LOOP('',(#1985,#1993,#2001,#2007));
#1985 = ORIENTED_EDGE('',*,*,#1986,.F.);
#1986 = EDGE_CURVE('',#1987,#1224,#1989,.T.);
#1987 = VERTEX_POINT('',#1988);
#1988 = CARTESIAN_POINT('',(0.32,-4.76,-2.84));
#1989 = LINE('',#1990,#1991);
#1990 = CARTESIAN_POINT('',(0.32,-4.76,-3.));
#1991 = VECTOR('',#1992,1.);
#1992 = DIRECTION('',(0.,0.,1.));
#1993 = ORIENTED_EDGE('',*,*,#1994,.F.);
#1994 = EDGE_CURVE('',#1995,#1987,#1997,.T.);
#1995 = VERTEX_POINT('',#1996);
#1996 = CARTESIAN_POINT('',(-0.32,-4.76,-2.84));
#1997 = LINE('',#1998,#1999);
#1998 = CARTESIAN_POINT('',(-0.32,-4.76,-2.84));
#1999 = VECTOR('',#2000,1.);
#2000 = DIRECTION('',(1.,0.,0.));
#2001 = ORIENTED_EDGE('',*,*,#2002,.T.);
#2002 = EDGE_CURVE('',#1995,#1226,#2003,.T.);
#2003 = LINE('',#2004,#2005);
#2004 = CARTESIAN_POINT('',(-0.32,-4.76,-3.));
#2005 = VECTOR('',#2006,1.);
#2006 = DIRECTION('',(0.,0.,1.));
#2007 = ORIENTED_EDGE('',*,*,#1223,.F.);
#2008 = PLANE('',#2009);
#2009 = AXIS2_PLACEMENT_3D('',#2010,#2011,#2012);
#2010 = CARTESIAN_POINT('',(-0.32,-4.76,-3.));
#2011 = DIRECTION('',(0.,1.,0.));
#2012 = DIRECTION('',(0.,-0.,1.));
#2013 = ADVANCED_FACE('',(#2014),#2032,.F.);
#2014 = FACE_BOUND('',#2015,.F.);
#2015 = EDGE_LOOP('',(#2016,#2024,#2030,#2031));
#2016 = ORIENTED_EDGE('',*,*,#2017,.F.);
#2017 = EDGE_CURVE('',#2018,#1242,#2020,.T.);
#2018 = VERTEX_POINT('',#2019);
#2019 = CARTESIAN_POINT('',(-0.32,-5.4,-2.84));
#2020 = LINE('',#2021,#2022);
#2021 = CARTESIAN_POINT('',(-0.32,-5.4,-3.));
#2022 = VECTOR('',#2023,1.);
#2023 = DIRECTION('',(0.,0.,1.));
#2024 = ORIENTED_EDGE('',*,*,#2025,.T.);
#2025 = EDGE_CURVE('',#2018,#1995,#2026,.T.);
#2026 = LINE('',#2027,#2028);
#2027 = CARTESIAN_POINT('',(-0.32,-5.4,-2.84));
#2028 = VECTOR('',#2029,1.);
#2029 = DIRECTION('',(0.,1.,0.));
#2030 = ORIENTED_EDGE('',*,*,#2002,.T.);
#2031 = ORIENTED_EDGE('',*,*,#1249,.F.);
#2032 = PLANE('',#2033);
#2033 = AXIS2_PLACEMENT_3D('',#2034,#2035,#2036);
#2034 = CARTESIAN_POINT('',(-0.32,-5.4,-3.));
#2035 = DIRECTION('',(1.,0.,0.));
#2036 = DIRECTION('',(0.,0.,1.));
#2037 = ADVANCED_FACE('',(#2038),#2056,.F.);
#2038 = FACE_BOUND('',#2039,.F.);
#2039 = EDGE_LOOP('',(#2040,#2048,#2054,#2055));
#2040 = ORIENTED_EDGE('',*,*,#2041,.F.);
#2041 = EDGE_CURVE('',#2042,#1234,#2044,.T.);
#2042 = VERTEX_POINT('',#2043);
#2043 = CARTESIAN_POINT('',(0.32,-5.4,-2.84));
#2044 = LINE('',#2045,#2046);
#2045 = CARTESIAN_POINT('',(0.32,-5.4,-3.));
#2046 = VECTOR('',#2047,1.);
#2047 = DIRECTION('',(0.,0.,1.));
#2048 = ORIENTED_EDGE('',*,*,#2049,.F.);
#2049 = EDGE_CURVE('',#2018,#2042,#2050,.T.);
#2050 = LINE('',#2051,#2052);
#2051 = CARTESIAN_POINT('',(-0.32,-5.4,-2.84));
#2052 = VECTOR('',#2053,1.);
#2053 = DIRECTION('',(1.,0.,0.));
#2054 = ORIENTED_EDGE('',*,*,#2017,.T.);
#2055 = ORIENTED_EDGE('',*,*,#1241,.F.);
#2056 = PLANE('',#2057);
#2057 = AXIS2_PLACEMENT_3D('',#2058,#2059,#2060);
#2058 = CARTESIAN_POINT('',(-0.32,-5.4,-3.));
#2059 = DIRECTION('',(0.,1.,0.));
#2060 = DIRECTION('',(0.,-0.,1.));
#2061 = ADVANCED_FACE('',(#2062),#2073,.T.);
#2062 = FACE_BOUND('',#2063,.T.);
#2063 = EDGE_LOOP('',(#2064,#2065,#2071,#2072));
#2064 = ORIENTED_EDGE('',*,*,#2041,.F.);
#2065 = ORIENTED_EDGE('',*,*,#2066,.T.);
#2066 = EDGE_CURVE('',#2042,#1987,#2067,.T.);
#2067 = LINE('',#2068,#2069);
#2068 = CARTESIAN_POINT('',(0.32,-5.4,-2.84));
#2069 = VECTOR('',#2070,1.);
#2070 = DIRECTION('',(0.,1.,0.));
#2071 = ORIENTED_EDGE('',*,*,#1986,.T.);
#2072 = ORIENTED_EDGE('',*,*,#1233,.F.);
#2073 = PLANE('',#2074);
#2074 = AXIS2_PLACEMENT_3D('',#2075,#2076,#2077);
#2075 = CARTESIAN_POINT('',(0.32,-5.4,-3.));
#2076 = DIRECTION('',(1.,0.,0.));
#2077 = DIRECTION('',(0.,0.,1.));
#2078 = ADVANCED_FACE('',(#2079),#2104,.T.);
#2079 = FACE_BOUND('',#2080,.T.);
#2080 = EDGE_LOOP('',(#2081,#2089,#2090,#2098));
#2081 = ORIENTED_EDGE('',*,*,#2082,.F.);
#2082 = EDGE_CURVE('',#1403,#2083,#2085,.T.);
#2083 = VERTEX_POINT('',#2084);
#2084 = CARTESIAN_POINT('',(0.32,-0.32,8.38));
#2085 = LINE('',#2086,#2087);
#2086 = CARTESIAN_POINT('',(0.32,-0.32,-3.));
#2087 = VECTOR('',#2088,1.);
#2088 = DIRECTION('',(0.,0.,1.));
#2089 = ORIENTED_EDGE('',*,*,#1402,.T.);
#2090 = ORIENTED_EDGE('',*,*,#2091,.T.);
#2091 = EDGE_CURVE('',#1405,#2092,#2094,.T.);
#2092 = VERTEX_POINT('',#2093);
#2093 = CARTESIAN_POINT('',(0.32,0.32,8.38));
#2094 = LINE('',#2095,#2096);
#2095 = CARTESIAN_POINT('',(0.32,0.32,-3.));
#2096 = VECTOR('',#2097,1.);
#2097 = DIRECTION('',(0.,0.,1.));
#2098 = ORIENTED_EDGE('',*,*,#2099,.F.);
#2099 = EDGE_CURVE('',#2083,#2092,#2100,.T.);
#2100 = LINE('',#2101,#2102);
#2101 = CARTESIAN_POINT('',(0.32,-0.32,8.38));
#2102 = VECTOR('',#2103,1.);
#2103 = DIRECTION('',(0.,1.,0.));
#2104 = PLANE('',#2105);
#2105 = AXIS2_PLACEMENT_3D('',#2106,#2107,#2108);
#2106 = CARTESIAN_POINT('',(0.32,-0.32,-3.));
#2107 = DIRECTION('',(1.,0.,0.));
#2108 = DIRECTION('',(0.,0.,1.));
#2109 = ADVANCED_FACE('',(#2110),#2128,.T.);
#2110 = FACE_BOUND('',#2111,.T.);
#2111 = EDGE_LOOP('',(#2112,#2113,#2114,#2122));
#2112 = ORIENTED_EDGE('',*,*,#2091,.F.);
#2113 = ORIENTED_EDGE('',*,*,#1428,.T.);
#2114 = ORIENTED_EDGE('',*,*,#2115,.T.);
#2115 = EDGE_CURVE('',#1421,#2116,#2118,.T.);
#2116 = VERTEX_POINT('',#2117);
#2117 = CARTESIAN_POINT('',(-0.32,0.32,8.38));
#2118 = LINE('',#2119,#2120);
#2119 = CARTESIAN_POINT('',(-0.32,0.32,-3.));
#2120 = VECTOR('',#2121,1.);
#2121 = DIRECTION('',(0.,0.,1.));
#2122 = ORIENTED_EDGE('',*,*,#2123,.T.);
#2123 = EDGE_CURVE('',#2116,#2092,#2124,.T.);
#2124 = LINE('',#2125,#2126);
#2125 = CARTESIAN_POINT('',(-0.32,0.32,8.38));
#2126 = VECTOR('',#2127,1.);
#2127 = DIRECTION('',(1.,0.,0.));
#2128 = PLANE('',#2129);
#2129 = AXIS2_PLACEMENT_3D('',#2130,#2131,#2132);
#2130 = CARTESIAN_POINT('',(-0.32,0.32,-3.));
#2131 = DIRECTION('',(0.,1.,0.));
#2132 = DIRECTION('',(0.,-0.,1.));
#2133 = ADVANCED_FACE('',(#2134),#2152,.F.);
#2134 = FACE_BOUND('',#2135,.F.);
#2135 = EDGE_LOOP('',(#2136,#2144,#2145,#2146));
#2136 = ORIENTED_EDGE('',*,*,#2137,.F.);
#2137 = EDGE_CURVE('',#1413,#2138,#2140,.T.);
#2138 = VERTEX_POINT('',#2139);
#2139 = CARTESIAN_POINT('',(-0.32,-0.32,8.38));
#2140 = LINE('',#2141,#2142);
#2141 = CARTESIAN_POINT('',(-0.32,-0.32,-3.));
#2142 = VECTOR('',#2143,1.);
#2143 = DIRECTION('',(0.,0.,1.));
#2144 = ORIENTED_EDGE('',*,*,#1420,.T.);
#2145 = ORIENTED_EDGE('',*,*,#2115,.T.);
#2146 = ORIENTED_EDGE('',*,*,#2147,.F.);
#2147 = EDGE_CURVE('',#2138,#2116,#2148,.T.);
#2148 = LINE('',#2149,#2150);
#2149 = CARTESIAN_POINT('',(-0.32,-0.32,8.38));
#2150 = VECTOR('',#2151,1.);
#2151 = DIRECTION('',(0.,1.,0.));
#2152 = PLANE('',#2153);
#2153 = AXIS2_PLACEMENT_3D('',#2154,#2155,#2156);
#2154 = CARTESIAN_POINT('',(-0.32,-0.32,-3.));
#2155 = DIRECTION('',(1.,0.,0.));
#2156 = DIRECTION('',(0.,0.,1.));
#2157 = ADVANCED_FACE('',(#2158),#2169,.F.);
#2158 = FACE_BOUND('',#2159,.F.);
#2159 = EDGE_LOOP('',(#2160,#2161,#2162,#2163));
#2160 = ORIENTED_EDGE('',*,*,#2082,.F.);
#2161 = ORIENTED_EDGE('',*,*,#1412,.T.);
#2162 = ORIENTED_EDGE('',*,*,#2137,.T.);
#2163 = ORIENTED_EDGE('',*,*,#2164,.T.);
#2164 = EDGE_CURVE('',#2138,#2083,#2165,.T.);
#2165 = LINE('',#2166,#2167);
#2166 = CARTESIAN_POINT('',(-0.32,-0.32,8.38));
#2167 = VECTOR('',#2168,1.);
#2168 = DIRECTION('',(1.,0.,0.));
#2169 = PLANE('',#2170);
#2170 = AXIS2_PLACEMENT_3D('',#2171,#2172,#2173);
#2171 = CARTESIAN_POINT('',(-0.32,-0.32,-3.));
#2172 = DIRECTION('',(0.,1.,0.));
#2173 = DIRECTION('',(0.,-0.,1.));
#2174 = ADVANCED_FACE('',(#2175),#2200,.F.);
#2175 = FACE_BOUND('',#2176,.F.);
#2176 = EDGE_LOOP('',(#2177,#2185,#2186,#2194));
#2177 = ORIENTED_EDGE('',*,*,#2178,.F.);
#2178 = EDGE_CURVE('',#1437,#2179,#2181,.T.);
#2179 = VERTEX_POINT('',#2180);
#2180 = CARTESIAN_POINT('',(0.32,-2.86,8.38));
#2181 = LINE('',#2182,#2183);
#2182 = CARTESIAN_POINT('',(0.32,-2.86,-3.));
#2183 = VECTOR('',#2184,1.);
#2184 = DIRECTION('',(0.,0.,1.));
#2185 = ORIENTED_EDGE('',*,*,#1436,.T.);
#2186 = ORIENTED_EDGE('',*,*,#2187,.T.);
#2187 = EDGE_CURVE('',#1439,#2188,#2190,.T.);
#2188 = VERTEX_POINT('',#2189);
#2189 = CARTESIAN_POINT('',(-0.32,-2.86,8.38));
#2190 = LINE('',#2191,#2192);
#2191 = CARTESIAN_POINT('',(-0.32,-2.86,-3.));
#2192 = VECTOR('',#2193,1.);
#2193 = DIRECTION('',(0.,0.,1.));
#2194 = ORIENTED_EDGE('',*,*,#2195,.T.);
#2195 = EDGE_CURVE('',#2188,#2179,#2196,.T.);
#2196 = LINE('',#2197,#2198);
#2197 = CARTESIAN_POINT('',(-0.32,-2.86,8.38));
#2198 = VECTOR('',#2199,1.);
#2199 = DIRECTION('',(1.,0.,0.));
#2200 = PLANE('',#2201);
#2201 = AXIS2_PLACEMENT_3D('',#2202,#2203,#2204);
#2202 = CARTESIAN_POINT('',(-0.32,-2.86,-3.));
#2203 = DIRECTION('',(0.,1.,0.));
#2204 = DIRECTION('',(0.,-0.,1.));
#2205 = ADVANCED_FACE('',(#2206),#2224,.T.);
#2206 = FACE_BOUND('',#2207,.T.);
#2207 = EDGE_LOOP('',(#2208,#2209,#2210,#2218));
#2208 = ORIENTED_EDGE('',*,*,#2178,.F.);
#2209 = ORIENTED_EDGE('',*,*,#1462,.T.);
#2210 = ORIENTED_EDGE('',*,*,#2211,.T.);
#2211 = EDGE_CURVE('',#1455,#2212,#2214,.T.);
#2212 = VERTEX_POINT('',#2213);
#2213 = CARTESIAN_POINT('',(0.32,-2.22,8.38));
#2214 = LINE('',#2215,#2216);
#2215 = CARTESIAN_POINT('',(0.32,-2.22,-3.));
#2216 = VECTOR('',#2217,1.);
#2217 = DIRECTION('',(0.,0.,1.));
#2218 = ORIENTED_EDGE('',*,*,#2219,.F.);
#2219 = EDGE_CURVE('',#2179,#2212,#2220,.T.);
#2220 = LINE('',#2221,#2222);
#2221 = CARTESIAN_POINT('',(0.32,-2.86,8.38));
#2222 = VECTOR('',#2223,1.);
#2223 = DIRECTION('',(0.,1.,0.));
#2224 = PLANE('',#2225);
#2225 = AXIS2_PLACEMENT_3D('',#2226,#2227,#2228);
#2226 = CARTESIAN_POINT('',(0.32,-2.86,-3.));
#2227 = DIRECTION('',(1.,0.,0.));
#2228 = DIRECTION('',(0.,0.,1.));
#2229 = ADVANCED_FACE('',(#2230),#2248,.T.);
#2230 = FACE_BOUND('',#2231,.T.);
#2231 = EDGE_LOOP('',(#2232,#2233,#2234,#2242));
#2232 = ORIENTED_EDGE('',*,*,#2211,.F.);
#2233 = ORIENTED_EDGE('',*,*,#1454,.T.);
#2234 = ORIENTED_EDGE('',*,*,#2235,.T.);
#2235 = EDGE_CURVE('',#1447,#2236,#2238,.T.);
#2236 = VERTEX_POINT('',#2237);
#2237 = CARTESIAN_POINT('',(-0.32,-2.22,8.38));
#2238 = LINE('',#2239,#2240);
#2239 = CARTESIAN_POINT('',(-0.32,-2.22,-3.));
#2240 = VECTOR('',#2241,1.);
#2241 = DIRECTION('',(0.,0.,1.));
#2242 = ORIENTED_EDGE('',*,*,#2243,.T.);
#2243 = EDGE_CURVE('',#2236,#2212,#2244,.T.);
#2244 = LINE('',#2245,#2246);
#2245 = CARTESIAN_POINT('',(-0.32,-2.22,8.38));
#2246 = VECTOR('',#2247,1.);
#2247 = DIRECTION('',(1.,0.,0.));
#2248 = PLANE('',#2249);
#2249 = AXIS2_PLACEMENT_3D('',#2250,#2251,#2252);
#2250 = CARTESIAN_POINT('',(-0.32,-2.22,-3.));
#2251 = DIRECTION('',(0.,1.,0.));
#2252 = DIRECTION('',(0.,-0.,1.));
#2253 = ADVANCED_FACE('',(#2254),#2265,.F.);
#2254 = FACE_BOUND('',#2255,.F.);
#2255 = EDGE_LOOP('',(#2256,#2257,#2258,#2259));
#2256 = ORIENTED_EDGE('',*,*,#2187,.F.);
#2257 = ORIENTED_EDGE('',*,*,#1446,.T.);
#2258 = ORIENTED_EDGE('',*,*,#2235,.T.);
#2259 = ORIENTED_EDGE('',*,*,#2260,.F.);
#2260 = EDGE_CURVE('',#2188,#2236,#2261,.T.);
#2261 = LINE('',#2262,#2263);
#2262 = CARTESIAN_POINT('',(-0.32,-2.86,8.38));
#2263 = VECTOR('',#2264,1.);
#2264 = DIRECTION('',(0.,1.,0.));
#2265 = PLANE('',#2266);
#2266 = AXIS2_PLACEMENT_3D('',#2267,#2268,#2269);
#2267 = CARTESIAN_POINT('',(-0.32,-2.86,-3.));
#2268 = DIRECTION('',(1.,0.,0.));
#2269 = DIRECTION('',(0.,0.,1.));
#2270 = ADVANCED_FACE('',(#2271),#2296,.T.);
#2271 = FACE_BOUND('',#2272,.T.);
#2272 = EDGE_LOOP('',(#2273,#2281,#2282,#2290));
#2273 = ORIENTED_EDGE('',*,*,#2274,.F.);
#2274 = EDGE_CURVE('',#1471,#2275,#2277,.T.);
#2275 = VERTEX_POINT('',#2276);
#2276 = CARTESIAN_POINT('',(0.32,-4.76,8.38));
#2277 = LINE('',#2278,#2279);
#2278 = CARTESIAN_POINT('',(0.32,-4.76,-3.));
#2279 = VECTOR('',#2280,1.);
#2280 = DIRECTION('',(0.,0.,1.));
#2281 = ORIENTED_EDGE('',*,*,#1470,.T.);
#2282 = ORIENTED_EDGE('',*,*,#2283,.T.);
#2283 = EDGE_CURVE('',#1473,#2284,#2286,.T.);
#2284 = VERTEX_POINT('',#2285);
#2285 = CARTESIAN_POINT('',(-0.32,-4.76,8.38));
#2286 = LINE('',#2287,#2288);
#2287 = CARTESIAN_POINT('',(-0.32,-4.76,-3.));
#2288 = VECTOR('',#2289,1.);
#2289 = DIRECTION('',(0.,0.,1.));
#2290 = ORIENTED_EDGE('',*,*,#2291,.T.);
#2291 = EDGE_CURVE('',#2284,#2275,#2292,.T.);
#2292 = LINE('',#2293,#2294);
#2293 = CARTESIAN_POINT('',(-0.32,-4.76,8.38));
#2294 = VECTOR('',#2295,1.);
#2295 = DIRECTION('',(1.,0.,0.));
#2296 = PLANE('',#2297);
#2297 = AXIS2_PLACEMENT_3D('',#2298,#2299,#2300);
#2298 = CARTESIAN_POINT('',(-0.32,-4.76,-3.));
#2299 = DIRECTION('',(0.,1.,0.));
#2300 = DIRECTION('',(0.,-0.,1.));
#2301 = ADVANCED_FACE('',(#2302),#2320,.F.);
#2302 = FACE_BOUND('',#2303,.F.);
#2303 = EDGE_LOOP('',(#2304,#2312,#2313,#2314));
#2304 = ORIENTED_EDGE('',*,*,#2305,.F.);
#2305 = EDGE_CURVE('',#1489,#2306,#2308,.T.);
#2306 = VERTEX_POINT('',#2307);
#2307 = CARTESIAN_POINT('',(-0.32,-5.4,8.38));
#2308 = LINE('',#2309,#2310);
#2309 = CARTESIAN_POINT('',(-0.32,-5.4,-3.));
#2310 = VECTOR('',#2311,1.);
#2311 = DIRECTION('',(0.,0.,1.));
#2312 = ORIENTED_EDGE('',*,*,#1496,.T.);
#2313 = ORIENTED_EDGE('',*,*,#2283,.T.);
#2314 = ORIENTED_EDGE('',*,*,#2315,.F.);
#2315 = EDGE_CURVE('',#2306,#2284,#2316,.T.);
#2316 = LINE('',#2317,#2318);
#2317 = CARTESIAN_POINT('',(-0.32,-5.4,8.38));
#2318 = VECTOR('',#2319,1.);
#2319 = DIRECTION('',(0.,1.,0.));
#2320 = PLANE('',#2321);
#2321 = AXIS2_PLACEMENT_3D('',#2322,#2323,#2324);
#2322 = CARTESIAN_POINT('',(-0.32,-5.4,-3.));
#2323 = DIRECTION('',(1.,0.,0.));
#2324 = DIRECTION('',(0.,0.,1.));
#2325 = ADVANCED_FACE('',(#2326),#2344,.F.);
#2326 = FACE_BOUND('',#2327,.F.);
#2327 = EDGE_LOOP('',(#2328,#2336,#2337,#2338));
#2328 = ORIENTED_EDGE('',*,*,#2329,.F.);
#2329 = EDGE_CURVE('',#1481,#2330,#2332,.T.);
#2330 = VERTEX_POINT('',#2331);
#2331 = CARTESIAN_POINT('',(0.32,-5.4,8.38));
#2332 = LINE('',#2333,#2334);
#2333 = CARTESIAN_POINT('',(0.32,-5.4,-3.));
#2334 = VECTOR('',#2335,1.);
#2335 = DIRECTION('',(0.,0.,1.));
#2336 = ORIENTED_EDGE('',*,*,#1488,.T.);
#2337 = ORIENTED_EDGE('',*,*,#2305,.T.);
#2338 = ORIENTED_EDGE('',*,*,#2339,.T.);
#2339 = EDGE_CURVE('',#2306,#2330,#2340,.T.);
#2340 = LINE('',#2341,#2342);
#2341 = CARTESIAN_POINT('',(-0.32,-5.4,8.38));
#2342 = VECTOR('',#2343,1.);
#2343 = DIRECTION('',(1.,0.,0.));
#2344 = PLANE('',#2345);
#2345 = AXIS2_PLACEMENT_3D('',#2346,#2347,#2348);
#2346 = CARTESIAN_POINT('',(-0.32,-5.4,-3.));
#2347 = DIRECTION('',(0.,1.,0.));
#2348 = DIRECTION('',(0.,-0.,1.));
#2349 = ADVANCED_FACE('',(#2350),#2361,.T.);
#2350 = FACE_BOUND('',#2351,.T.);
#2351 = EDGE_LOOP('',(#2352,#2353,#2354,#2355));
#2352 = ORIENTED_EDGE('',*,*,#2329,.F.);
#2353 = ORIENTED_EDGE('',*,*,#1480,.T.);
#2354 = ORIENTED_EDGE('',*,*,#2274,.T.);
#2355 = ORIENTED_EDGE('',*,*,#2356,.F.);
#2356 = EDGE_CURVE('',#2330,#2275,#2357,.T.);
#2357 = LINE('',#2358,#2359);
#2358 = CARTESIAN_POINT('',(0.32,-5.4,8.38));
#2359 = VECTOR('',#2360,1.);
#2360 = DIRECTION('',(0.,1.,0.));
#2361 = PLANE('',#2362);
#2362 = AXIS2_PLACEMENT_3D('',#2363,#2364,#2365);
#2363 = CARTESIAN_POINT('',(0.32,-5.4,-3.));
#2364 = DIRECTION('',(1.,0.,0.));
#2365 = DIRECTION('',(0.,0.,1.));
#2366 = ADVANCED_FACE('',(#2367),#2392,.F.);
#2367 = FACE_BOUND('',#2368,.F.);
#2368 = EDGE_LOOP('',(#2369,#2377,#2378,#2386));
#2369 = ORIENTED_EDGE('',*,*,#2370,.F.);
#2370 = EDGE_CURVE('',#1795,#2371,#2373,.T.);
#2371 = VERTEX_POINT('',#2372);
#2372 = CARTESIAN_POINT('',(0.16,-0.16,-3.));
#2373 = LINE('',#2374,#2375);
#2374 = CARTESIAN_POINT('',(0.16,-0.16,-3.));
#2375 = VECTOR('',#2376,1.);
#2376 = DIRECTION('',(-0.57735026919,0.57735026919,-0.57735026919));
#2377 = ORIENTED_EDGE('',*,*,#1802,.T.);
#2378 = ORIENTED_EDGE('',*,*,#2379,.T.);
#2379 = EDGE_CURVE('',#1803,#2380,#2382,.T.);
#2380 = VERTEX_POINT('',#2381);
#2381 = CARTESIAN_POINT('',(0.16,0.16,-3.));
#2382 = LINE('',#2383,#2384);
#2383 = CARTESIAN_POINT('',(5.333333333333E-02,5.333333333333E-02,
    -3.106666666667));
#2384 = VECTOR('',#2385,1.);
#2385 = DIRECTION('',(-0.57735026919,-0.57735026919,-0.57735026919));
#2386 = ORIENTED_EDGE('',*,*,#2387,.F.);
#2387 = EDGE_CURVE('',#2371,#2380,#2388,.T.);
#2388 = LINE('',#2389,#2390);
#2389 = CARTESIAN_POINT('',(0.16,-0.32,-3.));
#2390 = VECTOR('',#2391,1.);
#2391 = DIRECTION('',(0.,1.,0.));
#2392 = PLANE('',#2393);
#2393 = AXIS2_PLACEMENT_3D('',#2394,#2395,#2396);
#2394 = CARTESIAN_POINT('',(0.24,-0.32,-2.92));
#2395 = DIRECTION('',(-0.707106781187,1.735167508357E-18,0.707106781187)
  );
#2396 = DIRECTION('',(1.226948711654E-18,1.,-1.226948711654E-18));
#2397 = ADVANCED_FACE('',(#2398),#2416,.F.);
#2398 = FACE_BOUND('',#2399,.T.);
#2399 = EDGE_LOOP('',(#2400,#2408,#2409,#2410));
#2400 = ORIENTED_EDGE('',*,*,#2401,.F.);
#2401 = EDGE_CURVE('',#1827,#2402,#2404,.T.);
#2402 = VERTEX_POINT('',#2403);
#2403 = CARTESIAN_POINT('',(-0.16,0.16,-3.));
#2404 = LINE('',#2405,#2406);
#2405 = CARTESIAN_POINT('',(-0.16,0.16,-3.));
#2406 = VECTOR('',#2407,1.);
#2407 = DIRECTION('',(0.57735026919,-0.57735026919,-0.57735026919));
#2408 = ORIENTED_EDGE('',*,*,#1826,.T.);
#2409 = ORIENTED_EDGE('',*,*,#2379,.T.);
#2410 = ORIENTED_EDGE('',*,*,#2411,.F.);
#2411 = EDGE_CURVE('',#2402,#2380,#2412,.T.);
#2412 = LINE('',#2413,#2414);
#2413 = CARTESIAN_POINT('',(-0.32,0.16,-3.));
#2414 = VECTOR('',#2415,1.);
#2415 = DIRECTION('',(1.,0.,0.));
#2416 = PLANE('',#2417);
#2417 = AXIS2_PLACEMENT_3D('',#2418,#2419,#2420);
#2418 = CARTESIAN_POINT('',(-0.32,0.24,-2.92));
#2419 = DIRECTION('',(-1.735167508357E-18,-0.707106781187,0.707106781187
    ));
#2420 = DIRECTION('',(-1.,1.226948711654E-18,-1.226948711654E-18));
#2421 = ADVANCED_FACE('',(#2422),#2440,.T.);
#2422 = FACE_BOUND('',#2423,.T.);
#2423 = EDGE_LOOP('',(#2424,#2432,#2433,#2434));
#2424 = ORIENTED_EDGE('',*,*,#2425,.F.);
#2425 = EDGE_CURVE('',#1850,#2426,#2428,.T.);
#2426 = VERTEX_POINT('',#2427);
#2427 = CARTESIAN_POINT('',(-0.16,-0.16,-3.));
#2428 = LINE('',#2429,#2430);
#2429 = CARTESIAN_POINT('',(-0.266666666667,-0.266666666667,
    -2.893333333333));
#2430 = VECTOR('',#2431,1.);
#2431 = DIRECTION('',(0.57735026919,0.57735026919,-0.57735026919));
#2432 = ORIENTED_EDGE('',*,*,#1857,.T.);
#2433 = ORIENTED_EDGE('',*,*,#2401,.T.);
#2434 = ORIENTED_EDGE('',*,*,#2435,.F.);
#2435 = EDGE_CURVE('',#2426,#2402,#2436,.T.);
#2436 = LINE('',#2437,#2438);
#2437 = CARTESIAN_POINT('',(-0.16,-0.32,-3.));
#2438 = VECTOR('',#2439,1.);
#2439 = DIRECTION('',(0.,1.,0.));
#2440 = PLANE('',#2441);
#2441 = AXIS2_PLACEMENT_3D('',#2442,#2443,#2444);
#2442 = CARTESIAN_POINT('',(-0.24,-0.32,-2.92));
#2443 = DIRECTION('',(-0.707106781187,-1.735167508357E-18,
    -0.707106781187));
#2444 = DIRECTION('',(-1.226948711654E-18,1.,-1.226948711654E-18));
#2445 = ADVANCED_FACE('',(#2446),#2457,.T.);
#2446 = FACE_BOUND('',#2447,.F.);
#2447 = EDGE_LOOP('',(#2448,#2449,#2450,#2451));
#2448 = ORIENTED_EDGE('',*,*,#2425,.F.);
#2449 = ORIENTED_EDGE('',*,*,#1874,.T.);
#2450 = ORIENTED_EDGE('',*,*,#2370,.T.);
#2451 = ORIENTED_EDGE('',*,*,#2452,.F.);
#2452 = EDGE_CURVE('',#2426,#2371,#2453,.T.);
#2453 = LINE('',#2454,#2455);
#2454 = CARTESIAN_POINT('',(-0.32,-0.16,-3.));
#2455 = VECTOR('',#2456,1.);
#2456 = DIRECTION('',(1.,0.,0.));
#2457 = PLANE('',#2458);
#2458 = AXIS2_PLACEMENT_3D('',#2459,#2460,#2461);
#2459 = CARTESIAN_POINT('',(-0.32,-0.24,-2.92));
#2460 = DIRECTION('',(1.735167508357E-18,-0.707106781187,-0.707106781187
    ));
#2461 = DIRECTION('',(-1.,-1.226948711654E-18,-1.226948711654E-18));
#2462 = ADVANCED_FACE('',(#2463),#2488,.T.);
#2463 = FACE_BOUND('',#2464,.F.);
#2464 = EDGE_LOOP('',(#2465,#2473,#2474,#2482));
#2465 = ORIENTED_EDGE('',*,*,#2466,.F.);
#2466 = EDGE_CURVE('',#1899,#2467,#2469,.T.);
#2467 = VERTEX_POINT('',#2468);
#2468 = CARTESIAN_POINT('',(-0.16,-2.7,-3.));
#2469 = LINE('',#2470,#2471);
#2470 = CARTESIAN_POINT('',(-0.266666666667,-2.806666666667,
    -2.893333333333));
#2471 = VECTOR('',#2472,1.);
#2472 = DIRECTION('',(0.57735026919,0.57735026919,-0.57735026919));
#2473 = ORIENTED_EDGE('',*,*,#1898,.T.);
#2474 = ORIENTED_EDGE('',*,*,#2475,.T.);
#2475 = EDGE_CURVE('',#1891,#2476,#2478,.T.);
#2476 = VERTEX_POINT('',#2477);
#2477 = CARTESIAN_POINT('',(0.16,-2.7,-3.));
#2478 = LINE('',#2479,#2480);
#2479 = CARTESIAN_POINT('',(0.16,-2.7,-3.));
#2480 = VECTOR('',#2481,1.);
#2481 = DIRECTION('',(-0.57735026919,0.57735026919,-0.57735026919));
#2482 = ORIENTED_EDGE('',*,*,#2483,.F.);
#2483 = EDGE_CURVE('',#2467,#2476,#2484,.T.);
#2484 = LINE('',#2485,#2486);
#2485 = CARTESIAN_POINT('',(-0.32,-2.7,-3.));
#2486 = VECTOR('',#2487,1.);
#2487 = DIRECTION('',(1.,0.,0.));
#2488 = PLANE('',#2489);
#2489 = AXIS2_PLACEMENT_3D('',#2490,#2491,#2492);
#2490 = CARTESIAN_POINT('',(-0.32,-2.78,-2.92));
#2491 = DIRECTION('',(1.735167508357E-18,-0.707106781187,-0.707106781187
    ));
#2492 = DIRECTION('',(-1.,-1.226948711654E-18,-1.226948711654E-18));
#2493 = ADVANCED_FACE('',(#2494),#2512,.F.);
#2494 = FACE_BOUND('',#2495,.F.);
#2495 = EDGE_LOOP('',(#2496,#2497,#2498,#2506));
#2496 = ORIENTED_EDGE('',*,*,#2475,.F.);
#2497 = ORIENTED_EDGE('',*,*,#1922,.T.);
#2498 = ORIENTED_EDGE('',*,*,#2499,.T.);
#2499 = EDGE_CURVE('',#1923,#2500,#2502,.T.);
#2500 = VERTEX_POINT('',#2501);
#2501 = CARTESIAN_POINT('',(0.16,-2.38,-3.));
#2502 = LINE('',#2503,#2504);
#2503 = CARTESIAN_POINT('',(5.333333333333E-02,-2.486666666667,
    -3.106666666667));
#2504 = VECTOR('',#2505,1.);
#2505 = DIRECTION('',(-0.57735026919,-0.57735026919,-0.57735026919));
#2506 = ORIENTED_EDGE('',*,*,#2507,.F.);
#2507 = EDGE_CURVE('',#2476,#2500,#2508,.T.);
#2508 = LINE('',#2509,#2510);
#2509 = CARTESIAN_POINT('',(0.16,-2.86,-3.));
#2510 = VECTOR('',#2511,1.);
#2511 = DIRECTION('',(0.,1.,0.));
#2512 = PLANE('',#2513);
#2513 = AXIS2_PLACEMENT_3D('',#2514,#2515,#2516);
#2514 = CARTESIAN_POINT('',(0.24,-2.86,-2.92));
#2515 = DIRECTION('',(-0.707106781187,1.735167508357E-18,0.707106781187)
  );
#2516 = DIRECTION('',(1.226948711654E-18,1.,-1.226948711654E-18));
#2517 = ADVANCED_FACE('',(#2518),#2536,.F.);
#2518 = FACE_BOUND('',#2519,.T.);
#2519 = EDGE_LOOP('',(#2520,#2528,#2529,#2530));
#2520 = ORIENTED_EDGE('',*,*,#2521,.F.);
#2521 = EDGE_CURVE('',#1947,#2522,#2524,.T.);
#2522 = VERTEX_POINT('',#2523);
#2523 = CARTESIAN_POINT('',(-0.16,-2.38,-3.));
#2524 = LINE('',#2525,#2526);
#2525 = CARTESIAN_POINT('',(-0.16,-2.38,-3.));
#2526 = VECTOR('',#2527,1.);
#2527 = DIRECTION('',(0.57735026919,-0.57735026919,-0.57735026919));
#2528 = ORIENTED_EDGE('',*,*,#1946,.T.);
#2529 = ORIENTED_EDGE('',*,*,#2499,.T.);
#2530 = ORIENTED_EDGE('',*,*,#2531,.F.);
#2531 = EDGE_CURVE('',#2522,#2500,#2532,.T.);
#2532 = LINE('',#2533,#2534);
#2533 = CARTESIAN_POINT('',(-0.32,-2.38,-3.));
#2534 = VECTOR('',#2535,1.);
#2535 = DIRECTION('',(1.,0.,0.));
#2536 = PLANE('',#2537);
#2537 = AXIS2_PLACEMENT_3D('',#2538,#2539,#2540);
#2538 = CARTESIAN_POINT('',(-0.32,-2.3,-2.92));
#2539 = DIRECTION('',(-1.735167508357E-18,-0.707106781187,0.707106781187
    ));
#2540 = DIRECTION('',(-1.,1.226948711654E-18,-1.226948711654E-18));
#2541 = ADVANCED_FACE('',(#2542),#2553,.T.);
#2542 = FACE_BOUND('',#2543,.T.);
#2543 = EDGE_LOOP('',(#2544,#2545,#2546,#2547));
#2544 = ORIENTED_EDGE('',*,*,#2466,.F.);
#2545 = ORIENTED_EDGE('',*,*,#1970,.T.);
#2546 = ORIENTED_EDGE('',*,*,#2521,.T.);
#2547 = ORIENTED_EDGE('',*,*,#2548,.F.);
#2548 = EDGE_CURVE('',#2467,#2522,#2549,.T.);
#2549 = LINE('',#2550,#2551);
#2550 = CARTESIAN_POINT('',(-0.16,-2.86,-3.));
#2551 = VECTOR('',#2552,1.);
#2552 = DIRECTION('',(0.,1.,0.));
#2553 = PLANE('',#2554);
#2554 = AXIS2_PLACEMENT_3D('',#2555,#2556,#2557);
#2555 = CARTESIAN_POINT('',(-0.24,-2.86,-2.92));
#2556 = DIRECTION('',(-0.707106781187,-1.735167508357E-18,
    -0.707106781187));
#2557 = DIRECTION('',(-1.226948711654E-18,1.,-1.226948711654E-18));
#2558 = ADVANCED_FACE('',(#2559),#2584,.F.);
#2559 = FACE_BOUND('',#2560,.T.);
#2560 = EDGE_LOOP('',(#2561,#2569,#2570,#2578));
#2561 = ORIENTED_EDGE('',*,*,#2562,.F.);
#2562 = EDGE_CURVE('',#1995,#2563,#2565,.T.);
#2563 = VERTEX_POINT('',#2564);
#2564 = CARTESIAN_POINT('',(-0.16,-4.92,-3.));
#2565 = LINE('',#2566,#2567);
#2566 = CARTESIAN_POINT('',(-0.16,-4.92,-3.));
#2567 = VECTOR('',#2568,1.);
#2568 = DIRECTION('',(0.57735026919,-0.57735026919,-0.57735026919));
#2569 = ORIENTED_EDGE('',*,*,#1994,.T.);
#2570 = ORIENTED_EDGE('',*,*,#2571,.T.);
#2571 = EDGE_CURVE('',#1987,#2572,#2574,.T.);
#2572 = VERTEX_POINT('',#2573);
#2573 = CARTESIAN_POINT('',(0.16,-4.92,-3.));
#2574 = LINE('',#2575,#2576);
#2575 = CARTESIAN_POINT('',(5.333333333333E-02,-5.026666666667,
    -3.106666666667));
#2576 = VECTOR('',#2577,1.);
#2577 = DIRECTION('',(-0.57735026919,-0.57735026919,-0.57735026919));
#2578 = ORIENTED_EDGE('',*,*,#2579,.F.);
#2579 = EDGE_CURVE('',#2563,#2572,#2580,.T.);
#2580 = LINE('',#2581,#2582);
#2581 = CARTESIAN_POINT('',(-0.32,-4.92,-3.));
#2582 = VECTOR('',#2583,1.);
#2583 = DIRECTION('',(1.,0.,0.));
#2584 = PLANE('',#2585);
#2585 = AXIS2_PLACEMENT_3D('',#2586,#2587,#2588);
#2586 = CARTESIAN_POINT('',(-0.32,-4.84,-2.92));
#2587 = DIRECTION('',(-1.735167508357E-18,-0.707106781187,0.707106781187
    ));
#2588 = DIRECTION('',(-1.,1.226948711654E-18,-1.226948711654E-18));
#2589 = ADVANCED_FACE('',(#2590),#2608,.T.);
#2590 = FACE_BOUND('',#2591,.T.);
#2591 = EDGE_LOOP('',(#2592,#2600,#2601,#2602));
#2592 = ORIENTED_EDGE('',*,*,#2593,.F.);
#2593 = EDGE_CURVE('',#2018,#2594,#2596,.T.);
#2594 = VERTEX_POINT('',#2595);
#2595 = CARTESIAN_POINT('',(-0.16,-5.24,-3.));
#2596 = LINE('',#2597,#2598);
#2597 = CARTESIAN_POINT('',(-0.266666666667,-5.346666666667,
    -2.893333333333));
#2598 = VECTOR('',#2599,1.);
#2599 = DIRECTION('',(0.57735026919,0.57735026919,-0.57735026919));
#2600 = ORIENTED_EDGE('',*,*,#2025,.T.);
#2601 = ORIENTED_EDGE('',*,*,#2562,.T.);
#2602 = ORIENTED_EDGE('',*,*,#2603,.F.);
#2603 = EDGE_CURVE('',#2594,#2563,#2604,.T.);
#2604 = LINE('',#2605,#2606);
#2605 = CARTESIAN_POINT('',(-0.16,-5.4,-3.));
#2606 = VECTOR('',#2607,1.);
#2607 = DIRECTION('',(0.,1.,0.));
#2608 = PLANE('',#2609);
#2609 = AXIS2_PLACEMENT_3D('',#2610,#2611,#2612);
#2610 = CARTESIAN_POINT('',(-0.24,-5.4,-2.92));
#2611 = DIRECTION('',(-0.707106781187,-1.735167508357E-18,
    -0.707106781187));
#2612 = DIRECTION('',(-1.226948711654E-18,1.,-1.226948711654E-18));
#2613 = ADVANCED_FACE('',(#2614),#2632,.T.);
#2614 = FACE_BOUND('',#2615,.F.);
#2615 = EDGE_LOOP('',(#2616,#2617,#2618,#2626));
#2616 = ORIENTED_EDGE('',*,*,#2593,.F.);
#2617 = ORIENTED_EDGE('',*,*,#2049,.T.);
#2618 = ORIENTED_EDGE('',*,*,#2619,.T.);
#2619 = EDGE_CURVE('',#2042,#2620,#2622,.T.);
#2620 = VERTEX_POINT('',#2621);
#2621 = CARTESIAN_POINT('',(0.16,-5.24,-3.));
#2622 = LINE('',#2623,#2624);
#2623 = CARTESIAN_POINT('',(0.16,-5.24,-3.));
#2624 = VECTOR('',#2625,1.);
#2625 = DIRECTION('',(-0.57735026919,0.57735026919,-0.57735026919));
#2626 = ORIENTED_EDGE('',*,*,#2627,.F.);
#2627 = EDGE_CURVE('',#2594,#2620,#2628,.T.);
#2628 = LINE('',#2629,#2630);
#2629 = CARTESIAN_POINT('',(-0.32,-5.24,-3.));
#2630 = VECTOR('',#2631,1.);
#2631 = DIRECTION('',(1.,0.,0.));
#2632 = PLANE('',#2633);
#2633 = AXIS2_PLACEMENT_3D('',#2634,#2635,#2636);
#2634 = CARTESIAN_POINT('',(-0.32,-5.32,-2.92));
#2635 = DIRECTION('',(1.735167508357E-18,-0.707106781187,-0.707106781187
    ));
#2636 = DIRECTION('',(-1.,-1.226948711654E-18,-1.226948711654E-18));
#2637 = ADVANCED_FACE('',(#2638),#2649,.F.);
#2638 = FACE_BOUND('',#2639,.F.);
#2639 = EDGE_LOOP('',(#2640,#2641,#2642,#2643));
#2640 = ORIENTED_EDGE('',*,*,#2619,.F.);
#2641 = ORIENTED_EDGE('',*,*,#2066,.T.);
#2642 = ORIENTED_EDGE('',*,*,#2571,.T.);
#2643 = ORIENTED_EDGE('',*,*,#2644,.F.);
#2644 = EDGE_CURVE('',#2620,#2572,#2645,.T.);
#2645 = LINE('',#2646,#2647);
#2646 = CARTESIAN_POINT('',(0.16,-5.4,-3.));
#2647 = VECTOR('',#2648,1.);
#2648 = DIRECTION('',(0.,1.,0.));
#2649 = PLANE('',#2650);
#2650 = AXIS2_PLACEMENT_3D('',#2651,#2652,#2653);
#2651 = CARTESIAN_POINT('',(0.24,-5.4,-2.92));
#2652 = DIRECTION('',(-0.707106781187,1.735167508357E-18,0.707106781187)
  );
#2653 = DIRECTION('',(1.226948711654E-18,1.,-1.226948711654E-18));
#2654 = ADVANCED_FACE('',(#2655),#2680,.T.);
#2655 = FACE_BOUND('',#2656,.T.);
#2656 = EDGE_LOOP('',(#2657,#2665,#2666,#2674));
#2657 = ORIENTED_EDGE('',*,*,#2658,.F.);
#2658 = EDGE_CURVE('',#2083,#2659,#2661,.T.);
#2659 = VERTEX_POINT('',#2660);
#2660 = CARTESIAN_POINT('',(0.16,-0.16,8.54));
#2661 = LINE('',#2662,#2663);
#2662 = CARTESIAN_POINT('',(0.16,-0.16,8.54));
#2663 = VECTOR('',#2664,1.);
#2664 = DIRECTION('',(-0.57735026919,0.57735026919,0.57735026919));
#2665 = ORIENTED_EDGE('',*,*,#2099,.T.);
#2666 = ORIENTED_EDGE('',*,*,#2667,.T.);
#2667 = EDGE_CURVE('',#2092,#2668,#2670,.T.);
#2668 = VERTEX_POINT('',#2669);
#2669 = CARTESIAN_POINT('',(0.16,0.16,8.54));
#2670 = LINE('',#2671,#2672);
#2671 = CARTESIAN_POINT('',(5.333333333333E-02,5.333333333333E-02,
    8.646666666667));
#2672 = VECTOR('',#2673,1.);
#2673 = DIRECTION('',(-0.57735026919,-0.57735026919,0.57735026919));
#2674 = ORIENTED_EDGE('',*,*,#2675,.F.);
#2675 = EDGE_CURVE('',#2659,#2668,#2676,.T.);
#2676 = LINE('',#2677,#2678);
#2677 = CARTESIAN_POINT('',(0.16,-0.32,8.54));
#2678 = VECTOR('',#2679,1.);
#2679 = DIRECTION('',(0.,1.,0.));
#2680 = PLANE('',#2681);
#2681 = AXIS2_PLACEMENT_3D('',#2682,#2683,#2684);
#2682 = CARTESIAN_POINT('',(0.24,-0.32,8.46));
#2683 = DIRECTION('',(0.707106781187,-1.735167508357E-18,0.707106781187)
  );
#2684 = DIRECTION('',(1.226948711654E-18,1.,1.226948711654E-18));
#2685 = ADVANCED_FACE('',(#2686),#2704,.T.);
#2686 = FACE_BOUND('',#2687,.F.);
#2687 = EDGE_LOOP('',(#2688,#2696,#2697,#2698));
#2688 = ORIENTED_EDGE('',*,*,#2689,.F.);
#2689 = EDGE_CURVE('',#2116,#2690,#2692,.T.);
#2690 = VERTEX_POINT('',#2691);
#2691 = CARTESIAN_POINT('',(-0.16,0.16,8.54));
#2692 = LINE('',#2693,#2694);
#2693 = CARTESIAN_POINT('',(-0.16,0.16,8.54));
#2694 = VECTOR('',#2695,1.);
#2695 = DIRECTION('',(0.57735026919,-0.57735026919,0.57735026919));
#2696 = ORIENTED_EDGE('',*,*,#2123,.T.);
#2697 = ORIENTED_EDGE('',*,*,#2667,.T.);
#2698 = ORIENTED_EDGE('',*,*,#2699,.F.);
#2699 = EDGE_CURVE('',#2690,#2668,#2700,.T.);
#2700 = LINE('',#2701,#2702);
#2701 = CARTESIAN_POINT('',(-0.32,0.16,8.54));
#2702 = VECTOR('',#2703,1.);
#2703 = DIRECTION('',(1.,0.,0.));
#2704 = PLANE('',#2705);
#2705 = AXIS2_PLACEMENT_3D('',#2706,#2707,#2708);
#2706 = CARTESIAN_POINT('',(-0.32,0.24,8.46));
#2707 = DIRECTION('',(1.735167508357E-18,0.707106781187,0.707106781187)
  );
#2708 = DIRECTION('',(-1.,1.226948711654E-18,1.226948711654E-18));
#2709 = ADVANCED_FACE('',(#2710),#2728,.F.);
#2710 = FACE_BOUND('',#2711,.F.);
#2711 = EDGE_LOOP('',(#2712,#2720,#2721,#2722));
#2712 = ORIENTED_EDGE('',*,*,#2713,.F.);
#2713 = EDGE_CURVE('',#2138,#2714,#2716,.T.);
#2714 = VERTEX_POINT('',#2715);
#2715 = CARTESIAN_POINT('',(-0.16,-0.16,8.54));
#2716 = LINE('',#2717,#2718);
#2717 = CARTESIAN_POINT('',(-0.266666666667,-0.266666666667,
    8.433333333333));
#2718 = VECTOR('',#2719,1.);
#2719 = DIRECTION('',(0.57735026919,0.57735026919,0.57735026919));
#2720 = ORIENTED_EDGE('',*,*,#2147,.T.);
#2721 = ORIENTED_EDGE('',*,*,#2689,.T.);
#2722 = ORIENTED_EDGE('',*,*,#2723,.F.);
#2723 = EDGE_CURVE('',#2714,#2690,#2724,.T.);
#2724 = LINE('',#2725,#2726);
#2725 = CARTESIAN_POINT('',(-0.16,-0.32,8.54));
#2726 = VECTOR('',#2727,1.);
#2727 = DIRECTION('',(0.,1.,0.));
#2728 = PLANE('',#2729);
#2729 = AXIS2_PLACEMENT_3D('',#2730,#2731,#2732);
#2730 = CARTESIAN_POINT('',(-0.24,-0.32,8.46));
#2731 = DIRECTION('',(0.707106781187,1.735167508357E-18,-0.707106781187)
  );
#2732 = DIRECTION('',(-1.226948711654E-18,1.,1.226948711654E-18));
#2733 = ADVANCED_FACE('',(#2734),#2745,.F.);
#2734 = FACE_BOUND('',#2735,.T.);
#2735 = EDGE_LOOP('',(#2736,#2737,#2738,#2739));
#2736 = ORIENTED_EDGE('',*,*,#2713,.F.);
#2737 = ORIENTED_EDGE('',*,*,#2164,.T.);
#2738 = ORIENTED_EDGE('',*,*,#2658,.T.);
#2739 = ORIENTED_EDGE('',*,*,#2740,.F.);
#2740 = EDGE_CURVE('',#2714,#2659,#2741,.T.);
#2741 = LINE('',#2742,#2743);
#2742 = CARTESIAN_POINT('',(-0.32,-0.16,8.54));
#2743 = VECTOR('',#2744,1.);
#2744 = DIRECTION('',(1.,0.,0.));
#2745 = PLANE('',#2746);
#2746 = AXIS2_PLACEMENT_3D('',#2747,#2748,#2749);
#2747 = CARTESIAN_POINT('',(-0.32,-0.24,8.46));
#2748 = DIRECTION('',(-1.735167508357E-18,0.707106781187,-0.707106781187
    ));
#2749 = DIRECTION('',(-1.,-1.226948711654E-18,1.226948711654E-18));
#2750 = ADVANCED_FACE('',(#2751),#2776,.F.);
#2751 = FACE_BOUND('',#2752,.T.);
#2752 = EDGE_LOOP('',(#2753,#2761,#2762,#2770));
#2753 = ORIENTED_EDGE('',*,*,#2754,.F.);
#2754 = EDGE_CURVE('',#2188,#2755,#2757,.T.);
#2755 = VERTEX_POINT('',#2756);
#2756 = CARTESIAN_POINT('',(-0.16,-2.7,8.54));
#2757 = LINE('',#2758,#2759);
#2758 = CARTESIAN_POINT('',(-0.266666666667,-2.806666666667,
    8.433333333333));
#2759 = VECTOR('',#2760,1.);
#2760 = DIRECTION('',(0.57735026919,0.57735026919,0.57735026919));
#2761 = ORIENTED_EDGE('',*,*,#2195,.T.);
#2762 = ORIENTED_EDGE('',*,*,#2763,.T.);
#2763 = EDGE_CURVE('',#2179,#2764,#2766,.T.);
#2764 = VERTEX_POINT('',#2765);
#2765 = CARTESIAN_POINT('',(0.16,-2.7,8.54));
#2766 = LINE('',#2767,#2768);
#2767 = CARTESIAN_POINT('',(0.16,-2.7,8.54));
#2768 = VECTOR('',#2769,1.);
#2769 = DIRECTION('',(-0.57735026919,0.57735026919,0.57735026919));
#2770 = ORIENTED_EDGE('',*,*,#2771,.F.);
#2771 = EDGE_CURVE('',#2755,#2764,#2772,.T.);
#2772 = LINE('',#2773,#2774);
#2773 = CARTESIAN_POINT('',(-0.32,-2.7,8.54));
#2774 = VECTOR('',#2775,1.);
#2775 = DIRECTION('',(1.,0.,0.));
#2776 = PLANE('',#2777);
#2777 = AXIS2_PLACEMENT_3D('',#2778,#2779,#2780);
#2778 = CARTESIAN_POINT('',(-0.32,-2.78,8.46));
#2779 = DIRECTION('',(-1.735167508357E-18,0.707106781187,-0.707106781187
    ));
#2780 = DIRECTION('',(-1.,-1.226948711654E-18,1.226948711654E-18));
#2781 = ADVANCED_FACE('',(#2782),#2800,.T.);
#2782 = FACE_BOUND('',#2783,.T.);
#2783 = EDGE_LOOP('',(#2784,#2785,#2786,#2794));
#2784 = ORIENTED_EDGE('',*,*,#2763,.F.);
#2785 = ORIENTED_EDGE('',*,*,#2219,.T.);
#2786 = ORIENTED_EDGE('',*,*,#2787,.T.);
#2787 = EDGE_CURVE('',#2212,#2788,#2790,.T.);
#2788 = VERTEX_POINT('',#2789);
#2789 = CARTESIAN_POINT('',(0.16,-2.38,8.54));
#2790 = LINE('',#2791,#2792);
#2791 = CARTESIAN_POINT('',(5.333333333333E-02,-2.486666666667,
    8.646666666667));
#2792 = VECTOR('',#2793,1.);
#2793 = DIRECTION('',(-0.57735026919,-0.57735026919,0.57735026919));
#2794 = ORIENTED_EDGE('',*,*,#2795,.F.);
#2795 = EDGE_CURVE('',#2764,#2788,#2796,.T.);
#2796 = LINE('',#2797,#2798);
#2797 = CARTESIAN_POINT('',(0.16,-2.86,8.54));
#2798 = VECTOR('',#2799,1.);
#2799 = DIRECTION('',(0.,1.,0.));
#2800 = PLANE('',#2801);
#2801 = AXIS2_PLACEMENT_3D('',#2802,#2803,#2804);
#2802 = CARTESIAN_POINT('',(0.24,-2.86,8.46));
#2803 = DIRECTION('',(0.707106781187,-1.735167508357E-18,0.707106781187)
  );
#2804 = DIRECTION('',(1.226948711654E-18,1.,1.226948711654E-18));
#2805 = ADVANCED_FACE('',(#2806),#2824,.T.);
#2806 = FACE_BOUND('',#2807,.F.);
#2807 = EDGE_LOOP('',(#2808,#2816,#2817,#2818));
#2808 = ORIENTED_EDGE('',*,*,#2809,.F.);
#2809 = EDGE_CURVE('',#2236,#2810,#2812,.T.);
#2810 = VERTEX_POINT('',#2811);
#2811 = CARTESIAN_POINT('',(-0.16,-2.38,8.54));
#2812 = LINE('',#2813,#2814);
#2813 = CARTESIAN_POINT('',(-0.16,-2.38,8.54));
#2814 = VECTOR('',#2815,1.);
#2815 = DIRECTION('',(0.57735026919,-0.57735026919,0.57735026919));
#2816 = ORIENTED_EDGE('',*,*,#2243,.T.);
#2817 = ORIENTED_EDGE('',*,*,#2787,.T.);
#2818 = ORIENTED_EDGE('',*,*,#2819,.F.);
#2819 = EDGE_CURVE('',#2810,#2788,#2820,.T.);
#2820 = LINE('',#2821,#2822);
#2821 = CARTESIAN_POINT('',(-0.32,-2.38,8.54));
#2822 = VECTOR('',#2823,1.);
#2823 = DIRECTION('',(1.,0.,0.));
#2824 = PLANE('',#2825);
#2825 = AXIS2_PLACEMENT_3D('',#2826,#2827,#2828);
#2826 = CARTESIAN_POINT('',(-0.32,-2.3,8.46));
#2827 = DIRECTION('',(1.735167508357E-18,0.707106781187,0.707106781187)
  );
#2828 = DIRECTION('',(-1.,1.226948711654E-18,1.226948711654E-18));
#2829 = ADVANCED_FACE('',(#2830),#2841,.F.);
#2830 = FACE_BOUND('',#2831,.F.);
#2831 = EDGE_LOOP('',(#2832,#2833,#2834,#2835));
#2832 = ORIENTED_EDGE('',*,*,#2754,.F.);
#2833 = ORIENTED_EDGE('',*,*,#2260,.T.);
#2834 = ORIENTED_EDGE('',*,*,#2809,.T.);
#2835 = ORIENTED_EDGE('',*,*,#2836,.F.);
#2836 = EDGE_CURVE('',#2755,#2810,#2837,.T.);
#2837 = LINE('',#2838,#2839);
#2838 = CARTESIAN_POINT('',(-0.16,-2.86,8.54));
#2839 = VECTOR('',#2840,1.);
#2840 = DIRECTION('',(0.,1.,0.));
#2841 = PLANE('',#2842);
#2842 = AXIS2_PLACEMENT_3D('',#2843,#2844,#2845);
#2843 = CARTESIAN_POINT('',(-0.24,-2.86,8.46));
#2844 = DIRECTION('',(0.707106781187,1.735167508357E-18,-0.707106781187)
  );
#2845 = DIRECTION('',(-1.226948711654E-18,1.,1.226948711654E-18));
#2846 = ADVANCED_FACE('',(#2847),#2872,.T.);
#2847 = FACE_BOUND('',#2848,.F.);
#2848 = EDGE_LOOP('',(#2849,#2857,#2858,#2866));
#2849 = ORIENTED_EDGE('',*,*,#2850,.F.);
#2850 = EDGE_CURVE('',#2284,#2851,#2853,.T.);
#2851 = VERTEX_POINT('',#2852);
#2852 = CARTESIAN_POINT('',(-0.16,-4.92,8.54));
#2853 = LINE('',#2854,#2855);
#2854 = CARTESIAN_POINT('',(-0.16,-4.92,8.54));
#2855 = VECTOR('',#2856,1.);
#2856 = DIRECTION('',(0.57735026919,-0.57735026919,0.57735026919));
#2857 = ORIENTED_EDGE('',*,*,#2291,.T.);
#2858 = ORIENTED_EDGE('',*,*,#2859,.T.);
#2859 = EDGE_CURVE('',#2275,#2860,#2862,.T.);
#2860 = VERTEX_POINT('',#2861);
#2861 = CARTESIAN_POINT('',(0.16,-4.92,8.54));
#2862 = LINE('',#2863,#2864);
#2863 = CARTESIAN_POINT('',(5.333333333333E-02,-5.026666666667,
    8.646666666667));
#2864 = VECTOR('',#2865,1.);
#2865 = DIRECTION('',(-0.57735026919,-0.57735026919,0.57735026919));
#2866 = ORIENTED_EDGE('',*,*,#2867,.F.);
#2867 = EDGE_CURVE('',#2851,#2860,#2868,.T.);
#2868 = LINE('',#2869,#2870);
#2869 = CARTESIAN_POINT('',(-0.32,-4.92,8.54));
#2870 = VECTOR('',#2871,1.);
#2871 = DIRECTION('',(1.,0.,0.));
#2872 = PLANE('',#2873);
#2873 = AXIS2_PLACEMENT_3D('',#2874,#2875,#2876);
#2874 = CARTESIAN_POINT('',(-0.32,-4.84,8.46));
#2875 = DIRECTION('',(1.735167508357E-18,0.707106781187,0.707106781187)
  );
#2876 = DIRECTION('',(-1.,1.226948711654E-18,1.226948711654E-18));
#2877 = ADVANCED_FACE('',(#2878),#2896,.F.);
#2878 = FACE_BOUND('',#2879,.F.);
#2879 = EDGE_LOOP('',(#2880,#2888,#2889,#2890));
#2880 = ORIENTED_EDGE('',*,*,#2881,.F.);
#2881 = EDGE_CURVE('',#2306,#2882,#2884,.T.);
#2882 = VERTEX_POINT('',#2883);
#2883 = CARTESIAN_POINT('',(-0.16,-5.24,8.54));
#2884 = LINE('',#2885,#2886);
#2885 = CARTESIAN_POINT('',(-0.266666666667,-5.346666666667,
    8.433333333333));
#2886 = VECTOR('',#2887,1.);
#2887 = DIRECTION('',(0.57735026919,0.57735026919,0.57735026919));
#2888 = ORIENTED_EDGE('',*,*,#2315,.T.);
#2889 = ORIENTED_EDGE('',*,*,#2850,.T.);
#2890 = ORIENTED_EDGE('',*,*,#2891,.F.);
#2891 = EDGE_CURVE('',#2882,#2851,#2892,.T.);
#2892 = LINE('',#2893,#2894);
#2893 = CARTESIAN_POINT('',(-0.16,-5.4,8.54));
#2894 = VECTOR('',#2895,1.);
#2895 = DIRECTION('',(0.,1.,0.));
#2896 = PLANE('',#2897);
#2897 = AXIS2_PLACEMENT_3D('',#2898,#2899,#2900);
#2898 = CARTESIAN_POINT('',(-0.24,-5.4,8.46));
#2899 = DIRECTION('',(0.707106781187,1.735167508357E-18,-0.707106781187)
  );
#2900 = DIRECTION('',(-1.226948711654E-18,1.,1.226948711654E-18));
#2901 = ADVANCED_FACE('',(#2902),#2920,.F.);
#2902 = FACE_BOUND('',#2903,.T.);
#2903 = EDGE_LOOP('',(#2904,#2905,#2906,#2914));
#2904 = ORIENTED_EDGE('',*,*,#2881,.F.);
#2905 = ORIENTED_EDGE('',*,*,#2339,.T.);
#2906 = ORIENTED_EDGE('',*,*,#2907,.T.);
#2907 = EDGE_CURVE('',#2330,#2908,#2910,.T.);
#2908 = VERTEX_POINT('',#2909);
#2909 = CARTESIAN_POINT('',(0.16,-5.24,8.54));
#2910 = LINE('',#2911,#2912);
#2911 = CARTESIAN_POINT('',(0.16,-5.24,8.54));
#2912 = VECTOR('',#2913,1.);
#2913 = DIRECTION('',(-0.57735026919,0.57735026919,0.57735026919));
#2914 = ORIENTED_EDGE('',*,*,#2915,.F.);
#2915 = EDGE_CURVE('',#2882,#2908,#2916,.T.);
#2916 = LINE('',#2917,#2918);
#2917 = CARTESIAN_POINT('',(-0.32,-5.24,8.54));
#2918 = VECTOR('',#2919,1.);
#2919 = DIRECTION('',(1.,0.,0.));
#2920 = PLANE('',#2921);
#2921 = AXIS2_PLACEMENT_3D('',#2922,#2923,#2924);
#2922 = CARTESIAN_POINT('',(-0.32,-5.32,8.46));
#2923 = DIRECTION('',(-1.735167508357E-18,0.707106781187,-0.707106781187
    ));
#2924 = DIRECTION('',(-1.,-1.226948711654E-18,1.226948711654E-18));
#2925 = ADVANCED_FACE('',(#2926),#2937,.T.);
#2926 = FACE_BOUND('',#2927,.T.);
#2927 = EDGE_LOOP('',(#2928,#2929,#2930,#2931));
#2928 = ORIENTED_EDGE('',*,*,#2907,.F.);
#2929 = ORIENTED_EDGE('',*,*,#2356,.T.);
#2930 = ORIENTED_EDGE('',*,*,#2859,.T.);
#2931 = ORIENTED_EDGE('',*,*,#2932,.F.);
#2932 = EDGE_CURVE('',#2908,#2860,#2933,.T.);
#2933 = LINE('',#2934,#2935);
#2934 = CARTESIAN_POINT('',(0.16,-5.4,8.54));
#2935 = VECTOR('',#2936,1.);
#2936 = DIRECTION('',(0.,1.,0.));
#2937 = PLANE('',#2938);
#2938 = AXIS2_PLACEMENT_3D('',#2939,#2940,#2941);
#2939 = CARTESIAN_POINT('',(0.24,-5.4,8.46));
#2940 = DIRECTION('',(0.707106781187,-1.735167508357E-18,0.707106781187)
  );
#2941 = DIRECTION('',(1.226948711654E-18,1.,1.226948711654E-18));
#2942 = ADVANCED_FACE('',(#2943),#2949,.F.);
#2943 = FACE_BOUND('',#2944,.F.);
#2944 = EDGE_LOOP('',(#2945,#2946,#2947,#2948));
#2945 = ORIENTED_EDGE('',*,*,#2411,.F.);
#2946 = ORIENTED_EDGE('',*,*,#2435,.F.);
#2947 = ORIENTED_EDGE('',*,*,#2452,.T.);
#2948 = ORIENTED_EDGE('',*,*,#2387,.T.);
#2949 = PLANE('',#2950);
#2950 = AXIS2_PLACEMENT_3D('',#2951,#2952,#2953);
#2951 = CARTESIAN_POINT('',(-0.32,-0.32,-3.));
#2952 = DIRECTION('',(0.,0.,1.));
#2953 = DIRECTION('',(1.,0.,-0.));
#2954 = ADVANCED_FACE('',(#2955),#2961,.F.);
#2955 = FACE_BOUND('',#2956,.F.);
#2956 = EDGE_LOOP('',(#2957,#2958,#2959,#2960));
#2957 = ORIENTED_EDGE('',*,*,#2531,.F.);
#2958 = ORIENTED_EDGE('',*,*,#2548,.F.);
#2959 = ORIENTED_EDGE('',*,*,#2483,.T.);
#2960 = ORIENTED_EDGE('',*,*,#2507,.T.);
#2961 = PLANE('',#2962);
#2962 = AXIS2_PLACEMENT_3D('',#2963,#2964,#2965);
#2963 = CARTESIAN_POINT('',(-0.32,-2.86,-3.));
#2964 = DIRECTION('',(0.,0.,1.));
#2965 = DIRECTION('',(1.,0.,-0.));
#2966 = ADVANCED_FACE('',(#2967),#2973,.F.);
#2967 = FACE_BOUND('',#2968,.F.);
#2968 = EDGE_LOOP('',(#2969,#2970,#2971,#2972));
#2969 = ORIENTED_EDGE('',*,*,#2579,.F.);
#2970 = ORIENTED_EDGE('',*,*,#2603,.F.);
#2971 = ORIENTED_EDGE('',*,*,#2627,.T.);
#2972 = ORIENTED_EDGE('',*,*,#2644,.T.);
#2973 = PLANE('',#2974);
#2974 = AXIS2_PLACEMENT_3D('',#2975,#2976,#2977);
#2975 = CARTESIAN_POINT('',(-0.32,-5.4,-3.));
#2976 = DIRECTION('',(0.,0.,1.));
#2977 = DIRECTION('',(1.,0.,-0.));
#2978 = ADVANCED_FACE('',(#2979),#2985,.T.);
#2979 = FACE_BOUND('',#2980,.T.);
#2980 = EDGE_LOOP('',(#2981,#2982,#2983,#2984));
#2981 = ORIENTED_EDGE('',*,*,#2740,.T.);
#2982 = ORIENTED_EDGE('',*,*,#2675,.T.);
#2983 = ORIENTED_EDGE('',*,*,#2699,.F.);
#2984 = ORIENTED_EDGE('',*,*,#2723,.F.);
#2985 = PLANE('',#2986);
#2986 = AXIS2_PLACEMENT_3D('',#2987,#2988,#2989);
#2987 = CARTESIAN_POINT('',(-0.32,-0.32,8.54));
#2988 = DIRECTION('',(0.,0.,1.));
#2989 = DIRECTION('',(1.,0.,-0.));
#2990 = ADVANCED_FACE('',(#2991),#2997,.T.);
#2991 = FACE_BOUND('',#2992,.T.);
#2992 = EDGE_LOOP('',(#2993,#2994,#2995,#2996));
#2993 = ORIENTED_EDGE('',*,*,#2771,.T.);
#2994 = ORIENTED_EDGE('',*,*,#2795,.T.);
#2995 = ORIENTED_EDGE('',*,*,#2819,.F.);
#2996 = ORIENTED_EDGE('',*,*,#2836,.F.);
#2997 = PLANE('',#2998);
#2998 = AXIS2_PLACEMENT_3D('',#2999,#3000,#3001);
#2999 = CARTESIAN_POINT('',(-0.32,-2.86,8.54));
#3000 = DIRECTION('',(0.,0.,1.));
#3001 = DIRECTION('',(1.,0.,-0.));
#3002 = ADVANCED_FACE('',(#3003),#3009,.T.);
#3003 = FACE_BOUND('',#3004,.T.);
#3004 = EDGE_LOOP('',(#3005,#3006,#3007,#3008));
#3005 = ORIENTED_EDGE('',*,*,#2915,.T.);
#3006 = ORIENTED_EDGE('',*,*,#2932,.T.);
#3007 = ORIENTED_EDGE('',*,*,#2867,.F.);
#3008 = ORIENTED_EDGE('',*,*,#2891,.F.);
#3009 = PLANE('',#3010);
#3010 = AXIS2_PLACEMENT_3D('',#3011,#3012,#3013);
#3011 = CARTESIAN_POINT('',(-0.32,-5.4,8.54));
#3012 = DIRECTION('',(0.,0.,1.));
#3013 = DIRECTION('',(1.,0.,-0.));
#3014 = ( GEOMETRIC_REPRESENTATION_CONTEXT(3) 
GLOBAL_UNCERTAINTY_ASSIGNED_CONTEXT((#3018)) 
GLOBAL_UNIT_ASSIGNED_CONTEXT((#3015,#3016,#3017)) REPRESENTATION_CONTEXT
('Context #1','3D Context with UNIT and UNCERTAINTY') );
#3015 = ( LENGTH_UNIT() NAMED_UNIT(*) SI_UNIT(.MILLI.,.METRE.) );
#3016 = ( NAMED_UNIT(*) PLANE_ANGLE_UNIT() SI_UNIT($,.RADIAN.) );
#3017 = ( NAMED_UNIT(*) SI_UNIT($,.STERADIAN.) SOLID_ANGLE_UNIT() );
#3018 = UNCERTAINTY_MEASURE_WITH_UNIT(LENGTH_MEASURE(1.E-07),#3015,
  'distance_accuracy_value','confusion accuracy');
#3019 = CONTEXT_DEPENDENT_SHAPE_REPRESENTATION(#3020,#3022);
#3020 = ( REPRESENTATION_RELATIONSHIP('','',#907,#884) 
REPRESENTATION_RELATIONSHIP_WITH_TRANSFORMATION(#3021) 
SHAPE_REPRESENTATION_RELATIONSHIP() );
#3021 = ITEM_DEFINED_TRANSFORMATION('','',#11,#885);
#3022 = PRODUCT_DEFINITION_SHAPE('Placement','Placement of an item',
  #3023);
#3023 = NEXT_ASSEMBLY_USAGE_OCCURRENCE('3','=>[0:1:1:5]','',#879,#902,$
  );
#3024 = PRODUCT_RELATED_PRODUCT_CATEGORY('part',$,(#904));
#3025 = CONTEXT_DEPENDENT_SHAPE_REPRESENTATION(#3026,#3028);
#3026 = ( REPRESENTATION_RELATIONSHIP('','',#52,#10) 
REPRESENTATION_RELATIONSHIP_WITH_TRANSFORMATION(#3027) 
SHAPE_REPRESENTATION_RELATIONSHIP() );
#3027 = ITEM_DEFINED_TRANSFORMATION('','',#11,#23);
#3028 = PRODUCT_DEFINITION_SHAPE('Placement','Placement of an item',
  #3029);
#3029 = NEXT_ASSEMBLY_USAGE_OCCURRENCE('5','R1','',#5,#47,$);
#3030 = SHAPE_DEFINITION_REPRESENTATION(#3031,#3037);
#3031 = PRODUCT_DEFINITION_SHAPE('','',#3032);
#3032 = PRODUCT_DEFINITION('design','',#3033,#3036);
#3033 = PRODUCT_DEFINITION_FORMATION('','',#3034);
#3034 = PRODUCT('LED_RGB_5050-6','LED_RGB_5050-6','',(#3035));
#3035 = PRODUCT_CONTEXT('',#2,'mechanical');
#3036 = PRODUCT_DEFINITION_CONTEXT('part definition',#2,'design');
#3037 = SHAPE_REPRESENTATION('',(#11,#3038),#3042);
#3038 = AXIS2_PLACEMENT_3D('',#3039,#3040,#3041);
#3039 = CARTESIAN_POINT('',(0.,0.,0.));
#3040 = DIRECTION('',(0.,0.,1.));
#3041 = DIRECTION('',(1.,0.,-0.));
#3042 = ( GEOMETRIC_REPRESENTATION_CONTEXT(3) 
GLOBAL_UNCERTAINTY_ASSIGNED_CONTEXT((#3046)) 
GLOBAL_UNIT_ASSIGNED_CONTEXT((#3043,#3044,#3045)) REPRESENTATION_CONTEXT
('Context #1','3D Context with UNIT and UNCERTAINTY') );
#3043 = ( LENGTH_UNIT() NAMED_UNIT(*) SI_UNIT(.MILLI.,.METRE.) );
#3044 = ( NAMED_UNIT(*) PLANE_ANGLE_UNIT() SI_UNIT($,.RADIAN.) );
#3045 = ( NAMED_UNIT(*) SI_UNIT($,.STERADIAN.) SOLID_ANGLE_UNIT() );
#3046 = UNCERTAINTY_MEASURE_WITH_UNIT(LENGTH_MEASURE(1.E-07),#3043,
  'distance_accuracy_value','confusion accuracy');
#3047 = CONTEXT_DEPENDENT_SHAPE_REPRESENTATION(#3048,#3050);
#3048 = ( REPRESENTATION_RELATIONSHIP('','',#3037,#10) 
REPRESENTATION_RELATIONSHIP_WITH_TRANSFORMATION(#3049) 
SHAPE_REPRESENTATION_RELATIONSHIP() );
#3049 = ITEM_DEFINED_TRANSFORMATION('','',#11,#27);
#3050 = PRODUCT_DEFINITION_SHAPE('Placement','Placement of an item',
  #3051);
#3051 = NEXT_ASSEMBLY_USAGE_OCCURRENCE('7','D1','',#5,#3032,$);
#3052 = PRODUCT_RELATED_PRODUCT_CATEGORY('part',$,(#3034));
#3053 = SHAPE_DEFINITION_REPRESENTATION(#3054,#3060);
#3054 = PRODUCT_DEFINITION_SHAPE('','',#3055);
#3055 = PRODUCT_DEFINITION('design','',#3056,#3059);
#3056 = PRODUCT_DEFINITION_FORMATION('','',#3057);
#3057 = PRODUCT('LED_RGB_5050_6','LED_RGB_5050_6','',(#3058));
#3058 = PRODUCT_CONTEXT('',#2,'mechanical');
#3059 = PRODUCT_DEFINITION_CONTEXT('part definition',#2,'design');
#3060 = ADVANCED_BREP_SHAPE_REPRESENTATION('',(#11,#3061),#6640);
#3061 = MANIFOLD_SOLID_BREP('',#3062);
#3062 = CLOSED_SHELL('',(#3063,#3122,#3147,#3180,#3205,#3230,#3255,#3272
    ,#3297,#3344,#3566,#3590,#3614,#3836,#3845,#3856,#4210,#4318,#4343,
    #4443,#4551,#4576,#4676,#4784,#4809,#4909,#4926,#4943,#4960,#4977,
    #4994,#5011,#5119,#5144,#5244,#5352,#5377,#5477,#5585,#5610,#5710,
    #5727,#5744,#5761,#5778,#5795,#5812,#5829,#5846,#5863,#5880,#5897,
    #5914,#5931,#5948,#5965,#5982,#5999,#6016,#6033,#6050,#6067,#6084,
    #6101,#6118,#6140,#6152,#6164,#6176,#6193,#6205,#6227,#6239,#6251,
    #6263,#6280,#6292,#6314,#6326,#6338,#6350,#6367,#6379,#6401,#6413,
    #6425,#6437,#6454,#6466,#6488,#6500,#6512,#6524,#6541,#6553,#6575,
    #6587,#6599,#6611,#6628));
#3063 = ADVANCED_FACE('',(#3064,#3075),#3117,.T.);
#3064 = FACE_BOUND('',#3065,.T.);
#3065 = EDGE_LOOP('',(#3066));
#3066 = ORIENTED_EDGE('',*,*,#3067,.T.);
#3067 = EDGE_CURVE('',#3068,#3068,#3070,.T.);
#3068 = VERTEX_POINT('',#3069);
#3069 = CARTESIAN_POINT('',(1.946666666667,0.,1.6));
#3070 = CIRCLE('',#3071,1.946666666667);
#3071 = AXIS2_PLACEMENT_3D('',#3072,#3073,#3074);
#3072 = CARTESIAN_POINT('',(0.,0.,1.6));
#3073 = DIRECTION('',(0.,0.,-1.));
#3074 = DIRECTION('',(1.,0.,0.));
#3075 = FACE_BOUND('',#3076,.T.);
#3076 = EDGE_LOOP('',(#3077,#3087,#3095,#3103,#3111));
#3077 = ORIENTED_EDGE('',*,*,#3078,.T.);
#3078 = EDGE_CURVE('',#3079,#3081,#3083,.T.);
#3079 = VERTEX_POINT('',#3080);
#3080 = CARTESIAN_POINT('',(2.43,2.43,1.6));
#3081 = VERTEX_POINT('',#3082);
#3082 = CARTESIAN_POINT('',(-1.435471144701,2.43,1.6));
#3083 = LINE('',#3084,#3085);
#3084 = CARTESIAN_POINT('',(2.5,2.43,1.6));
#3085 = VECTOR('',#3086,1.);
#3086 = DIRECTION('',(-1.,0.,0.));
#3087 = ORIENTED_EDGE('',*,*,#3088,.T.);
#3088 = EDGE_CURVE('',#3081,#3089,#3091,.T.);
#3089 = VERTEX_POINT('',#3090);
#3090 = CARTESIAN_POINT('',(-2.43,1.435471144701,1.6));
#3091 = LINE('',#3092,#3093);
#3092 = CARTESIAN_POINT('',(-1.414968619384,2.450502525317,1.6));
#3093 = VECTOR('',#3094,1.);
#3094 = DIRECTION('',(-0.707106781187,-0.707106781187,0.));
#3095 = ORIENTED_EDGE('',*,*,#3096,.T.);
#3096 = EDGE_CURVE('',#3089,#3097,#3099,.T.);
#3097 = VERTEX_POINT('',#3098);
#3098 = CARTESIAN_POINT('',(-2.43,-2.43,1.6));
#3099 = LINE('',#3100,#3101);
#3100 = CARTESIAN_POINT('',(-2.43,1.464466094067,1.6));
#3101 = VECTOR('',#3102,1.);
#3102 = DIRECTION('',(0.,-1.,0.));
#3103 = ORIENTED_EDGE('',*,*,#3104,.T.);
#3104 = EDGE_CURVE('',#3097,#3105,#3107,.T.);
#3105 = VERTEX_POINT('',#3106);
#3106 = CARTESIAN_POINT('',(2.43,-2.43,1.6));
#3107 = LINE('',#3108,#3109);
#3108 = CARTESIAN_POINT('',(-2.5,-2.43,1.6));
#3109 = VECTOR('',#3110,1.);
#3110 = DIRECTION('',(1.,0.,0.));
#3111 = ORIENTED_EDGE('',*,*,#3112,.T.);
#3112 = EDGE_CURVE('',#3105,#3079,#3113,.T.);
#3113 = LINE('',#3114,#3115);
#3114 = CARTESIAN_POINT('',(2.43,-2.5,1.6));
#3115 = VECTOR('',#3116,1.);
#3116 = DIRECTION('',(0.,1.,0.));
#3117 = PLANE('',#3118);
#3118 = AXIS2_PLACEMENT_3D('',#3119,#3120,#3121);
#3119 = CARTESIAN_POINT('',(0.,0.,1.6));
#3120 = DIRECTION('',(0.,0.,1.));
#3121 = DIRECTION('',(1.,0.,-0.));
#3122 = ADVANCED_FACE('',(#3123),#3142,.F.);
#3123 = FACE_BOUND('',#3124,.F.);
#3124 = EDGE_LOOP('',(#3125,#3133,#3134,#3135));
#3125 = ORIENTED_EDGE('',*,*,#3126,.F.);
#3126 = EDGE_CURVE('',#3068,#3127,#3129,.T.);
#3127 = VERTEX_POINT('',#3128);
#3128 = CARTESIAN_POINT('',(1.666666666667,0.,1.32));
#3129 = LINE('',#3130,#3131);
#3130 = CARTESIAN_POINT('',(1.666666666667,0.,1.32));
#3131 = VECTOR('',#3132,1.);
#3132 = DIRECTION('',(-0.707106781187,0.,-0.707106781187));
#3133 = ORIENTED_EDGE('',*,*,#3067,.T.);
#3134 = ORIENTED_EDGE('',*,*,#3126,.T.);
#3135 = ORIENTED_EDGE('',*,*,#3136,.F.);
#3136 = EDGE_CURVE('',#3127,#3127,#3137,.T.);
#3137 = CIRCLE('',#3138,1.666666666667);
#3138 = AXIS2_PLACEMENT_3D('',#3139,#3140,#3141);
#3139 = CARTESIAN_POINT('',(0.,0.,1.32));
#3140 = DIRECTION('',(0.,0.,-1.));
#3141 = DIRECTION('',(1.,0.,0.));
#3142 = CONICAL_SURFACE('',#3143,1.666666666667,0.785398163397);
#3143 = AXIS2_PLACEMENT_3D('',#3144,#3145,#3146);
#3144 = CARTESIAN_POINT('',(0.,0.,1.32));
#3145 = DIRECTION('',(0.,0.,1.));
#3146 = DIRECTION('',(1.,0.,-0.));
#3147 = ADVANCED_FACE('',(#3148),#3175,.T.);
#3148 = FACE_BOUND('',#3149,.T.);
#3149 = EDGE_LOOP('',(#3150,#3159,#3167,#3174));
#3150 = ORIENTED_EDGE('',*,*,#3151,.T.);
#3151 = EDGE_CURVE('',#3079,#3152,#3154,.T.);
#3152 = VERTEX_POINT('',#3153);
#3153 = CARTESIAN_POINT('',(2.5,2.5,1.53));
#3154 = ELLIPSE('',#3155,9.899494936612E-02,7.E-02);
#3155 = AXIS2_PLACEMENT_3D('',#3156,#3157,#3158);
#3156 = CARTESIAN_POINT('',(2.43,2.43,1.53));
#3157 = DIRECTION('',(-0.707106781187,0.707106781187,0.));
#3158 = DIRECTION('',(-0.707106781187,-0.707106781187,0.));
#3159 = ORIENTED_EDGE('',*,*,#3160,.T.);
#3160 = EDGE_CURVE('',#3152,#3161,#3163,.T.);
#3161 = VERTEX_POINT('',#3162);
#3162 = CARTESIAN_POINT('',(-1.464466094067,2.5,1.53));
#3163 = LINE('',#3164,#3165);
#3164 = CARTESIAN_POINT('',(2.5,2.5,1.53));
#3165 = VECTOR('',#3166,1.);
#3166 = DIRECTION('',(-1.,0.,0.));
#3167 = ORIENTED_EDGE('',*,*,#3168,.F.);
#3168 = EDGE_CURVE('',#3081,#3161,#3169,.T.);
#3169 = ELLIPSE('',#3170,7.576745402047E-02,7.E-02);
#3170 = AXIS2_PLACEMENT_3D('',#3171,#3172,#3173);
#3171 = CARTESIAN_POINT('',(-1.435471144701,2.43,1.53));
#3172 = DIRECTION('',(-0.923879532511,-0.382683432365,-0.));
#3173 = DIRECTION('',(-0.382683432365,0.923879532511,0.));
#3174 = ORIENTED_EDGE('',*,*,#3078,.F.);
#3175 = CYLINDRICAL_SURFACE('',#3176,7.E-02);
#3176 = AXIS2_PLACEMENT_3D('',#3177,#3178,#3179);
#3177 = CARTESIAN_POINT('',(2.5,2.43,1.53));
#3178 = DIRECTION('',(-1.,0.,0.));
#3179 = DIRECTION('',(0.,0.,1.));
#3180 = ADVANCED_FACE('',(#3181),#3200,.T.);
#3181 = FACE_BOUND('',#3182,.T.);
#3182 = EDGE_LOOP('',(#3183,#3191,#3192,#3193));
#3183 = ORIENTED_EDGE('',*,*,#3184,.T.);
#3184 = EDGE_CURVE('',#3185,#3152,#3187,.T.);
#3185 = VERTEX_POINT('',#3186);
#3186 = CARTESIAN_POINT('',(2.5,-2.5,1.53));
#3187 = LINE('',#3188,#3189);
#3188 = CARTESIAN_POINT('',(2.5,-2.5,1.53));
#3189 = VECTOR('',#3190,1.);
#3190 = DIRECTION('',(0.,1.,0.));
#3191 = ORIENTED_EDGE('',*,*,#3151,.F.);
#3192 = ORIENTED_EDGE('',*,*,#3112,.F.);
#3193 = ORIENTED_EDGE('',*,*,#3194,.F.);
#3194 = EDGE_CURVE('',#3185,#3105,#3195,.T.);
#3195 = ELLIPSE('',#3196,9.899494936612E-02,7.E-02);
#3196 = AXIS2_PLACEMENT_3D('',#3197,#3198,#3199);
#3197 = CARTESIAN_POINT('',(2.43,-2.43,1.53));
#3198 = DIRECTION('',(-0.707106781187,-0.707106781187,0.));
#3199 = DIRECTION('',(0.707106781187,-0.707106781187,0.));
#3200 = CYLINDRICAL_SURFACE('',#3201,7.E-02);
#3201 = AXIS2_PLACEMENT_3D('',#3202,#3203,#3204);
#3202 = CARTESIAN_POINT('',(2.43,-2.5,1.53));
#3203 = DIRECTION('',(0.,1.,0.));
#3204 = DIRECTION('',(1.,0.,0.));
#3205 = ADVANCED_FACE('',(#3206),#3225,.T.);
#3206 = FACE_BOUND('',#3207,.T.);
#3207 = EDGE_LOOP('',(#3208,#3209,#3217,#3224));
#3208 = ORIENTED_EDGE('',*,*,#3168,.T.);
#3209 = ORIENTED_EDGE('',*,*,#3210,.T.);
#3210 = EDGE_CURVE('',#3161,#3211,#3213,.T.);
#3211 = VERTEX_POINT('',#3212);
#3212 = CARTESIAN_POINT('',(-2.5,1.464466094067,1.53));
#3213 = LINE('',#3214,#3215);
#3214 = CARTESIAN_POINT('',(-1.464466094067,2.5,1.53));
#3215 = VECTOR('',#3216,1.);
#3216 = DIRECTION('',(-0.707106781187,-0.707106781187,0.));
#3217 = ORIENTED_EDGE('',*,*,#3218,.T.);
#3218 = EDGE_CURVE('',#3211,#3089,#3219,.T.);
#3219 = ELLIPSE('',#3220,7.576745402047E-02,7.E-02);
#3220 = AXIS2_PLACEMENT_3D('',#3221,#3222,#3223);
#3221 = CARTESIAN_POINT('',(-2.43,1.435471144701,1.53));
#3222 = DIRECTION('',(0.382683432365,0.923879532511,0.));
#3223 = DIRECTION('',(0.923879532511,-0.382683432365,0.));
#3224 = ORIENTED_EDGE('',*,*,#3088,.F.);
#3225 = CYLINDRICAL_SURFACE('',#3226,7.E-02);
#3226 = AXIS2_PLACEMENT_3D('',#3227,#3228,#3229);
#3227 = CARTESIAN_POINT('',(-1.414968619384,2.450502525317,1.53));
#3228 = DIRECTION('',(-0.707106781187,-0.707106781187,0.));
#3229 = DIRECTION('',(0.,0.,1.));
#3230 = ADVANCED_FACE('',(#3231),#3250,.T.);
#3231 = FACE_BOUND('',#3232,.T.);
#3232 = EDGE_LOOP('',(#3233,#3241,#3242,#3243));
#3233 = ORIENTED_EDGE('',*,*,#3234,.T.);
#3234 = EDGE_CURVE('',#3235,#3185,#3237,.T.);
#3235 = VERTEX_POINT('',#3236);
#3236 = CARTESIAN_POINT('',(-2.5,-2.5,1.53));
#3237 = LINE('',#3238,#3239);
#3238 = CARTESIAN_POINT('',(-2.5,-2.5,1.53));
#3239 = VECTOR('',#3240,1.);
#3240 = DIRECTION('',(1.,0.,0.));
#3241 = ORIENTED_EDGE('',*,*,#3194,.T.);
#3242 = ORIENTED_EDGE('',*,*,#3104,.F.);
#3243 = ORIENTED_EDGE('',*,*,#3244,.F.);
#3244 = EDGE_CURVE('',#3235,#3097,#3245,.T.);
#3245 = ELLIPSE('',#3246,9.899494936612E-02,7.E-02);
#3246 = AXIS2_PLACEMENT_3D('',#3247,#3248,#3249);
#3247 = CARTESIAN_POINT('',(-2.43,-2.43,1.53));
#3248 = DIRECTION('',(-0.707106781187,0.707106781187,0.));
#3249 = DIRECTION('',(-0.707106781187,-0.707106781187,0.));
#3250 = CYLINDRICAL_SURFACE('',#3251,7.E-02);
#3251 = AXIS2_PLACEMENT_3D('',#3252,#3253,#3254);
#3252 = CARTESIAN_POINT('',(-2.5,-2.43,1.53));
#3253 = DIRECTION('',(1.,0.,0.));
#3254 = DIRECTION('',(0.,-1.,0.));
#3255 = ADVANCED_FACE('',(#3256),#3267,.T.);
#3256 = FACE_BOUND('',#3257,.T.);
#3257 = EDGE_LOOP('',(#3258,#3264,#3265,#3266));
#3258 = ORIENTED_EDGE('',*,*,#3259,.T.);
#3259 = EDGE_CURVE('',#3211,#3235,#3260,.T.);
#3260 = LINE('',#3261,#3262);
#3261 = CARTESIAN_POINT('',(-2.5,1.464466094067,1.53));
#3262 = VECTOR('',#3263,1.);
#3263 = DIRECTION('',(0.,-1.,0.));
#3264 = ORIENTED_EDGE('',*,*,#3244,.T.);
#3265 = ORIENTED_EDGE('',*,*,#3096,.F.);
#3266 = ORIENTED_EDGE('',*,*,#3218,.F.);
#3267 = CYLINDRICAL_SURFACE('',#3268,7.E-02);
#3268 = AXIS2_PLACEMENT_3D('',#3269,#3270,#3271);
#3269 = CARTESIAN_POINT('',(-2.43,1.464466094067,1.53));
#3270 = DIRECTION('',(0.,-1.,0.));
#3271 = DIRECTION('',(-1.,0.,0.));
#3272 = ADVANCED_FACE('',(#3273),#3292,.F.);
#3273 = FACE_BOUND('',#3274,.F.);
#3274 = EDGE_LOOP('',(#3275,#3283,#3284,#3285));
#3275 = ORIENTED_EDGE('',*,*,#3276,.T.);
#3276 = EDGE_CURVE('',#3277,#3127,#3279,.T.);
#3277 = VERTEX_POINT('',#3278);
#3278 = CARTESIAN_POINT('',(1.666666666667,0.,1.25));
#3279 = LINE('',#3280,#3281);
#3280 = CARTESIAN_POINT('',(1.666666666667,0.,0.9));
#3281 = VECTOR('',#3282,1.);
#3282 = DIRECTION('',(0.,0.,1.));
#3283 = ORIENTED_EDGE('',*,*,#3136,.T.);
#3284 = ORIENTED_EDGE('',*,*,#3276,.F.);
#3285 = ORIENTED_EDGE('',*,*,#3286,.T.);
#3286 = EDGE_CURVE('',#3277,#3277,#3287,.T.);
#3287 = CIRCLE('',#3288,1.666666666667);
#3288 = AXIS2_PLACEMENT_3D('',#3289,#3290,#3291);
#3289 = CARTESIAN_POINT('',(0.,0.,1.25));
#3290 = DIRECTION('',(0.,0.,1.));
#3291 = DIRECTION('',(1.,0.,-0.));
#3292 = CYLINDRICAL_SURFACE('',#3293,1.666666666667);
#3293 = AXIS2_PLACEMENT_3D('',#3294,#3295,#3296);
#3294 = CARTESIAN_POINT('',(0.,0.,0.9));
#3295 = DIRECTION('',(-0.,-0.,-1.));
#3296 = DIRECTION('',(1.,0.,0.));
#3297 = ADVANCED_FACE('',(#3298),#3339,.F.);
#3298 = FACE_BOUND('',#3299,.F.);
#3299 = EDGE_LOOP('',(#3300,#3308,#3316,#3324,#3332,#3338));
#3300 = ORIENTED_EDGE('',*,*,#3301,.T.);
#3301 = EDGE_CURVE('',#3161,#3302,#3304,.T.);
#3302 = VERTEX_POINT('',#3303);
#3303 = CARTESIAN_POINT('',(-1.464466094067,2.5,1.32));
#3304 = LINE('',#3305,#3306);
#3305 = CARTESIAN_POINT('',(-1.464466094067,2.5,0.76));
#3306 = VECTOR('',#3307,1.);
#3307 = DIRECTION('',(-0.,-0.,-1.));
#3308 = ORIENTED_EDGE('',*,*,#3309,.T.);
#3309 = EDGE_CURVE('',#3302,#3310,#3312,.T.);
#3310 = VERTEX_POINT('',#3311);
#3311 = CARTESIAN_POINT('',(-2.5,2.5,1.32));
#3312 = LINE('',#3313,#3314);
#3313 = CARTESIAN_POINT('',(-0.625,2.5,1.32));
#3314 = VECTOR('',#3315,1.);
#3315 = DIRECTION('',(-1.,0.,0.));
#3316 = ORIENTED_EDGE('',*,*,#3317,.F.);
#3317 = EDGE_CURVE('',#3318,#3310,#3320,.T.);
#3318 = VERTEX_POINT('',#3319);
#3319 = CARTESIAN_POINT('',(-2.5,2.5,0.2));
#3320 = LINE('',#3321,#3322);
#3321 = CARTESIAN_POINT('',(-2.5,2.5,0.2));
#3322 = VECTOR('',#3323,1.);
#3323 = DIRECTION('',(0.,0.,1.));
#3324 = ORIENTED_EDGE('',*,*,#3325,.F.);
#3325 = EDGE_CURVE('',#3326,#3318,#3328,.T.);
#3326 = VERTEX_POINT('',#3327);
#3327 = CARTESIAN_POINT('',(2.5,2.5,0.2));
#3328 = LINE('',#3329,#3330);
#3329 = CARTESIAN_POINT('',(2.5,2.5,0.2));
#3330 = VECTOR('',#3331,1.);
#3331 = DIRECTION('',(-1.,0.,0.));
#3332 = ORIENTED_EDGE('',*,*,#3333,.T.);
#3333 = EDGE_CURVE('',#3326,#3152,#3334,.T.);
#3334 = LINE('',#3335,#3336);
#3335 = CARTESIAN_POINT('',(2.5,2.5,0.2));
#3336 = VECTOR('',#3337,1.);
#3337 = DIRECTION('',(0.,0.,1.));
#3338 = ORIENTED_EDGE('',*,*,#3160,.T.);
#3339 = PLANE('',#3340);
#3340 = AXIS2_PLACEMENT_3D('',#3341,#3342,#3343);
#3341 = CARTESIAN_POINT('',(2.5,2.5,0.2));
#3342 = DIRECTION('',(0.,-1.,0.));
#3343 = DIRECTION('',(-1.,0.,0.));
#3344 = ADVANCED_FACE('',(#3345,#3459,#3493,#3527),#3561,.F.);
#3345 = FACE_BOUND('',#3346,.F.);
#3346 = EDGE_LOOP('',(#3347,#3355,#3356,#3357,#3365,#3373,#3381,#3389,
    #3397,#3405,#3413,#3421,#3429,#3437,#3445,#3453));
#3347 = ORIENTED_EDGE('',*,*,#3348,.T.);
#3348 = EDGE_CURVE('',#3349,#3185,#3351,.T.);
#3349 = VERTEX_POINT('',#3350);
#3350 = CARTESIAN_POINT('',(2.5,-2.5,0.2));
#3351 = LINE('',#3352,#3353);
#3352 = CARTESIAN_POINT('',(2.5,-2.5,0.2));
#3353 = VECTOR('',#3354,1.);
#3354 = DIRECTION('',(0.,0.,1.));
#3355 = ORIENTED_EDGE('',*,*,#3184,.T.);
#3356 = ORIENTED_EDGE('',*,*,#3333,.F.);
#3357 = ORIENTED_EDGE('',*,*,#3358,.F.);
#3358 = EDGE_CURVE('',#3359,#3326,#3361,.T.);
#3359 = VERTEX_POINT('',#3360);
#3360 = CARTESIAN_POINT('',(2.5,2.2,0.2));
#3361 = LINE('',#3362,#3363);
#3362 = CARTESIAN_POINT('',(2.5,-2.5,0.2));
#3363 = VECTOR('',#3364,1.);
#3364 = DIRECTION('',(0.,1.,0.));
#3365 = ORIENTED_EDGE('',*,*,#3366,.T.);
#3366 = EDGE_CURVE('',#3359,#3367,#3369,.T.);
#3367 = VERTEX_POINT('',#3368);
#3368 = CARTESIAN_POINT('',(2.5,2.2,0.261677929985));
#3369 = LINE('',#3370,#3371);
#3370 = CARTESIAN_POINT('',(2.5,2.2,0.1));
#3371 = VECTOR('',#3372,1.);
#3372 = DIRECTION('',(0.,0.,1.));
#3373 = ORIENTED_EDGE('',*,*,#3374,.F.);
#3374 = EDGE_CURVE('',#3375,#3367,#3377,.T.);
#3375 = VERTEX_POINT('',#3376);
#3376 = CARTESIAN_POINT('',(2.5,1.2,0.261677929985));
#3377 = LINE('',#3378,#3379);
#3378 = CARTESIAN_POINT('',(2.5,1.005,0.261677929985));
#3379 = VECTOR('',#3380,1.);
#3380 = DIRECTION('',(0.,1.,0.));
#3381 = ORIENTED_EDGE('',*,*,#3382,.T.);
#3382 = EDGE_CURVE('',#3375,#3383,#3385,.T.);
#3383 = VERTEX_POINT('',#3384);
#3384 = CARTESIAN_POINT('',(2.5,1.2,0.2));
#3385 = LINE('',#3386,#3387);
#3386 = CARTESIAN_POINT('',(2.5,1.2,0.1));
#3387 = VECTOR('',#3388,1.);
#3388 = DIRECTION('',(0.,0.,-1.));
#3389 = ORIENTED_EDGE('',*,*,#3390,.F.);
#3390 = EDGE_CURVE('',#3391,#3383,#3393,.T.);
#3391 = VERTEX_POINT('',#3392);
#3392 = CARTESIAN_POINT('',(2.5,0.5,0.2));
#3393 = LINE('',#3394,#3395);
#3394 = CARTESIAN_POINT('',(2.5,-2.5,0.2));
#3395 = VECTOR('',#3396,1.);
#3396 = DIRECTION('',(0.,1.,0.));
#3397 = ORIENTED_EDGE('',*,*,#3398,.T.);
#3398 = EDGE_CURVE('',#3391,#3399,#3401,.T.);
#3399 = VERTEX_POINT('',#3400);
#3400 = CARTESIAN_POINT('',(2.5,0.5,0.261677929985));
#3401 = LINE('',#3402,#3403);
#3402 = CARTESIAN_POINT('',(2.5,0.5,0.1));
#3403 = VECTOR('',#3404,1.);
#3404 = DIRECTION('',(0.,0.,1.));
#3405 = ORIENTED_EDGE('',*,*,#3406,.F.);
#3406 = EDGE_CURVE('',#3407,#3399,#3409,.T.);
#3407 = VERTEX_POINT('',#3408);
#3408 = CARTESIAN_POINT('',(2.5,-0.5,0.261677929985));
#3409 = LINE('',#3410,#3411);
#3410 = CARTESIAN_POINT('',(2.5,-0.695,0.261677929985));
#3411 = VECTOR('',#3412,1.);
#3412 = DIRECTION('',(0.,1.,0.));
#3413 = ORIENTED_EDGE('',*,*,#3414,.T.);
#3414 = EDGE_CURVE('',#3407,#3415,#3417,.T.);
#3415 = VERTEX_POINT('',#3416);
#3416 = CARTESIAN_POINT('',(2.5,-0.5,0.2));
#3417 = LINE('',#3418,#3419);
#3418 = CARTESIAN_POINT('',(2.5,-0.5,0.1));
#3419 = VECTOR('',#3420,1.);
#3420 = DIRECTION('',(0.,0.,-1.));
#3421 = ORIENTED_EDGE('',*,*,#3422,.F.);
#3422 = EDGE_CURVE('',#3423,#3415,#3425,.T.);
#3423 = VERTEX_POINT('',#3424);
#3424 = CARTESIAN_POINT('',(2.5,-1.2,0.2));
#3425 = LINE('',#3426,#3427);
#3426 = CARTESIAN_POINT('',(2.5,-2.5,0.2));
#3427 = VECTOR('',#3428,1.);
#3428 = DIRECTION('',(0.,1.,0.));
#3429 = ORIENTED_EDGE('',*,*,#3430,.T.);
#3430 = EDGE_CURVE('',#3423,#3431,#3433,.T.);
#3431 = VERTEX_POINT('',#3432);
#3432 = CARTESIAN_POINT('',(2.5,-1.2,0.261677929985));
#3433 = LINE('',#3434,#3435);
#3434 = CARTESIAN_POINT('',(2.5,-1.2,0.1));
#3435 = VECTOR('',#3436,1.);
#3436 = DIRECTION('',(0.,0.,1.));
#3437 = ORIENTED_EDGE('',*,*,#3438,.F.);
#3438 = EDGE_CURVE('',#3439,#3431,#3441,.T.);
#3439 = VERTEX_POINT('',#3440);
#3440 = CARTESIAN_POINT('',(2.5,-2.2,0.261677929985));
#3441 = LINE('',#3442,#3443);
#3442 = CARTESIAN_POINT('',(2.5,-2.395,0.261677929985));
#3443 = VECTOR('',#3444,1.);
#3444 = DIRECTION('',(0.,1.,0.));
#3445 = ORIENTED_EDGE('',*,*,#3446,.T.);
#3446 = EDGE_CURVE('',#3439,#3447,#3449,.T.);
#3447 = VERTEX_POINT('',#3448);
#3448 = CARTESIAN_POINT('',(2.5,-2.2,0.2));
#3449 = LINE('',#3450,#3451);
#3450 = CARTESIAN_POINT('',(2.5,-2.2,0.1));
#3451 = VECTOR('',#3452,1.);
#3452 = DIRECTION('',(0.,0.,-1.));
#3453 = ORIENTED_EDGE('',*,*,#3454,.F.);
#3454 = EDGE_CURVE('',#3349,#3447,#3455,.T.);
#3455 = LINE('',#3456,#3457);
#3456 = CARTESIAN_POINT('',(2.5,-2.5,0.2));
#3457 = VECTOR('',#3458,1.);
#3458 = DIRECTION('',(0.,1.,0.));
#3459 = FACE_BOUND('',#3460,.F.);
#3460 = EDGE_LOOP('',(#3461,#3471,#3479,#3487));
#3461 = ORIENTED_EDGE('',*,*,#3462,.F.);
#3462 = EDGE_CURVE('',#3463,#3465,#3467,.T.);
#3463 = VERTEX_POINT('',#3464);
#3464 = CARTESIAN_POINT('',(2.5,-2.2,1.));
#3465 = VERTEX_POINT('',#3466);
#3466 = CARTESIAN_POINT('',(2.5,-1.2,1.));
#3467 = LINE('',#3468,#3469);
#3468 = CARTESIAN_POINT('',(2.5,-2.1,1.));
#3469 = VECTOR('',#3470,1.);
#3470 = DIRECTION('',(0.,1.,0.));
#3471 = ORIENTED_EDGE('',*,*,#3472,.T.);
#3472 = EDGE_CURVE('',#3463,#3473,#3475,.T.);
#3473 = VERTEX_POINT('',#3474);
#3474 = CARTESIAN_POINT('',(2.5,-2.2,0.738322070015));
#3475 = LINE('',#3476,#3477);
#3476 = CARTESIAN_POINT('',(2.5,-2.2,0.1));
#3477 = VECTOR('',#3478,1.);
#3478 = DIRECTION('',(0.,0.,-1.));
#3479 = ORIENTED_EDGE('',*,*,#3480,.T.);
#3480 = EDGE_CURVE('',#3473,#3481,#3483,.T.);
#3481 = VERTEX_POINT('',#3482);
#3482 = CARTESIAN_POINT('',(2.5,-1.2,0.738322070015));
#3483 = LINE('',#3484,#3485);
#3484 = CARTESIAN_POINT('',(2.5,-2.395,0.738322070015));
#3485 = VECTOR('',#3486,1.);
#3486 = DIRECTION('',(0.,1.,0.));
#3487 = ORIENTED_EDGE('',*,*,#3488,.T.);
#3488 = EDGE_CURVE('',#3481,#3465,#3489,.T.);
#3489 = LINE('',#3490,#3491);
#3490 = CARTESIAN_POINT('',(2.5,-1.2,0.1));
#3491 = VECTOR('',#3492,1.);
#3492 = DIRECTION('',(0.,0.,1.));
#3493 = FACE_BOUND('',#3494,.F.);
#3494 = EDGE_LOOP('',(#3495,#3505,#3513,#3521));
#3495 = ORIENTED_EDGE('',*,*,#3496,.T.);
#3496 = EDGE_CURVE('',#3497,#3499,#3501,.T.);
#3497 = VERTEX_POINT('',#3498);
#3498 = CARTESIAN_POINT('',(2.5,-0.5,0.738322070015));
#3499 = VERTEX_POINT('',#3500);
#3500 = CARTESIAN_POINT('',(2.5,0.5,0.738322070015));
#3501 = LINE('',#3502,#3503);
#3502 = CARTESIAN_POINT('',(2.5,-0.695,0.738322070015));
#3503 = VECTOR('',#3504,1.);
#3504 = DIRECTION('',(0.,1.,0.));
#3505 = ORIENTED_EDGE('',*,*,#3506,.T.);
#3506 = EDGE_CURVE('',#3499,#3507,#3509,.T.);
#3507 = VERTEX_POINT('',#3508);
#3508 = CARTESIAN_POINT('',(2.5,0.5,1.));
#3509 = LINE('',#3510,#3511);
#3510 = CARTESIAN_POINT('',(2.5,0.5,0.1));
#3511 = VECTOR('',#3512,1.);
#3512 = DIRECTION('',(0.,0.,1.));
#3513 = ORIENTED_EDGE('',*,*,#3514,.F.);
#3514 = EDGE_CURVE('',#3515,#3507,#3517,.T.);
#3515 = VERTEX_POINT('',#3516);
#3516 = CARTESIAN_POINT('',(2.5,-0.5,1.));
#3517 = LINE('',#3518,#3519);
#3518 = CARTESIAN_POINT('',(2.5,-1.25,1.));
#3519 = VECTOR('',#3520,1.);
#3520 = DIRECTION('',(0.,1.,0.));
#3521 = ORIENTED_EDGE('',*,*,#3522,.T.);
#3522 = EDGE_CURVE('',#3515,#3497,#3523,.T.);
#3523 = LINE('',#3524,#3525);
#3524 = CARTESIAN_POINT('',(2.5,-0.5,0.1));
#3525 = VECTOR('',#3526,1.);
#3526 = DIRECTION('',(0.,0.,-1.));
#3527 = FACE_BOUND('',#3528,.F.);
#3528 = EDGE_LOOP('',(#3529,#3539,#3547,#3555));
#3529 = ORIENTED_EDGE('',*,*,#3530,.F.);
#3530 = EDGE_CURVE('',#3531,#3533,#3535,.T.);
#3531 = VERTEX_POINT('',#3532);
#3532 = CARTESIAN_POINT('',(2.5,1.2,1.));
#3533 = VERTEX_POINT('',#3534);
#3534 = CARTESIAN_POINT('',(2.5,2.2,1.));
#3535 = LINE('',#3536,#3537);
#3536 = CARTESIAN_POINT('',(2.5,-0.4,1.));
#3537 = VECTOR('',#3538,1.);
#3538 = DIRECTION('',(0.,1.,0.));
#3539 = ORIENTED_EDGE('',*,*,#3540,.T.);
#3540 = EDGE_CURVE('',#3531,#3541,#3543,.T.);
#3541 = VERTEX_POINT('',#3542);
#3542 = CARTESIAN_POINT('',(2.5,1.2,0.738322070015));
#3543 = LINE('',#3544,#3545);
#3544 = CARTESIAN_POINT('',(2.5,1.2,0.1));
#3545 = VECTOR('',#3546,1.);
#3546 = DIRECTION('',(0.,0.,-1.));
#3547 = ORIENTED_EDGE('',*,*,#3548,.T.);
#3548 = EDGE_CURVE('',#3541,#3549,#3551,.T.);
#3549 = VERTEX_POINT('',#3550);
#3550 = CARTESIAN_POINT('',(2.5,2.2,0.738322070015));
#3551 = LINE('',#3552,#3553);
#3552 = CARTESIAN_POINT('',(2.5,1.005,0.738322070015));
#3553 = VECTOR('',#3554,1.);
#3554 = DIRECTION('',(0.,1.,0.));
#3555 = ORIENTED_EDGE('',*,*,#3556,.T.);
#3556 = EDGE_CURVE('',#3549,#3533,#3557,.T.);
#3557 = LINE('',#3558,#3559);
#3558 = CARTESIAN_POINT('',(2.5,2.2,0.1));
#3559 = VECTOR('',#3560,1.);
#3560 = DIRECTION('',(0.,0.,1.));
#3561 = PLANE('',#3562);
#3562 = AXIS2_PLACEMENT_3D('',#3563,#3564,#3565);
#3563 = CARTESIAN_POINT('',(2.5,-2.5,0.2));
#3564 = DIRECTION('',(-1.,0.,0.));
#3565 = DIRECTION('',(0.,1.,0.));
#3566 = ADVANCED_FACE('',(#3567),#3585,.T.);
#3567 = FACE_BOUND('',#3568,.T.);
#3568 = EDGE_LOOP('',(#3569,#3570,#3578,#3584));
#3569 = ORIENTED_EDGE('',*,*,#3301,.T.);
#3570 = ORIENTED_EDGE('',*,*,#3571,.F.);
#3571 = EDGE_CURVE('',#3572,#3302,#3574,.T.);
#3572 = VERTEX_POINT('',#3573);
#3573 = CARTESIAN_POINT('',(-2.5,1.464466094067,1.32));
#3574 = LINE('',#3575,#3576);
#3575 = CARTESIAN_POINT('',(-3.75,0.214466094067,1.32));
#3576 = VECTOR('',#3577,1.);
#3577 = DIRECTION('',(0.707106781187,0.707106781187,0.));
#3578 = ORIENTED_EDGE('',*,*,#3579,.T.);
#3579 = EDGE_CURVE('',#3572,#3211,#3580,.T.);
#3580 = LINE('',#3581,#3582);
#3581 = CARTESIAN_POINT('',(-2.5,1.464466094067,0.76));
#3582 = VECTOR('',#3583,1.);
#3583 = DIRECTION('',(0.,0.,1.));
#3584 = ORIENTED_EDGE('',*,*,#3210,.F.);
#3585 = PLANE('',#3586);
#3586 = AXIS2_PLACEMENT_3D('',#3587,#3588,#3589);
#3587 = CARTESIAN_POINT('',(-3.75,0.214466094067,1.32));
#3588 = DIRECTION('',(-0.707106781187,0.707106781187,0.));
#3589 = DIRECTION('',(0.707106781187,0.707106781187,0.));
#3590 = ADVANCED_FACE('',(#3591),#3609,.F.);
#3591 = FACE_BOUND('',#3592,.F.);
#3592 = EDGE_LOOP('',(#3593,#3601,#3602,#3603));
#3593 = ORIENTED_EDGE('',*,*,#3594,.T.);
#3594 = EDGE_CURVE('',#3595,#3235,#3597,.T.);
#3595 = VERTEX_POINT('',#3596);
#3596 = CARTESIAN_POINT('',(-2.5,-2.5,0.2));
#3597 = LINE('',#3598,#3599);
#3598 = CARTESIAN_POINT('',(-2.5,-2.5,0.2));
#3599 = VECTOR('',#3600,1.);
#3600 = DIRECTION('',(0.,0.,1.));
#3601 = ORIENTED_EDGE('',*,*,#3234,.T.);
#3602 = ORIENTED_EDGE('',*,*,#3348,.F.);
#3603 = ORIENTED_EDGE('',*,*,#3604,.F.);
#3604 = EDGE_CURVE('',#3595,#3349,#3605,.T.);
#3605 = LINE('',#3606,#3607);
#3606 = CARTESIAN_POINT('',(-2.5,-2.5,0.2));
#3607 = VECTOR('',#3608,1.);
#3608 = DIRECTION('',(1.,0.,0.));
#3609 = PLANE('',#3610);
#3610 = AXIS2_PLACEMENT_3D('',#3611,#3612,#3613);
#3611 = CARTESIAN_POINT('',(-2.5,-2.5,0.2));
#3612 = DIRECTION('',(0.,1.,0.));
#3613 = DIRECTION('',(1.,0.,0.));
#3614 = ADVANCED_FACE('',(#3615,#3729,#3763,#3797),#3831,.F.);
#3615 = FACE_BOUND('',#3616,.F.);
#3616 = EDGE_LOOP('',(#3617,#3618,#3619,#3627,#3635,#3643,#3651,#3659,
    #3667,#3675,#3683,#3691,#3699,#3707,#3715,#3721,#3722,#3728));
#3617 = ORIENTED_EDGE('',*,*,#3259,.T.);
#3618 = ORIENTED_EDGE('',*,*,#3594,.F.);
#3619 = ORIENTED_EDGE('',*,*,#3620,.F.);
#3620 = EDGE_CURVE('',#3621,#3595,#3623,.T.);
#3621 = VERTEX_POINT('',#3622);
#3622 = CARTESIAN_POINT('',(-2.5,-2.2,0.2));
#3623 = LINE('',#3624,#3625);
#3624 = CARTESIAN_POINT('',(-2.5,2.5,0.2));
#3625 = VECTOR('',#3626,1.);
#3626 = DIRECTION('',(0.,-1.,0.));
#3627 = ORIENTED_EDGE('',*,*,#3628,.T.);
#3628 = EDGE_CURVE('',#3621,#3629,#3631,.T.);
#3629 = VERTEX_POINT('',#3630);
#3630 = CARTESIAN_POINT('',(-2.5,-2.2,0.261677929985));
#3631 = LINE('',#3632,#3633);
#3632 = CARTESIAN_POINT('',(-2.5,-2.2,0.1));
#3633 = VECTOR('',#3634,1.);
#3634 = DIRECTION('',(0.,0.,1.));
#3635 = ORIENTED_EDGE('',*,*,#3636,.F.);
#3636 = EDGE_CURVE('',#3637,#3629,#3639,.T.);
#3637 = VERTEX_POINT('',#3638);
#3638 = CARTESIAN_POINT('',(-2.5,-1.2,0.261677929985));
#3639 = LINE('',#3640,#3641);
#3640 = CARTESIAN_POINT('',(-2.5,-1.005,0.261677929985));
#3641 = VECTOR('',#3642,1.);
#3642 = DIRECTION('',(0.,-1.,0.));
#3643 = ORIENTED_EDGE('',*,*,#3644,.T.);
#3644 = EDGE_CURVE('',#3637,#3645,#3647,.T.);
#3645 = VERTEX_POINT('',#3646);
#3646 = CARTESIAN_POINT('',(-2.5,-1.2,0.2));
#3647 = LINE('',#3648,#3649);
#3648 = CARTESIAN_POINT('',(-2.5,-1.2,0.1));
#3649 = VECTOR('',#3650,1.);
#3650 = DIRECTION('',(0.,0.,-1.));
#3651 = ORIENTED_EDGE('',*,*,#3652,.F.);
#3652 = EDGE_CURVE('',#3653,#3645,#3655,.T.);
#3653 = VERTEX_POINT('',#3654);
#3654 = CARTESIAN_POINT('',(-2.5,-0.5,0.2));
#3655 = LINE('',#3656,#3657);
#3656 = CARTESIAN_POINT('',(-2.5,2.5,0.2));
#3657 = VECTOR('',#3658,1.);
#3658 = DIRECTION('',(0.,-1.,0.));
#3659 = ORIENTED_EDGE('',*,*,#3660,.T.);
#3660 = EDGE_CURVE('',#3653,#3661,#3663,.T.);
#3661 = VERTEX_POINT('',#3662);
#3662 = CARTESIAN_POINT('',(-2.5,-0.5,0.261677929985));
#3663 = LINE('',#3664,#3665);
#3664 = CARTESIAN_POINT('',(-2.5,-0.5,0.1));
#3665 = VECTOR('',#3666,1.);
#3666 = DIRECTION('',(0.,0.,1.));
#3667 = ORIENTED_EDGE('',*,*,#3668,.F.);
#3668 = EDGE_CURVE('',#3669,#3661,#3671,.T.);
#3669 = VERTEX_POINT('',#3670);
#3670 = CARTESIAN_POINT('',(-2.5,0.5,0.261677929985));
#3671 = LINE('',#3672,#3673);
#3672 = CARTESIAN_POINT('',(-2.5,0.695,0.261677929985));
#3673 = VECTOR('',#3674,1.);
#3674 = DIRECTION('',(0.,-1.,0.));
#3675 = ORIENTED_EDGE('',*,*,#3676,.T.);
#3676 = EDGE_CURVE('',#3669,#3677,#3679,.T.);
#3677 = VERTEX_POINT('',#3678);
#3678 = CARTESIAN_POINT('',(-2.5,0.5,0.2));
#3679 = LINE('',#3680,#3681);
#3680 = CARTESIAN_POINT('',(-2.5,0.5,0.1));
#3681 = VECTOR('',#3682,1.);
#3682 = DIRECTION('',(0.,0.,-1.));
#3683 = ORIENTED_EDGE('',*,*,#3684,.F.);
#3684 = EDGE_CURVE('',#3685,#3677,#3687,.T.);
#3685 = VERTEX_POINT('',#3686);
#3686 = CARTESIAN_POINT('',(-2.5,1.2,0.2));
#3687 = LINE('',#3688,#3689);
#3688 = CARTESIAN_POINT('',(-2.5,2.5,0.2));
#3689 = VECTOR('',#3690,1.);
#3690 = DIRECTION('',(0.,-1.,0.));
#3691 = ORIENTED_EDGE('',*,*,#3692,.T.);
#3692 = EDGE_CURVE('',#3685,#3693,#3695,.T.);
#3693 = VERTEX_POINT('',#3694);
#3694 = CARTESIAN_POINT('',(-2.5,1.2,0.261677929985));
#3695 = LINE('',#3696,#3697);
#3696 = CARTESIAN_POINT('',(-2.5,1.2,0.1));
#3697 = VECTOR('',#3698,1.);
#3698 = DIRECTION('',(0.,0.,1.));
#3699 = ORIENTED_EDGE('',*,*,#3700,.F.);
#3700 = EDGE_CURVE('',#3701,#3693,#3703,.T.);
#3701 = VERTEX_POINT('',#3702);
#3702 = CARTESIAN_POINT('',(-2.5,2.2,0.261677929985));
#3703 = LINE('',#3704,#3705);
#3704 = CARTESIAN_POINT('',(-2.5,2.395,0.261677929985));
#3705 = VECTOR('',#3706,1.);
#3706 = DIRECTION('',(0.,-1.,0.));
#3707 = ORIENTED_EDGE('',*,*,#3708,.T.);
#3708 = EDGE_CURVE('',#3701,#3709,#3711,.T.);
#3709 = VERTEX_POINT('',#3710);
#3710 = CARTESIAN_POINT('',(-2.5,2.2,0.2));
#3711 = LINE('',#3712,#3713);
#3712 = CARTESIAN_POINT('',(-2.5,2.2,0.1));
#3713 = VECTOR('',#3714,1.);
#3714 = DIRECTION('',(0.,0.,-1.));
#3715 = ORIENTED_EDGE('',*,*,#3716,.F.);
#3716 = EDGE_CURVE('',#3318,#3709,#3717,.T.);
#3717 = LINE('',#3718,#3719);
#3718 = CARTESIAN_POINT('',(-2.5,2.5,0.2));
#3719 = VECTOR('',#3720,1.);
#3720 = DIRECTION('',(0.,-1.,0.));
#3721 = ORIENTED_EDGE('',*,*,#3317,.T.);
#3722 = ORIENTED_EDGE('',*,*,#3723,.T.);
#3723 = EDGE_CURVE('',#3310,#3572,#3724,.T.);
#3724 = LINE('',#3725,#3726);
#3725 = CARTESIAN_POINT('',(-2.5,3.125,1.32));
#3726 = VECTOR('',#3727,1.);
#3727 = DIRECTION('',(0.,-1.,0.));
#3728 = ORIENTED_EDGE('',*,*,#3579,.T.);
#3729 = FACE_BOUND('',#3730,.F.);
#3730 = EDGE_LOOP('',(#3731,#3741,#3749,#3757));
#3731 = ORIENTED_EDGE('',*,*,#3732,.F.);
#3732 = EDGE_CURVE('',#3733,#3735,#3737,.T.);
#3733 = VERTEX_POINT('',#3734);
#3734 = CARTESIAN_POINT('',(-2.5,2.2,1.));
#3735 = VERTEX_POINT('',#3736);
#3736 = CARTESIAN_POINT('',(-2.5,1.2,1.));
#3737 = LINE('',#3738,#3739);
#3738 = CARTESIAN_POINT('',(-2.5,2.1,1.));
#3739 = VECTOR('',#3740,1.);
#3740 = DIRECTION('',(0.,-1.,0.));
#3741 = ORIENTED_EDGE('',*,*,#3742,.T.);
#3742 = EDGE_CURVE('',#3733,#3743,#3745,.T.);
#3743 = VERTEX_POINT('',#3744);
#3744 = CARTESIAN_POINT('',(-2.5,2.2,0.738322070015));
#3745 = LINE('',#3746,#3747);
#3746 = CARTESIAN_POINT('',(-2.5,2.2,0.1));
#3747 = VECTOR('',#3748,1.);
#3748 = DIRECTION('',(0.,0.,-1.));
#3749 = ORIENTED_EDGE('',*,*,#3750,.T.);
#3750 = EDGE_CURVE('',#3743,#3751,#3753,.T.);
#3751 = VERTEX_POINT('',#3752);
#3752 = CARTESIAN_POINT('',(-2.5,1.2,0.738322070015));
#3753 = LINE('',#3754,#3755);
#3754 = CARTESIAN_POINT('',(-2.5,2.395,0.738322070015));
#3755 = VECTOR('',#3756,1.);
#3756 = DIRECTION('',(0.,-1.,0.));
#3757 = ORIENTED_EDGE('',*,*,#3758,.T.);
#3758 = EDGE_CURVE('',#3751,#3735,#3759,.T.);
#3759 = LINE('',#3760,#3761);
#3760 = CARTESIAN_POINT('',(-2.5,1.2,0.1));
#3761 = VECTOR('',#3762,1.);
#3762 = DIRECTION('',(0.,0.,1.));
#3763 = FACE_BOUND('',#3764,.F.);
#3764 = EDGE_LOOP('',(#3765,#3775,#3783,#3791));
#3765 = ORIENTED_EDGE('',*,*,#3766,.F.);
#3766 = EDGE_CURVE('',#3767,#3769,#3771,.T.);
#3767 = VERTEX_POINT('',#3768);
#3768 = CARTESIAN_POINT('',(-2.5,0.5,1.));
#3769 = VERTEX_POINT('',#3770);
#3770 = CARTESIAN_POINT('',(-2.5,-0.5,1.));
#3771 = LINE('',#3772,#3773);
#3772 = CARTESIAN_POINT('',(-2.5,1.25,1.));
#3773 = VECTOR('',#3774,1.);
#3774 = DIRECTION('',(0.,-1.,0.));
#3775 = ORIENTED_EDGE('',*,*,#3776,.T.);
#3776 = EDGE_CURVE('',#3767,#3777,#3779,.T.);
#3777 = VERTEX_POINT('',#3778);
#3778 = CARTESIAN_POINT('',(-2.5,0.5,0.738322070015));
#3779 = LINE('',#3780,#3781);
#3780 = CARTESIAN_POINT('',(-2.5,0.5,0.1));
#3781 = VECTOR('',#3782,1.);
#3782 = DIRECTION('',(0.,0.,-1.));
#3783 = ORIENTED_EDGE('',*,*,#3784,.T.);
#3784 = EDGE_CURVE('',#3777,#3785,#3787,.T.);
#3785 = VERTEX_POINT('',#3786);
#3786 = CARTESIAN_POINT('',(-2.5,-0.5,0.738322070015));
#3787 = LINE('',#3788,#3789);
#3788 = CARTESIAN_POINT('',(-2.5,0.695,0.738322070015));
#3789 = VECTOR('',#3790,1.);
#3790 = DIRECTION('',(0.,-1.,0.));
#3791 = ORIENTED_EDGE('',*,*,#3792,.T.);
#3792 = EDGE_CURVE('',#3785,#3769,#3793,.T.);
#3793 = LINE('',#3794,#3795);
#3794 = CARTESIAN_POINT('',(-2.5,-0.5,0.1));
#3795 = VECTOR('',#3796,1.);
#3796 = DIRECTION('',(0.,0.,1.));
#3797 = FACE_BOUND('',#3798,.F.);
#3798 = EDGE_LOOP('',(#3799,#3809,#3817,#3825));
#3799 = ORIENTED_EDGE('',*,*,#3800,.T.);
#3800 = EDGE_CURVE('',#3801,#3803,#3805,.T.);
#3801 = VERTEX_POINT('',#3802);
#3802 = CARTESIAN_POINT('',(-2.5,-1.2,1.));
#3803 = VERTEX_POINT('',#3804);
#3804 = CARTESIAN_POINT('',(-2.5,-1.2,0.738322070015));
#3805 = LINE('',#3806,#3807);
#3806 = CARTESIAN_POINT('',(-2.5,-1.2,0.1));
#3807 = VECTOR('',#3808,1.);
#3808 = DIRECTION('',(0.,0.,-1.));
#3809 = ORIENTED_EDGE('',*,*,#3810,.T.);
#3810 = EDGE_CURVE('',#3803,#3811,#3813,.T.);
#3811 = VERTEX_POINT('',#3812);
#3812 = CARTESIAN_POINT('',(-2.5,-2.2,0.738322070015));
#3813 = LINE('',#3814,#3815);
#3814 = CARTESIAN_POINT('',(-2.5,-1.005,0.738322070015));
#3815 = VECTOR('',#3816,1.);
#3816 = DIRECTION('',(0.,-1.,0.));
#3817 = ORIENTED_EDGE('',*,*,#3818,.T.);
#3818 = EDGE_CURVE('',#3811,#3819,#3821,.T.);
#3819 = VERTEX_POINT('',#3820);
#3820 = CARTESIAN_POINT('',(-2.5,-2.2,1.));
#3821 = LINE('',#3822,#3823);
#3822 = CARTESIAN_POINT('',(-2.5,-2.2,0.1));
#3823 = VECTOR('',#3824,1.);
#3824 = DIRECTION('',(0.,0.,1.));
#3825 = ORIENTED_EDGE('',*,*,#3826,.F.);
#3826 = EDGE_CURVE('',#3801,#3819,#3827,.T.);
#3827 = LINE('',#3828,#3829);
#3828 = CARTESIAN_POINT('',(-2.5,0.4,1.));
#3829 = VECTOR('',#3830,1.);
#3830 = DIRECTION('',(0.,-1.,0.));
#3831 = PLANE('',#3832);
#3832 = AXIS2_PLACEMENT_3D('',#3833,#3834,#3835);
#3833 = CARTESIAN_POINT('',(-2.5,2.5,0.2));
#3834 = DIRECTION('',(1.,0.,0.));
#3835 = DIRECTION('',(0.,-1.,0.));
#3836 = ADVANCED_FACE('',(#3837),#3840,.T.);
#3837 = FACE_BOUND('',#3838,.T.);
#3838 = EDGE_LOOP('',(#3839));
#3839 = ORIENTED_EDGE('',*,*,#3286,.T.);
#3840 = PLANE('',#3841);
#3841 = AXIS2_PLACEMENT_3D('',#3842,#3843,#3844);
#3842 = CARTESIAN_POINT('',(-1.538370149107E-16,1.370800865949E-16,1.25)
  );
#3843 = DIRECTION('',(0.,0.,1.));
#3844 = DIRECTION('',(1.,0.,-0.));
#3845 = ADVANCED_FACE('',(#3846),#3851,.T.);
#3846 = FACE_BOUND('',#3847,.T.);
#3847 = EDGE_LOOP('',(#3848,#3849,#3850));
#3848 = ORIENTED_EDGE('',*,*,#3723,.T.);
#3849 = ORIENTED_EDGE('',*,*,#3571,.T.);
#3850 = ORIENTED_EDGE('',*,*,#3309,.T.);
#3851 = PLANE('',#3852);
#3852 = AXIS2_PLACEMENT_3D('',#3853,#3854,#3855);
#3853 = CARTESIAN_POINT('',(-3.75,3.75,1.32));
#3854 = DIRECTION('',(0.,0.,1.));
#3855 = DIRECTION('',(0.707106781187,0.707106781187,-0.));
#3856 = ADVANCED_FACE('',(#3857,#4001,#4035,#4069,#4103,#4137,#4171),
  #4205,.F.);
#3857 = FACE_BOUND('',#3858,.F.);
#3858 = EDGE_LOOP('',(#3859,#3860,#3861,#3862,#3870,#3878,#3884,#3885,
    #3893,#3901,#3907,#3908,#3916,#3924,#3930,#3931,#3932,#3933,#3941,
    #3949,#3955,#3956,#3964,#3972,#3978,#3979,#3987,#3995));
#3859 = ORIENTED_EDGE('',*,*,#3620,.T.);
#3860 = ORIENTED_EDGE('',*,*,#3604,.T.);
#3861 = ORIENTED_EDGE('',*,*,#3454,.T.);
#3862 = ORIENTED_EDGE('',*,*,#3863,.T.);
#3863 = EDGE_CURVE('',#3447,#3864,#3866,.T.);
#3864 = VERTEX_POINT('',#3865);
#3865 = CARTESIAN_POINT('',(2.438322070015,-2.2,0.2));
#3866 = LINE('',#3867,#3868);
#3867 = CARTESIAN_POINT('',(0.85,-2.2,0.2));
#3868 = VECTOR('',#3869,1.);
#3869 = DIRECTION('',(-1.,0.,0.));
#3870 = ORIENTED_EDGE('',*,*,#3871,.T.);
#3871 = EDGE_CURVE('',#3864,#3872,#3874,.T.);
#3872 = VERTEX_POINT('',#3873);
#3873 = CARTESIAN_POINT('',(2.438322070015,-1.2,0.2));
#3874 = LINE('',#3875,#3876);
#3875 = CARTESIAN_POINT('',(2.438322070015,-2.395,0.2));
#3876 = VECTOR('',#3877,1.);
#3877 = DIRECTION('',(0.,1.,0.));
#3878 = ORIENTED_EDGE('',*,*,#3879,.T.);
#3879 = EDGE_CURVE('',#3872,#3423,#3880,.T.);
#3880 = LINE('',#3881,#3882);
#3881 = CARTESIAN_POINT('',(1.35,-1.2,0.2));
#3882 = VECTOR('',#3883,1.);
#3883 = DIRECTION('',(1.,0.,0.));
#3884 = ORIENTED_EDGE('',*,*,#3422,.T.);
#3885 = ORIENTED_EDGE('',*,*,#3886,.T.);
#3886 = EDGE_CURVE('',#3415,#3887,#3889,.T.);
#3887 = VERTEX_POINT('',#3888);
#3888 = CARTESIAN_POINT('',(2.438322070015,-0.5,0.2));
#3889 = LINE('',#3890,#3891);
#3890 = CARTESIAN_POINT('',(0.85,-0.5,0.2));
#3891 = VECTOR('',#3892,1.);
#3892 = DIRECTION('',(-1.,0.,0.));
#3893 = ORIENTED_EDGE('',*,*,#3894,.T.);
#3894 = EDGE_CURVE('',#3887,#3895,#3897,.T.);
#3895 = VERTEX_POINT('',#3896);
#3896 = CARTESIAN_POINT('',(2.438322070015,0.5,0.2));
#3897 = LINE('',#3898,#3899);
#3898 = CARTESIAN_POINT('',(2.438322070015,-0.695,0.2));
#3899 = VECTOR('',#3900,1.);
#3900 = DIRECTION('',(0.,1.,0.));
#3901 = ORIENTED_EDGE('',*,*,#3902,.T.);
#3902 = EDGE_CURVE('',#3895,#3391,#3903,.T.);
#3903 = LINE('',#3904,#3905);
#3904 = CARTESIAN_POINT('',(1.35,0.5,0.2));
#3905 = VECTOR('',#3906,1.);
#3906 = DIRECTION('',(1.,0.,0.));
#3907 = ORIENTED_EDGE('',*,*,#3390,.T.);
#3908 = ORIENTED_EDGE('',*,*,#3909,.T.);
#3909 = EDGE_CURVE('',#3383,#3910,#3912,.T.);
#3910 = VERTEX_POINT('',#3911);
#3911 = CARTESIAN_POINT('',(2.438322070015,1.2,0.2));
#3912 = LINE('',#3913,#3914);
#3913 = CARTESIAN_POINT('',(0.85,1.2,0.2));
#3914 = VECTOR('',#3915,1.);
#3915 = DIRECTION('',(-1.,0.,0.));
#3916 = ORIENTED_EDGE('',*,*,#3917,.T.);
#3917 = EDGE_CURVE('',#3910,#3918,#3920,.T.);
#3918 = VERTEX_POINT('',#3919);
#3919 = CARTESIAN_POINT('',(2.438322070015,2.2,0.2));
#3920 = LINE('',#3921,#3922);
#3921 = CARTESIAN_POINT('',(2.438322070015,1.005,0.2));
#3922 = VECTOR('',#3923,1.);
#3923 = DIRECTION('',(0.,1.,0.));
#3924 = ORIENTED_EDGE('',*,*,#3925,.T.);
#3925 = EDGE_CURVE('',#3918,#3359,#3926,.T.);
#3926 = LINE('',#3927,#3928);
#3927 = CARTESIAN_POINT('',(1.35,2.2,0.2));
#3928 = VECTOR('',#3929,1.);
#3929 = DIRECTION('',(1.,0.,0.));
#3930 = ORIENTED_EDGE('',*,*,#3358,.T.);
#3931 = ORIENTED_EDGE('',*,*,#3325,.T.);
#3932 = ORIENTED_EDGE('',*,*,#3716,.T.);
#3933 = ORIENTED_EDGE('',*,*,#3934,.T.);
#3934 = EDGE_CURVE('',#3709,#3935,#3937,.T.);
#3935 = VERTEX_POINT('',#3936);
#3936 = CARTESIAN_POINT('',(-2.438322070015,2.2,0.2));
#3937 = LINE('',#3938,#3939);
#3938 = CARTESIAN_POINT('',(-0.85,2.2,0.2));
#3939 = VECTOR('',#3940,1.);
#3940 = DIRECTION('',(1.,0.,0.));
#3941 = ORIENTED_EDGE('',*,*,#3942,.T.);
#3942 = EDGE_CURVE('',#3935,#3943,#3945,.T.);
#3943 = VERTEX_POINT('',#3944);
#3944 = CARTESIAN_POINT('',(-2.438322070015,1.2,0.2));
#3945 = LINE('',#3946,#3947);
#3946 = CARTESIAN_POINT('',(-2.438322070015,2.395,0.2));
#3947 = VECTOR('',#3948,1.);
#3948 = DIRECTION('',(0.,-1.,0.));
#3949 = ORIENTED_EDGE('',*,*,#3950,.T.);
#3950 = EDGE_CURVE('',#3943,#3685,#3951,.T.);
#3951 = LINE('',#3952,#3953);
#3952 = CARTESIAN_POINT('',(-1.35,1.2,0.2));
#3953 = VECTOR('',#3954,1.);
#3954 = DIRECTION('',(-1.,0.,0.));
#3955 = ORIENTED_EDGE('',*,*,#3684,.T.);
#3956 = ORIENTED_EDGE('',*,*,#3957,.T.);
#3957 = EDGE_CURVE('',#3677,#3958,#3960,.T.);
#3958 = VERTEX_POINT('',#3959);
#3959 = CARTESIAN_POINT('',(-2.438322070015,0.5,0.2));
#3960 = LINE('',#3961,#3962);
#3961 = CARTESIAN_POINT('',(-0.85,0.5,0.2));
#3962 = VECTOR('',#3963,1.);
#3963 = DIRECTION('',(1.,0.,0.));
#3964 = ORIENTED_EDGE('',*,*,#3965,.T.);
#3965 = EDGE_CURVE('',#3958,#3966,#3968,.T.);
#3966 = VERTEX_POINT('',#3967);
#3967 = CARTESIAN_POINT('',(-2.438322070015,-0.5,0.2));
#3968 = LINE('',#3969,#3970);
#3969 = CARTESIAN_POINT('',(-2.438322070015,0.695,0.2));
#3970 = VECTOR('',#3971,1.);
#3971 = DIRECTION('',(0.,-1.,0.));
#3972 = ORIENTED_EDGE('',*,*,#3973,.T.);
#3973 = EDGE_CURVE('',#3966,#3653,#3974,.T.);
#3974 = LINE('',#3975,#3976);
#3975 = CARTESIAN_POINT('',(-1.35,-0.5,0.2));
#3976 = VECTOR('',#3977,1.);
#3977 = DIRECTION('',(-1.,0.,0.));
#3978 = ORIENTED_EDGE('',*,*,#3652,.T.);
#3979 = ORIENTED_EDGE('',*,*,#3980,.T.);
#3980 = EDGE_CURVE('',#3645,#3981,#3983,.T.);
#3981 = VERTEX_POINT('',#3982);
#3982 = CARTESIAN_POINT('',(-2.438322070015,-1.2,0.2));
#3983 = LINE('',#3984,#3985);
#3984 = CARTESIAN_POINT('',(-0.85,-1.2,0.2));
#3985 = VECTOR('',#3986,1.);
#3986 = DIRECTION('',(1.,0.,0.));
#3987 = ORIENTED_EDGE('',*,*,#3988,.T.);
#3988 = EDGE_CURVE('',#3981,#3989,#3991,.T.);
#3989 = VERTEX_POINT('',#3990);
#3990 = CARTESIAN_POINT('',(-2.438322070015,-2.2,0.2));
#3991 = LINE('',#3992,#3993);
#3992 = CARTESIAN_POINT('',(-2.438322070015,-1.005,0.2));
#3993 = VECTOR('',#3994,1.);
#3994 = DIRECTION('',(0.,-1.,0.));
#3995 = ORIENTED_EDGE('',*,*,#3996,.T.);
#3996 = EDGE_CURVE('',#3989,#3621,#3997,.T.);
#3997 = LINE('',#3998,#3999);
#3998 = CARTESIAN_POINT('',(-1.35,-2.2,0.2));
#3999 = VECTOR('',#4000,1.);
#4000 = DIRECTION('',(-1.,0.,0.));
#4001 = FACE_BOUND('',#4002,.F.);
#4002 = EDGE_LOOP('',(#4003,#4013,#4021,#4029));
#4003 = ORIENTED_EDGE('',*,*,#4004,.T.);
#4004 = EDGE_CURVE('',#4005,#4007,#4009,.T.);
#4005 = VERTEX_POINT('',#4006);
#4006 = CARTESIAN_POINT('',(1.961677929985,-1.2,0.2));
#4007 = VERTEX_POINT('',#4008);
#4008 = CARTESIAN_POINT('',(1.961677929985,-2.2,0.2));
#4009 = LINE('',#4010,#4011);
#4010 = CARTESIAN_POINT('',(1.961677929985,-1.005,0.2));
#4011 = VECTOR('',#4012,1.);
#4012 = DIRECTION('',(0.,-1.,0.));
#4013 = ORIENTED_EDGE('',*,*,#4014,.T.);
#4014 = EDGE_CURVE('',#4007,#4015,#4017,.T.);
#4015 = VERTEX_POINT('',#4016);
#4016 = CARTESIAN_POINT('',(1.7,-2.2,0.2));
#4017 = LINE('',#4018,#4019);
#4018 = CARTESIAN_POINT('',(0.85,-2.2,0.2));
#4019 = VECTOR('',#4020,1.);
#4020 = DIRECTION('',(-1.,0.,0.));
#4021 = ORIENTED_EDGE('',*,*,#4022,.T.);
#4022 = EDGE_CURVE('',#4015,#4023,#4025,.T.);
#4023 = VERTEX_POINT('',#4024);
#4024 = CARTESIAN_POINT('',(1.7,-1.2,0.2));
#4025 = LINE('',#4026,#4027);
#4026 = CARTESIAN_POINT('',(1.7,-0.6,0.2));
#4027 = VECTOR('',#4028,1.);
#4028 = DIRECTION('',(0.,1.,0.));
#4029 = ORIENTED_EDGE('',*,*,#4030,.T.);
#4030 = EDGE_CURVE('',#4023,#4005,#4031,.T.);
#4031 = LINE('',#4032,#4033);
#4032 = CARTESIAN_POINT('',(1.35,-1.2,0.2));
#4033 = VECTOR('',#4034,1.);
#4034 = DIRECTION('',(1.,0.,0.));
#4035 = FACE_BOUND('',#4036,.F.);
#4036 = EDGE_LOOP('',(#4037,#4047,#4055,#4063));
#4037 = ORIENTED_EDGE('',*,*,#4038,.T.);
#4038 = EDGE_CURVE('',#4039,#4041,#4043,.T.);
#4039 = VERTEX_POINT('',#4040);
#4040 = CARTESIAN_POINT('',(-1.7,-1.2,0.2));
#4041 = VERTEX_POINT('',#4042);
#4042 = CARTESIAN_POINT('',(-1.7,-2.2,0.2));
#4043 = LINE('',#4044,#4045);
#4044 = CARTESIAN_POINT('',(-1.7,-1.1,0.2));
#4045 = VECTOR('',#4046,1.);
#4046 = DIRECTION('',(0.,-1.,0.));
#4047 = ORIENTED_EDGE('',*,*,#4048,.T.);
#4048 = EDGE_CURVE('',#4041,#4049,#4051,.T.);
#4049 = VERTEX_POINT('',#4050);
#4050 = CARTESIAN_POINT('',(-1.961677929985,-2.2,0.2));
#4051 = LINE('',#4052,#4053);
#4052 = CARTESIAN_POINT('',(-1.35,-2.2,0.2));
#4053 = VECTOR('',#4054,1.);
#4054 = DIRECTION('',(-1.,0.,0.));
#4055 = ORIENTED_EDGE('',*,*,#4056,.T.);
#4056 = EDGE_CURVE('',#4049,#4057,#4059,.T.);
#4057 = VERTEX_POINT('',#4058);
#4058 = CARTESIAN_POINT('',(-1.961677929985,-1.2,0.2));
#4059 = LINE('',#4060,#4061);
#4060 = CARTESIAN_POINT('',(-1.961677929985,-2.395,0.2));
#4061 = VECTOR('',#4062,1.);
#4062 = DIRECTION('',(0.,1.,0.));
#4063 = ORIENTED_EDGE('',*,*,#4064,.T.);
#4064 = EDGE_CURVE('',#4057,#4039,#4065,.T.);
#4065 = LINE('',#4066,#4067);
#4066 = CARTESIAN_POINT('',(-0.85,-1.2,0.2));
#4067 = VECTOR('',#4068,1.);
#4068 = DIRECTION('',(1.,0.,0.));
#4069 = FACE_BOUND('',#4070,.F.);
#4070 = EDGE_LOOP('',(#4071,#4081,#4089,#4097));
#4071 = ORIENTED_EDGE('',*,*,#4072,.T.);
#4072 = EDGE_CURVE('',#4073,#4075,#4077,.T.);
#4073 = VERTEX_POINT('',#4074);
#4074 = CARTESIAN_POINT('',(-1.961677929985,1.2,0.2));
#4075 = VERTEX_POINT('',#4076);
#4076 = CARTESIAN_POINT('',(-1.961677929985,2.2,0.2));
#4077 = LINE('',#4078,#4079);
#4078 = CARTESIAN_POINT('',(-1.961677929985,1.005,0.2));
#4079 = VECTOR('',#4080,1.);
#4080 = DIRECTION('',(0.,1.,0.));
#4081 = ORIENTED_EDGE('',*,*,#4082,.T.);
#4082 = EDGE_CURVE('',#4075,#4083,#4085,.T.);
#4083 = VERTEX_POINT('',#4084);
#4084 = CARTESIAN_POINT('',(-1.7,2.2,0.2));
#4085 = LINE('',#4086,#4087);
#4086 = CARTESIAN_POINT('',(-0.85,2.2,0.2));
#4087 = VECTOR('',#4088,1.);
#4088 = DIRECTION('',(1.,0.,0.));
#4089 = ORIENTED_EDGE('',*,*,#4090,.T.);
#4090 = EDGE_CURVE('',#4083,#4091,#4093,.T.);
#4091 = VERTEX_POINT('',#4092);
#4092 = CARTESIAN_POINT('',(-1.7,1.2,0.2));
#4093 = LINE('',#4094,#4095);
#4094 = CARTESIAN_POINT('',(-1.7,0.6,0.2));
#4095 = VECTOR('',#4096,1.);
#4096 = DIRECTION('',(0.,-1.,0.));
#4097 = ORIENTED_EDGE('',*,*,#4098,.T.);
#4098 = EDGE_CURVE('',#4091,#4073,#4099,.T.);
#4099 = LINE('',#4100,#4101);
#4100 = CARTESIAN_POINT('',(-1.35,1.2,0.2));
#4101 = VECTOR('',#4102,1.);
#4102 = DIRECTION('',(-1.,0.,0.));
#4103 = FACE_BOUND('',#4104,.F.);
#4104 = EDGE_LOOP('',(#4105,#4115,#4123,#4131));
#4105 = ORIENTED_EDGE('',*,*,#4106,.T.);
#4106 = EDGE_CURVE('',#4107,#4109,#4111,.T.);
#4107 = VERTEX_POINT('',#4108);
#4108 = CARTESIAN_POINT('',(-1.961677929985,-0.5,0.2));
#4109 = VERTEX_POINT('',#4110);
#4110 = CARTESIAN_POINT('',(-1.961677929985,0.5,0.2));
#4111 = LINE('',#4112,#4113);
#4112 = CARTESIAN_POINT('',(-1.961677929985,-0.695,0.2));
#4113 = VECTOR('',#4114,1.);
#4114 = DIRECTION('',(0.,1.,0.));
#4115 = ORIENTED_EDGE('',*,*,#4116,.T.);
#4116 = EDGE_CURVE('',#4109,#4117,#4119,.T.);
#4117 = VERTEX_POINT('',#4118);
#4118 = CARTESIAN_POINT('',(-1.7,0.5,0.2));
#4119 = LINE('',#4120,#4121);
#4120 = CARTESIAN_POINT('',(-0.85,0.5,0.2));
#4121 = VECTOR('',#4122,1.);
#4122 = DIRECTION('',(1.,0.,0.));
#4123 = ORIENTED_EDGE('',*,*,#4124,.T.);
#4124 = EDGE_CURVE('',#4117,#4125,#4127,.T.);
#4125 = VERTEX_POINT('',#4126);
#4126 = CARTESIAN_POINT('',(-1.7,-0.5,0.2));
#4127 = LINE('',#4128,#4129);
#4128 = CARTESIAN_POINT('',(-1.7,-0.25,0.2));
#4129 = VECTOR('',#4130,1.);
#4130 = DIRECTION('',(0.,-1.,0.));
#4131 = ORIENTED_EDGE('',*,*,#4132,.T.);
#4132 = EDGE_CURVE('',#4125,#4107,#4133,.T.);
#4133 = LINE('',#4134,#4135);
#4134 = CARTESIAN_POINT('',(-1.35,-0.5,0.2));
#4135 = VECTOR('',#4136,1.);
#4136 = DIRECTION('',(-1.,0.,0.));
#4137 = FACE_BOUND('',#4138,.F.);
#4138 = EDGE_LOOP('',(#4139,#4149,#4157,#4165));
#4139 = ORIENTED_EDGE('',*,*,#4140,.T.);
#4140 = EDGE_CURVE('',#4141,#4143,#4145,.T.);
#4141 = VERTEX_POINT('',#4142);
#4142 = CARTESIAN_POINT('',(1.961677929985,2.2,0.2));
#4143 = VERTEX_POINT('',#4144);
#4144 = CARTESIAN_POINT('',(1.961677929985,1.2,0.2));
#4145 = LINE('',#4146,#4147);
#4146 = CARTESIAN_POINT('',(1.961677929985,2.395,0.2));
#4147 = VECTOR('',#4148,1.);
#4148 = DIRECTION('',(0.,-1.,0.));
#4149 = ORIENTED_EDGE('',*,*,#4150,.T.);
#4150 = EDGE_CURVE('',#4143,#4151,#4153,.T.);
#4151 = VERTEX_POINT('',#4152);
#4152 = CARTESIAN_POINT('',(1.7,1.2,0.2));
#4153 = LINE('',#4154,#4155);
#4154 = CARTESIAN_POINT('',(0.85,1.2,0.2));
#4155 = VECTOR('',#4156,1.);
#4156 = DIRECTION('',(-1.,0.,0.));
#4157 = ORIENTED_EDGE('',*,*,#4158,.T.);
#4158 = EDGE_CURVE('',#4151,#4159,#4161,.T.);
#4159 = VERTEX_POINT('',#4160);
#4160 = CARTESIAN_POINT('',(1.7,2.2,0.2));
#4161 = LINE('',#4162,#4163);
#4162 = CARTESIAN_POINT('',(1.7,1.1,0.2));
#4163 = VECTOR('',#4164,1.);
#4164 = DIRECTION('',(0.,1.,0.));
#4165 = ORIENTED_EDGE('',*,*,#4166,.T.);
#4166 = EDGE_CURVE('',#4159,#4141,#4167,.T.);
#4167 = LINE('',#4168,#4169);
#4168 = CARTESIAN_POINT('',(1.35,2.2,0.2));
#4169 = VECTOR('',#4170,1.);
#4170 = DIRECTION('',(1.,0.,0.));
#4171 = FACE_BOUND('',#4172,.F.);
#4172 = EDGE_LOOP('',(#4173,#4183,#4191,#4199));
#4173 = ORIENTED_EDGE('',*,*,#4174,.T.);
#4174 = EDGE_CURVE('',#4175,#4177,#4179,.T.);
#4175 = VERTEX_POINT('',#4176);
#4176 = CARTESIAN_POINT('',(1.7,-0.5,0.2));
#4177 = VERTEX_POINT('',#4178);
#4178 = CARTESIAN_POINT('',(1.7,0.5,0.2));
#4179 = LINE('',#4180,#4181);
#4180 = CARTESIAN_POINT('',(1.7,0.25,0.2));
#4181 = VECTOR('',#4182,1.);
#4182 = DIRECTION('',(0.,1.,0.));
#4183 = ORIENTED_EDGE('',*,*,#4184,.T.);
#4184 = EDGE_CURVE('',#4177,#4185,#4187,.T.);
#4185 = VERTEX_POINT('',#4186);
#4186 = CARTESIAN_POINT('',(1.961677929985,0.5,0.2));
#4187 = LINE('',#4188,#4189);
#4188 = CARTESIAN_POINT('',(1.35,0.5,0.2));
#4189 = VECTOR('',#4190,1.);
#4190 = DIRECTION('',(1.,0.,0.));
#4191 = ORIENTED_EDGE('',*,*,#4192,.T.);
#4192 = EDGE_CURVE('',#4185,#4193,#4195,.T.);
#4193 = VERTEX_POINT('',#4194);
#4194 = CARTESIAN_POINT('',(1.961677929985,-0.5,0.2));
#4195 = LINE('',#4196,#4197);
#4196 = CARTESIAN_POINT('',(1.961677929985,0.695,0.2));
#4197 = VECTOR('',#4198,1.);
#4198 = DIRECTION('',(0.,-1.,0.));
#4199 = ORIENTED_EDGE('',*,*,#4200,.T.);
#4200 = EDGE_CURVE('',#4193,#4175,#4201,.T.);
#4201 = LINE('',#4202,#4203);
#4202 = CARTESIAN_POINT('',(0.85,-0.5,0.2));
#4203 = VECTOR('',#4204,1.);
#4204 = DIRECTION('',(-1.,0.,0.));
#4205 = PLANE('',#4206);
#4206 = AXIS2_PLACEMENT_3D('',#4207,#4208,#4209);
#4207 = CARTESIAN_POINT('',(0.,0.,0.2));
#4208 = DIRECTION('',(0.,0.,1.));
#4209 = DIRECTION('',(1.,0.,-0.));
#4210 = ADVANCED_FACE('',(#4211),#4313,.F.);
#4211 = FACE_BOUND('',#4212,.F.);
#4212 = EDGE_LOOP('',(#4213,#4223,#4232,#4240,#4246,#4247,#4256,#4264,
    #4271,#4272,#4273,#4282,#4290,#4297,#4298,#4306));
#4213 = ORIENTED_EDGE('',*,*,#4214,.F.);
#4214 = EDGE_CURVE('',#4215,#4217,#4219,.T.);
#4215 = VERTEX_POINT('',#4216);
#4216 = CARTESIAN_POINT('',(2.7,-2.2,9.75E-02));
#4217 = VERTEX_POINT('',#4218);
#4218 = CARTESIAN_POINT('',(2.7,-2.2,0.9025));
#4219 = LINE('',#4220,#4221);
#4220 = CARTESIAN_POINT('',(2.7,-2.2,0.));
#4221 = VECTOR('',#4222,1.);
#4222 = DIRECTION('',(0.,0.,1.));
#4223 = ORIENTED_EDGE('',*,*,#4224,.T.);
#4224 = EDGE_CURVE('',#4215,#4225,#4227,.T.);
#4225 = VERTEX_POINT('',#4226);
#4226 = CARTESIAN_POINT('',(2.6025,-2.2,-2.775557561563E-17));
#4227 = CIRCLE('',#4228,9.75E-02);
#4228 = AXIS2_PLACEMENT_3D('',#4229,#4230,#4231);
#4229 = CARTESIAN_POINT('',(2.6025,-2.2,9.75E-02));
#4230 = DIRECTION('',(0.,1.,0.));
#4231 = DIRECTION('',(0.,-0.,1.));
#4232 = ORIENTED_EDGE('',*,*,#4233,.F.);
#4233 = EDGE_CURVE('',#4234,#4225,#4236,.T.);
#4234 = VERTEX_POINT('',#4235);
#4235 = CARTESIAN_POINT('',(1.7,-2.2,0.));
#4236 = LINE('',#4237,#4238);
#4237 = CARTESIAN_POINT('',(1.7,-2.2,0.));
#4238 = VECTOR('',#4239,1.);
#4239 = DIRECTION('',(1.,0.,0.));
#4240 = ORIENTED_EDGE('',*,*,#4241,.T.);
#4241 = EDGE_CURVE('',#4234,#4015,#4242,.T.);
#4242 = LINE('',#4243,#4244);
#4243 = CARTESIAN_POINT('',(1.7,-2.2,0.));
#4244 = VECTOR('',#4245,1.);
#4245 = DIRECTION('',(0.,0.,1.));
#4246 = ORIENTED_EDGE('',*,*,#4014,.F.);
#4247 = ORIENTED_EDGE('',*,*,#4248,.T.);
#4248 = EDGE_CURVE('',#4007,#4249,#4251,.T.);
#4249 = VERTEX_POINT('',#4250);
#4250 = CARTESIAN_POINT('',(1.9925,-2.2,0.195));
#4251 = CIRCLE('',#4252,9.75E-02);
#4252 = AXIS2_PLACEMENT_3D('',#4253,#4254,#4255);
#4253 = CARTESIAN_POINT('',(1.9925,-2.2,0.2925));
#4254 = DIRECTION('',(0.,-1.,0.));
#4255 = DIRECTION('',(-1.,0.,0.));
#4256 = ORIENTED_EDGE('',*,*,#4257,.T.);
#4257 = EDGE_CURVE('',#4249,#4258,#4260,.T.);
#4258 = VERTEX_POINT('',#4259);
#4259 = CARTESIAN_POINT('',(2.4075,-2.2,0.195));
#4260 = LINE('',#4261,#4262);
#4261 = CARTESIAN_POINT('',(1.95,-2.2,0.195));
#4262 = VECTOR('',#4263,1.);
#4263 = DIRECTION('',(1.,0.,6.906640467053E-32));
#4264 = ORIENTED_EDGE('',*,*,#4265,.F.);
#4265 = EDGE_CURVE('',#3864,#4258,#4266,.T.);
#4266 = CIRCLE('',#4267,9.75E-02);
#4267 = AXIS2_PLACEMENT_3D('',#4268,#4269,#4270);
#4268 = CARTESIAN_POINT('',(2.4075,-2.2,0.2925));
#4269 = DIRECTION('',(0.,1.,0.));
#4270 = DIRECTION('',(6.906640467053E-32,0.,-1.));
#4271 = ORIENTED_EDGE('',*,*,#3863,.F.);
#4272 = ORIENTED_EDGE('',*,*,#3446,.F.);
#4273 = ORIENTED_EDGE('',*,*,#4274,.F.);
#4274 = EDGE_CURVE('',#4275,#3439,#4277,.T.);
#4275 = VERTEX_POINT('',#4276);
#4276 = CARTESIAN_POINT('',(2.505,-2.2,0.2925));
#4277 = CIRCLE('',#4278,9.75E-02);
#4278 = AXIS2_PLACEMENT_3D('',#4279,#4280,#4281);
#4279 = CARTESIAN_POINT('',(2.4075,-2.2,0.2925));
#4280 = DIRECTION('',(0.,1.,0.));
#4281 = DIRECTION('',(6.906640467053E-32,0.,-1.));
#4282 = ORIENTED_EDGE('',*,*,#4283,.T.);
#4283 = EDGE_CURVE('',#4275,#4284,#4286,.T.);
#4284 = VERTEX_POINT('',#4285);
#4285 = CARTESIAN_POINT('',(2.505,-2.2,0.7075));
#4286 = LINE('',#4287,#4288);
#4287 = CARTESIAN_POINT('',(2.505,-2.2,9.75E-02));
#4288 = VECTOR('',#4289,1.);
#4289 = DIRECTION('',(0.,0.,1.));
#4290 = ORIENTED_EDGE('',*,*,#4291,.F.);
#4291 = EDGE_CURVE('',#3473,#4284,#4292,.T.);
#4292 = CIRCLE('',#4293,9.75E-02);
#4293 = AXIS2_PLACEMENT_3D('',#4294,#4295,#4296);
#4294 = CARTESIAN_POINT('',(2.4075,-2.2,0.7075));
#4295 = DIRECTION('',(-0.,1.,0.));
#4296 = DIRECTION('',(1.,0.,0.));
#4297 = ORIENTED_EDGE('',*,*,#3472,.F.);
#4298 = ORIENTED_EDGE('',*,*,#4299,.T.);
#4299 = EDGE_CURVE('',#3463,#4300,#4302,.T.);
#4300 = VERTEX_POINT('',#4301);
#4301 = CARTESIAN_POINT('',(2.6025,-2.2,1.));
#4302 = LINE('',#4303,#4304);
#4303 = CARTESIAN_POINT('',(1.7,-2.2,1.));
#4304 = VECTOR('',#4305,1.);
#4305 = DIRECTION('',(1.,0.,0.));
#4306 = ORIENTED_EDGE('',*,*,#4307,.T.);
#4307 = EDGE_CURVE('',#4300,#4217,#4308,.T.);
#4308 = CIRCLE('',#4309,9.75E-02);
#4309 = AXIS2_PLACEMENT_3D('',#4310,#4311,#4312);
#4310 = CARTESIAN_POINT('',(2.6025,-2.2,0.9025));
#4311 = DIRECTION('',(0.,1.,0.));
#4312 = DIRECTION('',(0.,-0.,1.));
#4313 = PLANE('',#4314);
#4314 = AXIS2_PLACEMENT_3D('',#4315,#4316,#4317);
#4315 = CARTESIAN_POINT('',(1.7,-2.2,0.));
#4316 = DIRECTION('',(0.,1.,0.));
#4317 = DIRECTION('',(1.,0.,0.));
#4318 = ADVANCED_FACE('',(#4319),#4338,.F.);
#4319 = FACE_BOUND('',#4320,.F.);
#4320 = EDGE_LOOP('',(#4321,#4330,#4336,#4337));
#4321 = ORIENTED_EDGE('',*,*,#4322,.F.);
#4322 = EDGE_CURVE('',#4323,#3431,#4325,.T.);
#4323 = VERTEX_POINT('',#4324);
#4324 = CARTESIAN_POINT('',(2.505,-1.2,0.2925));
#4325 = CIRCLE('',#4326,9.75E-02);
#4326 = AXIS2_PLACEMENT_3D('',#4327,#4328,#4329);
#4327 = CARTESIAN_POINT('',(2.4075,-1.2,0.2925));
#4328 = DIRECTION('',(0.,1.,0.));
#4329 = DIRECTION('',(6.906640467053E-32,0.,-1.));
#4330 = ORIENTED_EDGE('',*,*,#4331,.F.);
#4331 = EDGE_CURVE('',#4275,#4323,#4332,.T.);
#4332 = LINE('',#4333,#4334);
#4333 = CARTESIAN_POINT('',(2.505,-2.395,0.2925));
#4334 = VECTOR('',#4335,1.);
#4335 = DIRECTION('',(0.,1.,0.));
#4336 = ORIENTED_EDGE('',*,*,#4274,.T.);
#4337 = ORIENTED_EDGE('',*,*,#3438,.T.);
#4338 = CYLINDRICAL_SURFACE('',#4339,9.75E-02);
#4339 = AXIS2_PLACEMENT_3D('',#4340,#4341,#4342);
#4340 = CARTESIAN_POINT('',(2.4075,-2.395,0.2925));
#4341 = DIRECTION('',(0.,1.,0.));
#4342 = DIRECTION('',(6.906640467053E-32,0.,-1.));
#4343 = ADVANCED_FACE('',(#4344),#4438,.F.);
#4344 = FACE_BOUND('',#4345,.F.);
#4345 = EDGE_LOOP('',(#4346,#4357,#4365,#4374,#4380,#4381,#4390,#4396,
    #4397,#4398,#4399,#4408,#4416,#4423,#4424,#4432));
#4346 = ORIENTED_EDGE('',*,*,#4347,.F.);
#4347 = EDGE_CURVE('',#4348,#4350,#4352,.T.);
#4348 = VERTEX_POINT('',#4349);
#4349 = CARTESIAN_POINT('',(2.7,-1.2,9.75E-02));
#4350 = VERTEX_POINT('',#4351);
#4351 = CARTESIAN_POINT('',(2.6025,-1.2,-2.775557561563E-17));
#4352 = CIRCLE('',#4353,9.75E-02);
#4353 = AXIS2_PLACEMENT_3D('',#4354,#4355,#4356);
#4354 = CARTESIAN_POINT('',(2.6025,-1.2,9.75E-02));
#4355 = DIRECTION('',(0.,1.,0.));
#4356 = DIRECTION('',(0.,-0.,1.));
#4357 = ORIENTED_EDGE('',*,*,#4358,.T.);
#4358 = EDGE_CURVE('',#4348,#4359,#4361,.T.);
#4359 = VERTEX_POINT('',#4360);
#4360 = CARTESIAN_POINT('',(2.7,-1.2,0.9025));
#4361 = LINE('',#4362,#4363);
#4362 = CARTESIAN_POINT('',(2.7,-1.2,0.));
#4363 = VECTOR('',#4364,1.);
#4364 = DIRECTION('',(0.,0.,1.));
#4365 = ORIENTED_EDGE('',*,*,#4366,.F.);
#4366 = EDGE_CURVE('',#4367,#4359,#4369,.T.);
#4367 = VERTEX_POINT('',#4368);
#4368 = CARTESIAN_POINT('',(2.6025,-1.2,1.));
#4369 = CIRCLE('',#4370,9.75E-02);
#4370 = AXIS2_PLACEMENT_3D('',#4371,#4372,#4373);
#4371 = CARTESIAN_POINT('',(2.6025,-1.2,0.9025));
#4372 = DIRECTION('',(0.,1.,0.));
#4373 = DIRECTION('',(0.,-0.,1.));
#4374 = ORIENTED_EDGE('',*,*,#4375,.T.);
#4375 = EDGE_CURVE('',#4367,#3465,#4376,.T.);
#4376 = LINE('',#4377,#4378);
#4377 = CARTESIAN_POINT('',(2.7,-1.2,1.));
#4378 = VECTOR('',#4379,1.);
#4379 = DIRECTION('',(-1.,0.,0.));
#4380 = ORIENTED_EDGE('',*,*,#3488,.F.);
#4381 = ORIENTED_EDGE('',*,*,#4382,.T.);
#4382 = EDGE_CURVE('',#3481,#4383,#4385,.T.);
#4383 = VERTEX_POINT('',#4384);
#4384 = CARTESIAN_POINT('',(2.505,-1.2,0.7075));
#4385 = CIRCLE('',#4386,9.75E-02);
#4386 = AXIS2_PLACEMENT_3D('',#4387,#4388,#4389);
#4387 = CARTESIAN_POINT('',(2.4075,-1.2,0.7075));
#4388 = DIRECTION('',(-0.,1.,0.));
#4389 = DIRECTION('',(1.,0.,0.));
#4390 = ORIENTED_EDGE('',*,*,#4391,.T.);
#4391 = EDGE_CURVE('',#4383,#4323,#4392,.T.);
#4392 = LINE('',#4393,#4394);
#4393 = CARTESIAN_POINT('',(2.505,-1.2,9.75E-02));
#4394 = VECTOR('',#4395,1.);
#4395 = DIRECTION('',(-0.,-0.,-1.));
#4396 = ORIENTED_EDGE('',*,*,#4322,.T.);
#4397 = ORIENTED_EDGE('',*,*,#3430,.F.);
#4398 = ORIENTED_EDGE('',*,*,#3879,.F.);
#4399 = ORIENTED_EDGE('',*,*,#4400,.T.);
#4400 = EDGE_CURVE('',#3872,#4401,#4403,.T.);
#4401 = VERTEX_POINT('',#4402);
#4402 = CARTESIAN_POINT('',(2.4075,-1.2,0.195));
#4403 = CIRCLE('',#4404,9.75E-02);
#4404 = AXIS2_PLACEMENT_3D('',#4405,#4406,#4407);
#4405 = CARTESIAN_POINT('',(2.4075,-1.2,0.2925));
#4406 = DIRECTION('',(0.,1.,0.));
#4407 = DIRECTION('',(6.906640467053E-32,0.,-1.));
#4408 = ORIENTED_EDGE('',*,*,#4409,.T.);
#4409 = EDGE_CURVE('',#4401,#4410,#4412,.T.);
#4410 = VERTEX_POINT('',#4411);
#4411 = CARTESIAN_POINT('',(1.9925,-1.2,0.195));
#4412 = LINE('',#4413,#4414);
#4413 = CARTESIAN_POINT('',(2.45,-1.2,0.195));
#4414 = VECTOR('',#4415,1.);
#4415 = DIRECTION('',(-1.,-0.,-6.906640467053E-32));
#4416 = ORIENTED_EDGE('',*,*,#4417,.F.);
#4417 = EDGE_CURVE('',#4005,#4410,#4418,.T.);
#4418 = CIRCLE('',#4419,9.75E-02);
#4419 = AXIS2_PLACEMENT_3D('',#4420,#4421,#4422);
#4420 = CARTESIAN_POINT('',(1.9925,-1.2,0.2925));
#4421 = DIRECTION('',(0.,-1.,0.));
#4422 = DIRECTION('',(-1.,0.,0.));
#4423 = ORIENTED_EDGE('',*,*,#4030,.F.);
#4424 = ORIENTED_EDGE('',*,*,#4425,.F.);
#4425 = EDGE_CURVE('',#4426,#4023,#4428,.T.);
#4426 = VERTEX_POINT('',#4427);
#4427 = CARTESIAN_POINT('',(1.7,-1.2,0.));
#4428 = LINE('',#4429,#4430);
#4429 = CARTESIAN_POINT('',(1.7,-1.2,0.));
#4430 = VECTOR('',#4431,1.);
#4431 = DIRECTION('',(0.,0.,1.));
#4432 = ORIENTED_EDGE('',*,*,#4433,.F.);
#4433 = EDGE_CURVE('',#4350,#4426,#4434,.T.);
#4434 = LINE('',#4435,#4436);
#4435 = CARTESIAN_POINT('',(2.7,-1.2,0.));
#4436 = VECTOR('',#4437,1.);
#4437 = DIRECTION('',(-1.,0.,0.));
#4438 = PLANE('',#4439);
#4439 = AXIS2_PLACEMENT_3D('',#4440,#4441,#4442);
#4440 = CARTESIAN_POINT('',(2.7,-1.2,0.));
#4441 = DIRECTION('',(0.,-1.,0.));
#4442 = DIRECTION('',(-1.,0.,0.));
#4443 = ADVANCED_FACE('',(#4444),#4546,.F.);
#4444 = FACE_BOUND('',#4445,.F.);
#4445 = EDGE_LOOP('',(#4446,#4456,#4465,#4473,#4479,#4480,#4489,#4497,
    #4504,#4505,#4506,#4515,#4523,#4530,#4531,#4539));
#4446 = ORIENTED_EDGE('',*,*,#4447,.F.);
#4447 = EDGE_CURVE('',#4448,#4450,#4452,.T.);
#4448 = VERTEX_POINT('',#4449);
#4449 = CARTESIAN_POINT('',(2.7,-0.5,9.75E-02));
#4450 = VERTEX_POINT('',#4451);
#4451 = CARTESIAN_POINT('',(2.7,-0.5,0.9025));
#4452 = LINE('',#4453,#4454);
#4453 = CARTESIAN_POINT('',(2.7,-0.5,0.));
#4454 = VECTOR('',#4455,1.);
#4455 = DIRECTION('',(0.,0.,1.));
#4456 = ORIENTED_EDGE('',*,*,#4457,.T.);
#4457 = EDGE_CURVE('',#4448,#4458,#4460,.T.);
#4458 = VERTEX_POINT('',#4459);
#4459 = CARTESIAN_POINT('',(2.6025,-0.5,-2.775557561563E-17));
#4460 = CIRCLE('',#4461,9.75E-02);
#4461 = AXIS2_PLACEMENT_3D('',#4462,#4463,#4464);
#4462 = CARTESIAN_POINT('',(2.6025,-0.5,9.75E-02));
#4463 = DIRECTION('',(0.,1.,0.));
#4464 = DIRECTION('',(0.,-0.,1.));
#4465 = ORIENTED_EDGE('',*,*,#4466,.F.);
#4466 = EDGE_CURVE('',#4467,#4458,#4469,.T.);
#4467 = VERTEX_POINT('',#4468);
#4468 = CARTESIAN_POINT('',(1.7,-0.5,0.));
#4469 = LINE('',#4470,#4471);
#4470 = CARTESIAN_POINT('',(1.7,-0.5,0.));
#4471 = VECTOR('',#4472,1.);
#4472 = DIRECTION('',(1.,0.,0.));
#4473 = ORIENTED_EDGE('',*,*,#4474,.T.);
#4474 = EDGE_CURVE('',#4467,#4175,#4475,.T.);
#4475 = LINE('',#4476,#4477);
#4476 = CARTESIAN_POINT('',(1.7,-0.5,0.));
#4477 = VECTOR('',#4478,1.);
#4478 = DIRECTION('',(0.,0.,1.));
#4479 = ORIENTED_EDGE('',*,*,#4200,.F.);
#4480 = ORIENTED_EDGE('',*,*,#4481,.T.);
#4481 = EDGE_CURVE('',#4193,#4482,#4484,.T.);
#4482 = VERTEX_POINT('',#4483);
#4483 = CARTESIAN_POINT('',(1.9925,-0.5,0.195));
#4484 = CIRCLE('',#4485,9.75E-02);
#4485 = AXIS2_PLACEMENT_3D('',#4486,#4487,#4488);
#4486 = CARTESIAN_POINT('',(1.9925,-0.5,0.2925));
#4487 = DIRECTION('',(0.,-1.,0.));
#4488 = DIRECTION('',(-1.,0.,0.));
#4489 = ORIENTED_EDGE('',*,*,#4490,.T.);
#4490 = EDGE_CURVE('',#4482,#4491,#4493,.T.);
#4491 = VERTEX_POINT('',#4492);
#4492 = CARTESIAN_POINT('',(2.4075,-0.5,0.195));
#4493 = LINE('',#4494,#4495);
#4494 = CARTESIAN_POINT('',(1.95,-0.5,0.195));
#4495 = VECTOR('',#4496,1.);
#4496 = DIRECTION('',(1.,0.,6.906640467053E-32));
#4497 = ORIENTED_EDGE('',*,*,#4498,.F.);
#4498 = EDGE_CURVE('',#3887,#4491,#4499,.T.);
#4499 = CIRCLE('',#4500,9.75E-02);
#4500 = AXIS2_PLACEMENT_3D('',#4501,#4502,#4503);
#4501 = CARTESIAN_POINT('',(2.4075,-0.5,0.2925));
#4502 = DIRECTION('',(0.,1.,0.));
#4503 = DIRECTION('',(6.906640467053E-32,0.,-1.));
#4504 = ORIENTED_EDGE('',*,*,#3886,.F.);
#4505 = ORIENTED_EDGE('',*,*,#3414,.F.);
#4506 = ORIENTED_EDGE('',*,*,#4507,.F.);
#4507 = EDGE_CURVE('',#4508,#3407,#4510,.T.);
#4508 = VERTEX_POINT('',#4509);
#4509 = CARTESIAN_POINT('',(2.505,-0.5,0.2925));
#4510 = CIRCLE('',#4511,9.75E-02);
#4511 = AXIS2_PLACEMENT_3D('',#4512,#4513,#4514);
#4512 = CARTESIAN_POINT('',(2.4075,-0.5,0.2925));
#4513 = DIRECTION('',(0.,1.,0.));
#4514 = DIRECTION('',(6.906640467053E-32,0.,-1.));
#4515 = ORIENTED_EDGE('',*,*,#4516,.T.);
#4516 = EDGE_CURVE('',#4508,#4517,#4519,.T.);
#4517 = VERTEX_POINT('',#4518);
#4518 = CARTESIAN_POINT('',(2.505,-0.5,0.7075));
#4519 = LINE('',#4520,#4521);
#4520 = CARTESIAN_POINT('',(2.505,-0.5,9.75E-02));
#4521 = VECTOR('',#4522,1.);
#4522 = DIRECTION('',(0.,0.,1.));
#4523 = ORIENTED_EDGE('',*,*,#4524,.F.);
#4524 = EDGE_CURVE('',#3497,#4517,#4525,.T.);
#4525 = CIRCLE('',#4526,9.75E-02);
#4526 = AXIS2_PLACEMENT_3D('',#4527,#4528,#4529);
#4527 = CARTESIAN_POINT('',(2.4075,-0.5,0.7075));
#4528 = DIRECTION('',(-0.,1.,0.));
#4529 = DIRECTION('',(1.,0.,0.));
#4530 = ORIENTED_EDGE('',*,*,#3522,.F.);
#4531 = ORIENTED_EDGE('',*,*,#4532,.T.);
#4532 = EDGE_CURVE('',#3515,#4533,#4535,.T.);
#4533 = VERTEX_POINT('',#4534);
#4534 = CARTESIAN_POINT('',(2.6025,-0.5,1.));
#4535 = LINE('',#4536,#4537);
#4536 = CARTESIAN_POINT('',(1.7,-0.5,1.));
#4537 = VECTOR('',#4538,1.);
#4538 = DIRECTION('',(1.,0.,0.));
#4539 = ORIENTED_EDGE('',*,*,#4540,.T.);
#4540 = EDGE_CURVE('',#4533,#4450,#4541,.T.);
#4541 = CIRCLE('',#4542,9.75E-02);
#4542 = AXIS2_PLACEMENT_3D('',#4543,#4544,#4545);
#4543 = CARTESIAN_POINT('',(2.6025,-0.5,0.9025));
#4544 = DIRECTION('',(0.,1.,0.));
#4545 = DIRECTION('',(0.,-0.,1.));
#4546 = PLANE('',#4547);
#4547 = AXIS2_PLACEMENT_3D('',#4548,#4549,#4550);
#4548 = CARTESIAN_POINT('',(1.7,-0.5,0.));
#4549 = DIRECTION('',(0.,1.,0.));
#4550 = DIRECTION('',(1.,0.,0.));
#4551 = ADVANCED_FACE('',(#4552),#4571,.F.);
#4552 = FACE_BOUND('',#4553,.F.);
#4553 = EDGE_LOOP('',(#4554,#4563,#4569,#4570));
#4554 = ORIENTED_EDGE('',*,*,#4555,.F.);
#4555 = EDGE_CURVE('',#4556,#3399,#4558,.T.);
#4556 = VERTEX_POINT('',#4557);
#4557 = CARTESIAN_POINT('',(2.505,0.5,0.2925));
#4558 = CIRCLE('',#4559,9.75E-02);
#4559 = AXIS2_PLACEMENT_3D('',#4560,#4561,#4562);
#4560 = CARTESIAN_POINT('',(2.4075,0.5,0.2925));
#4561 = DIRECTION('',(0.,1.,0.));
#4562 = DIRECTION('',(6.906640467053E-32,0.,-1.));
#4563 = ORIENTED_EDGE('',*,*,#4564,.F.);
#4564 = EDGE_CURVE('',#4508,#4556,#4565,.T.);
#4565 = LINE('',#4566,#4567);
#4566 = CARTESIAN_POINT('',(2.505,-0.695,0.2925));
#4567 = VECTOR('',#4568,1.);
#4568 = DIRECTION('',(0.,1.,0.));
#4569 = ORIENTED_EDGE('',*,*,#4507,.T.);
#4570 = ORIENTED_EDGE('',*,*,#3406,.T.);
#4571 = CYLINDRICAL_SURFACE('',#4572,9.75E-02);
#4572 = AXIS2_PLACEMENT_3D('',#4573,#4574,#4575);
#4573 = CARTESIAN_POINT('',(2.4075,-0.695,0.2925));
#4574 = DIRECTION('',(0.,1.,0.));
#4575 = DIRECTION('',(6.906640467053E-32,0.,-1.));
#4576 = ADVANCED_FACE('',(#4577),#4671,.F.);
#4577 = FACE_BOUND('',#4578,.F.);
#4578 = EDGE_LOOP('',(#4579,#4590,#4598,#4607,#4613,#4614,#4623,#4629,
    #4630,#4631,#4632,#4641,#4649,#4656,#4657,#4665));
#4579 = ORIENTED_EDGE('',*,*,#4580,.F.);
#4580 = EDGE_CURVE('',#4581,#4583,#4585,.T.);
#4581 = VERTEX_POINT('',#4582);
#4582 = CARTESIAN_POINT('',(2.7,0.5,9.75E-02));
#4583 = VERTEX_POINT('',#4584);
#4584 = CARTESIAN_POINT('',(2.6025,0.5,-2.775557561563E-17));
#4585 = CIRCLE('',#4586,9.75E-02);
#4586 = AXIS2_PLACEMENT_3D('',#4587,#4588,#4589);
#4587 = CARTESIAN_POINT('',(2.6025,0.5,9.75E-02));
#4588 = DIRECTION('',(0.,1.,0.));
#4589 = DIRECTION('',(0.,-0.,1.));
#4590 = ORIENTED_EDGE('',*,*,#4591,.T.);
#4591 = EDGE_CURVE('',#4581,#4592,#4594,.T.);
#4592 = VERTEX_POINT('',#4593);
#4593 = CARTESIAN_POINT('',(2.7,0.5,0.9025));
#4594 = LINE('',#4595,#4596);
#4595 = CARTESIAN_POINT('',(2.7,0.5,0.));
#4596 = VECTOR('',#4597,1.);
#4597 = DIRECTION('',(0.,0.,1.));
#4598 = ORIENTED_EDGE('',*,*,#4599,.F.);
#4599 = EDGE_CURVE('',#4600,#4592,#4602,.T.);
#4600 = VERTEX_POINT('',#4601);
#4601 = CARTESIAN_POINT('',(2.6025,0.5,1.));
#4602 = CIRCLE('',#4603,9.75E-02);
#4603 = AXIS2_PLACEMENT_3D('',#4604,#4605,#4606);
#4604 = CARTESIAN_POINT('',(2.6025,0.5,0.9025));
#4605 = DIRECTION('',(0.,1.,0.));
#4606 = DIRECTION('',(0.,-0.,1.));
#4607 = ORIENTED_EDGE('',*,*,#4608,.T.);
#4608 = EDGE_CURVE('',#4600,#3507,#4609,.T.);
#4609 = LINE('',#4610,#4611);
#4610 = CARTESIAN_POINT('',(2.7,0.5,1.));
#4611 = VECTOR('',#4612,1.);
#4612 = DIRECTION('',(-1.,0.,0.));
#4613 = ORIENTED_EDGE('',*,*,#3506,.F.);
#4614 = ORIENTED_EDGE('',*,*,#4615,.T.);
#4615 = EDGE_CURVE('',#3499,#4616,#4618,.T.);
#4616 = VERTEX_POINT('',#4617);
#4617 = CARTESIAN_POINT('',(2.505,0.5,0.7075));
#4618 = CIRCLE('',#4619,9.75E-02);
#4619 = AXIS2_PLACEMENT_3D('',#4620,#4621,#4622);
#4620 = CARTESIAN_POINT('',(2.4075,0.5,0.7075));
#4621 = DIRECTION('',(-0.,1.,0.));
#4622 = DIRECTION('',(1.,0.,0.));
#4623 = ORIENTED_EDGE('',*,*,#4624,.T.);
#4624 = EDGE_CURVE('',#4616,#4556,#4625,.T.);
#4625 = LINE('',#4626,#4627);
#4626 = CARTESIAN_POINT('',(2.505,0.5,9.75E-02));
#4627 = VECTOR('',#4628,1.);
#4628 = DIRECTION('',(-0.,-0.,-1.));
#4629 = ORIENTED_EDGE('',*,*,#4555,.T.);
#4630 = ORIENTED_EDGE('',*,*,#3398,.F.);
#4631 = ORIENTED_EDGE('',*,*,#3902,.F.);
#4632 = ORIENTED_EDGE('',*,*,#4633,.T.);
#4633 = EDGE_CURVE('',#3895,#4634,#4636,.T.);
#4634 = VERTEX_POINT('',#4635);
#4635 = CARTESIAN_POINT('',(2.4075,0.5,0.195));
#4636 = CIRCLE('',#4637,9.75E-02);
#4637 = AXIS2_PLACEMENT_3D('',#4638,#4639,#4640);
#4638 = CARTESIAN_POINT('',(2.4075,0.5,0.2925));
#4639 = DIRECTION('',(0.,1.,0.));
#4640 = DIRECTION('',(6.906640467053E-32,0.,-1.));
#4641 = ORIENTED_EDGE('',*,*,#4642,.T.);
#4642 = EDGE_CURVE('',#4634,#4643,#4645,.T.);
#4643 = VERTEX_POINT('',#4644);
#4644 = CARTESIAN_POINT('',(1.9925,0.5,0.195));
#4645 = LINE('',#4646,#4647);
#4646 = CARTESIAN_POINT('',(2.45,0.5,0.195));
#4647 = VECTOR('',#4648,1.);
#4648 = DIRECTION('',(-1.,-0.,-6.906640467053E-32));
#4649 = ORIENTED_EDGE('',*,*,#4650,.F.);
#4650 = EDGE_CURVE('',#4185,#4643,#4651,.T.);
#4651 = CIRCLE('',#4652,9.75E-02);
#4652 = AXIS2_PLACEMENT_3D('',#4653,#4654,#4655);
#4653 = CARTESIAN_POINT('',(1.9925,0.5,0.2925));
#4654 = DIRECTION('',(0.,-1.,0.));
#4655 = DIRECTION('',(-1.,0.,0.));
#4656 = ORIENTED_EDGE('',*,*,#4184,.F.);
#4657 = ORIENTED_EDGE('',*,*,#4658,.F.);
#4658 = EDGE_CURVE('',#4659,#4177,#4661,.T.);
#4659 = VERTEX_POINT('',#4660);
#4660 = CARTESIAN_POINT('',(1.7,0.5,0.));
#4661 = LINE('',#4662,#4663);
#4662 = CARTESIAN_POINT('',(1.7,0.5,0.));
#4663 = VECTOR('',#4664,1.);
#4664 = DIRECTION('',(0.,0.,1.));
#4665 = ORIENTED_EDGE('',*,*,#4666,.F.);
#4666 = EDGE_CURVE('',#4583,#4659,#4667,.T.);
#4667 = LINE('',#4668,#4669);
#4668 = CARTESIAN_POINT('',(2.7,0.5,0.));
#4669 = VECTOR('',#4670,1.);
#4670 = DIRECTION('',(-1.,0.,0.));
#4671 = PLANE('',#4672);
#4672 = AXIS2_PLACEMENT_3D('',#4673,#4674,#4675);
#4673 = CARTESIAN_POINT('',(2.7,0.5,0.));
#4674 = DIRECTION('',(0.,-1.,0.));
#4675 = DIRECTION('',(-1.,0.,0.));
#4676 = ADVANCED_FACE('',(#4677),#4779,.F.);
#4677 = FACE_BOUND('',#4678,.F.);
#4678 = EDGE_LOOP('',(#4679,#4689,#4698,#4706,#4712,#4713,#4722,#4730,
    #4737,#4738,#4739,#4748,#4756,#4763,#4764,#4772));
#4679 = ORIENTED_EDGE('',*,*,#4680,.F.);
#4680 = EDGE_CURVE('',#4681,#4683,#4685,.T.);
#4681 = VERTEX_POINT('',#4682);
#4682 = CARTESIAN_POINT('',(2.7,1.2,9.75E-02));
#4683 = VERTEX_POINT('',#4684);
#4684 = CARTESIAN_POINT('',(2.7,1.2,0.9025));
#4685 = LINE('',#4686,#4687);
#4686 = CARTESIAN_POINT('',(2.7,1.2,0.));
#4687 = VECTOR('',#4688,1.);
#4688 = DIRECTION('',(0.,0.,1.));
#4689 = ORIENTED_EDGE('',*,*,#4690,.T.);
#4690 = EDGE_CURVE('',#4681,#4691,#4693,.T.);
#4691 = VERTEX_POINT('',#4692);
#4692 = CARTESIAN_POINT('',(2.6025,1.2,-2.775557561563E-17));
#4693 = CIRCLE('',#4694,9.75E-02);
#4694 = AXIS2_PLACEMENT_3D('',#4695,#4696,#4697);
#4695 = CARTESIAN_POINT('',(2.6025,1.2,9.75E-02));
#4696 = DIRECTION('',(0.,1.,0.));
#4697 = DIRECTION('',(0.,-0.,1.));
#4698 = ORIENTED_EDGE('',*,*,#4699,.F.);
#4699 = EDGE_CURVE('',#4700,#4691,#4702,.T.);
#4700 = VERTEX_POINT('',#4701);
#4701 = CARTESIAN_POINT('',(1.7,1.2,0.));
#4702 = LINE('',#4703,#4704);
#4703 = CARTESIAN_POINT('',(1.7,1.2,0.));
#4704 = VECTOR('',#4705,1.);
#4705 = DIRECTION('',(1.,0.,0.));
#4706 = ORIENTED_EDGE('',*,*,#4707,.T.);
#4707 = EDGE_CURVE('',#4700,#4151,#4708,.T.);
#4708 = LINE('',#4709,#4710);
#4709 = CARTESIAN_POINT('',(1.7,1.2,0.));
#4710 = VECTOR('',#4711,1.);
#4711 = DIRECTION('',(0.,0.,1.));
#4712 = ORIENTED_EDGE('',*,*,#4150,.F.);
#4713 = ORIENTED_EDGE('',*,*,#4714,.T.);
#4714 = EDGE_CURVE('',#4143,#4715,#4717,.T.);
#4715 = VERTEX_POINT('',#4716);
#4716 = CARTESIAN_POINT('',(1.9925,1.2,0.195));
#4717 = CIRCLE('',#4718,9.75E-02);
#4718 = AXIS2_PLACEMENT_3D('',#4719,#4720,#4721);
#4719 = CARTESIAN_POINT('',(1.9925,1.2,0.2925));
#4720 = DIRECTION('',(0.,-1.,0.));
#4721 = DIRECTION('',(-1.,0.,0.));
#4722 = ORIENTED_EDGE('',*,*,#4723,.T.);
#4723 = EDGE_CURVE('',#4715,#4724,#4726,.T.);
#4724 = VERTEX_POINT('',#4725);
#4725 = CARTESIAN_POINT('',(2.4075,1.2,0.195));
#4726 = LINE('',#4727,#4728);
#4727 = CARTESIAN_POINT('',(1.95,1.2,0.195));
#4728 = VECTOR('',#4729,1.);
#4729 = DIRECTION('',(1.,0.,6.906640467053E-32));
#4730 = ORIENTED_EDGE('',*,*,#4731,.F.);
#4731 = EDGE_CURVE('',#3910,#4724,#4732,.T.);
#4732 = CIRCLE('',#4733,9.75E-02);
#4733 = AXIS2_PLACEMENT_3D('',#4734,#4735,#4736);
#4734 = CARTESIAN_POINT('',(2.4075,1.2,0.2925));
#4735 = DIRECTION('',(0.,1.,0.));
#4736 = DIRECTION('',(6.906640467053E-32,0.,-1.));
#4737 = ORIENTED_EDGE('',*,*,#3909,.F.);
#4738 = ORIENTED_EDGE('',*,*,#3382,.F.);
#4739 = ORIENTED_EDGE('',*,*,#4740,.F.);
#4740 = EDGE_CURVE('',#4741,#3375,#4743,.T.);
#4741 = VERTEX_POINT('',#4742);
#4742 = CARTESIAN_POINT('',(2.505,1.2,0.2925));
#4743 = CIRCLE('',#4744,9.75E-02);
#4744 = AXIS2_PLACEMENT_3D('',#4745,#4746,#4747);
#4745 = CARTESIAN_POINT('',(2.4075,1.2,0.2925));
#4746 = DIRECTION('',(0.,1.,0.));
#4747 = DIRECTION('',(6.906640467053E-32,0.,-1.));
#4748 = ORIENTED_EDGE('',*,*,#4749,.T.);
#4749 = EDGE_CURVE('',#4741,#4750,#4752,.T.);
#4750 = VERTEX_POINT('',#4751);
#4751 = CARTESIAN_POINT('',(2.505,1.2,0.7075));
#4752 = LINE('',#4753,#4754);
#4753 = CARTESIAN_POINT('',(2.505,1.2,9.75E-02));
#4754 = VECTOR('',#4755,1.);
#4755 = DIRECTION('',(0.,0.,1.));
#4756 = ORIENTED_EDGE('',*,*,#4757,.F.);
#4757 = EDGE_CURVE('',#3541,#4750,#4758,.T.);
#4758 = CIRCLE('',#4759,9.75E-02);
#4759 = AXIS2_PLACEMENT_3D('',#4760,#4761,#4762);
#4760 = CARTESIAN_POINT('',(2.4075,1.2,0.7075));
#4761 = DIRECTION('',(-0.,1.,0.));
#4762 = DIRECTION('',(1.,0.,0.));
#4763 = ORIENTED_EDGE('',*,*,#3540,.F.);
#4764 = ORIENTED_EDGE('',*,*,#4765,.T.);
#4765 = EDGE_CURVE('',#3531,#4766,#4768,.T.);
#4766 = VERTEX_POINT('',#4767);
#4767 = CARTESIAN_POINT('',(2.6025,1.2,1.));
#4768 = LINE('',#4769,#4770);
#4769 = CARTESIAN_POINT('',(1.7,1.2,1.));
#4770 = VECTOR('',#4771,1.);
#4771 = DIRECTION('',(1.,0.,0.));
#4772 = ORIENTED_EDGE('',*,*,#4773,.T.);
#4773 = EDGE_CURVE('',#4766,#4683,#4774,.T.);
#4774 = CIRCLE('',#4775,9.75E-02);
#4775 = AXIS2_PLACEMENT_3D('',#4776,#4777,#4778);
#4776 = CARTESIAN_POINT('',(2.6025,1.2,0.9025));
#4777 = DIRECTION('',(0.,1.,0.));
#4778 = DIRECTION('',(0.,-0.,1.));
#4779 = PLANE('',#4780);
#4780 = AXIS2_PLACEMENT_3D('',#4781,#4782,#4783);
#4781 = CARTESIAN_POINT('',(1.7,1.2,0.));
#4782 = DIRECTION('',(0.,1.,0.));
#4783 = DIRECTION('',(1.,0.,0.));
#4784 = ADVANCED_FACE('',(#4785),#4804,.F.);
#4785 = FACE_BOUND('',#4786,.F.);
#4786 = EDGE_LOOP('',(#4787,#4796,#4802,#4803));
#4787 = ORIENTED_EDGE('',*,*,#4788,.F.);
#4788 = EDGE_CURVE('',#4789,#3367,#4791,.T.);
#4789 = VERTEX_POINT('',#4790);
#4790 = CARTESIAN_POINT('',(2.505,2.2,0.2925));
#4791 = CIRCLE('',#4792,9.75E-02);
#4792 = AXIS2_PLACEMENT_3D('',#4793,#4794,#4795);
#4793 = CARTESIAN_POINT('',(2.4075,2.2,0.2925));
#4794 = DIRECTION('',(0.,1.,0.));
#4795 = DIRECTION('',(6.906640467053E-32,0.,-1.));
#4796 = ORIENTED_EDGE('',*,*,#4797,.F.);
#4797 = EDGE_CURVE('',#4741,#4789,#4798,.T.);
#4798 = LINE('',#4799,#4800);
#4799 = CARTESIAN_POINT('',(2.505,1.005,0.2925));
#4800 = VECTOR('',#4801,1.);
#4801 = DIRECTION('',(0.,1.,0.));
#4802 = ORIENTED_EDGE('',*,*,#4740,.T.);
#4803 = ORIENTED_EDGE('',*,*,#3374,.T.);
#4804 = CYLINDRICAL_SURFACE('',#4805,9.75E-02);
#4805 = AXIS2_PLACEMENT_3D('',#4806,#4807,#4808);
#4806 = CARTESIAN_POINT('',(2.4075,1.005,0.2925));
#4807 = DIRECTION('',(0.,1.,0.));
#4808 = DIRECTION('',(6.906640467053E-32,0.,-1.));
#4809 = ADVANCED_FACE('',(#4810),#4904,.F.);
#4810 = FACE_BOUND('',#4811,.F.);
#4811 = EDGE_LOOP('',(#4812,#4823,#4831,#4840,#4846,#4847,#4856,#4862,
    #4863,#4864,#4865,#4874,#4882,#4889,#4890,#4898));
#4812 = ORIENTED_EDGE('',*,*,#4813,.F.);
#4813 = EDGE_CURVE('',#4814,#4816,#4818,.T.);
#4814 = VERTEX_POINT('',#4815);
#4815 = CARTESIAN_POINT('',(2.7,2.2,9.75E-02));
#4816 = VERTEX_POINT('',#4817);
#4817 = CARTESIAN_POINT('',(2.6025,2.2,-2.775557561563E-17));
#4818 = CIRCLE('',#4819,9.75E-02);
#4819 = AXIS2_PLACEMENT_3D('',#4820,#4821,#4822);
#4820 = CARTESIAN_POINT('',(2.6025,2.2,9.75E-02));
#4821 = DIRECTION('',(0.,1.,0.));
#4822 = DIRECTION('',(0.,-0.,1.));
#4823 = ORIENTED_EDGE('',*,*,#4824,.T.);
#4824 = EDGE_CURVE('',#4814,#4825,#4827,.T.);
#4825 = VERTEX_POINT('',#4826);
#4826 = CARTESIAN_POINT('',(2.7,2.2,0.9025));
#4827 = LINE('',#4828,#4829);
#4828 = CARTESIAN_POINT('',(2.7,2.2,0.));
#4829 = VECTOR('',#4830,1.);
#4830 = DIRECTION('',(0.,0.,1.));
#4831 = ORIENTED_EDGE('',*,*,#4832,.F.);
#4832 = EDGE_CURVE('',#4833,#4825,#4835,.T.);
#4833 = VERTEX_POINT('',#4834);
#4834 = CARTESIAN_POINT('',(2.6025,2.2,1.));
#4835 = CIRCLE('',#4836,9.75E-02);
#4836 = AXIS2_PLACEMENT_3D('',#4837,#4838,#4839);
#4837 = CARTESIAN_POINT('',(2.6025,2.2,0.9025));
#4838 = DIRECTION('',(0.,1.,0.));
#4839 = DIRECTION('',(0.,-0.,1.));
#4840 = ORIENTED_EDGE('',*,*,#4841,.T.);
#4841 = EDGE_CURVE('',#4833,#3533,#4842,.T.);
#4842 = LINE('',#4843,#4844);
#4843 = CARTESIAN_POINT('',(2.7,2.2,1.));
#4844 = VECTOR('',#4845,1.);
#4845 = DIRECTION('',(-1.,0.,0.));
#4846 = ORIENTED_EDGE('',*,*,#3556,.F.);
#4847 = ORIENTED_EDGE('',*,*,#4848,.T.);
#4848 = EDGE_CURVE('',#3549,#4849,#4851,.T.);
#4849 = VERTEX_POINT('',#4850);
#4850 = CARTESIAN_POINT('',(2.505,2.2,0.7075));
#4851 = CIRCLE('',#4852,9.75E-02);
#4852 = AXIS2_PLACEMENT_3D('',#4853,#4854,#4855);
#4853 = CARTESIAN_POINT('',(2.4075,2.2,0.7075));
#4854 = DIRECTION('',(-0.,1.,0.));
#4855 = DIRECTION('',(1.,0.,0.));
#4856 = ORIENTED_EDGE('',*,*,#4857,.T.);
#4857 = EDGE_CURVE('',#4849,#4789,#4858,.T.);
#4858 = LINE('',#4859,#4860);
#4859 = CARTESIAN_POINT('',(2.505,2.2,9.75E-02));
#4860 = VECTOR('',#4861,1.);
#4861 = DIRECTION('',(-0.,-0.,-1.));
#4862 = ORIENTED_EDGE('',*,*,#4788,.T.);
#4863 = ORIENTED_EDGE('',*,*,#3366,.F.);
#4864 = ORIENTED_EDGE('',*,*,#3925,.F.);
#4865 = ORIENTED_EDGE('',*,*,#4866,.T.);
#4866 = EDGE_CURVE('',#3918,#4867,#4869,.T.);
#4867 = VERTEX_POINT('',#4868);
#4868 = CARTESIAN_POINT('',(2.4075,2.2,0.195));
#4869 = CIRCLE('',#4870,9.75E-02);
#4870 = AXIS2_PLACEMENT_3D('',#4871,#4872,#4873);
#4871 = CARTESIAN_POINT('',(2.4075,2.2,0.2925));
#4872 = DIRECTION('',(0.,1.,0.));
#4873 = DIRECTION('',(6.906640467053E-32,0.,-1.));
#4874 = ORIENTED_EDGE('',*,*,#4875,.T.);
#4875 = EDGE_CURVE('',#4867,#4876,#4878,.T.);
#4876 = VERTEX_POINT('',#4877);
#4877 = CARTESIAN_POINT('',(1.9925,2.2,0.195));
#4878 = LINE('',#4879,#4880);
#4879 = CARTESIAN_POINT('',(2.45,2.2,0.195));
#4880 = VECTOR('',#4881,1.);
#4881 = DIRECTION('',(-1.,-0.,-6.906640467053E-32));
#4882 = ORIENTED_EDGE('',*,*,#4883,.F.);
#4883 = EDGE_CURVE('',#4141,#4876,#4884,.T.);
#4884 = CIRCLE('',#4885,9.75E-02);
#4885 = AXIS2_PLACEMENT_3D('',#4886,#4887,#4888);
#4886 = CARTESIAN_POINT('',(1.9925,2.2,0.2925));
#4887 = DIRECTION('',(0.,-1.,0.));
#4888 = DIRECTION('',(-1.,0.,0.));
#4889 = ORIENTED_EDGE('',*,*,#4166,.F.);
#4890 = ORIENTED_EDGE('',*,*,#4891,.F.);
#4891 = EDGE_CURVE('',#4892,#4159,#4894,.T.);
#4892 = VERTEX_POINT('',#4893);
#4893 = CARTESIAN_POINT('',(1.7,2.2,0.));
#4894 = LINE('',#4895,#4896);
#4895 = CARTESIAN_POINT('',(1.7,2.2,0.));
#4896 = VECTOR('',#4897,1.);
#4897 = DIRECTION('',(0.,0.,1.));
#4898 = ORIENTED_EDGE('',*,*,#4899,.F.);
#4899 = EDGE_CURVE('',#4816,#4892,#4900,.T.);
#4900 = LINE('',#4901,#4902);
#4901 = CARTESIAN_POINT('',(2.7,2.2,0.));
#4902 = VECTOR('',#4903,1.);
#4903 = DIRECTION('',(-1.,0.,0.));
#4904 = PLANE('',#4905);
#4905 = AXIS2_PLACEMENT_3D('',#4906,#4907,#4908);
#4906 = CARTESIAN_POINT('',(2.7,2.2,0.));
#4907 = DIRECTION('',(0.,-1.,0.));
#4908 = DIRECTION('',(-1.,0.,0.));
#4909 = ADVANCED_FACE('',(#4910),#4921,.T.);
#4910 = FACE_BOUND('',#4911,.T.);
#4911 = EDGE_LOOP('',(#4912,#4913,#4914,#4920));
#4912 = ORIENTED_EDGE('',*,*,#3462,.F.);
#4913 = ORIENTED_EDGE('',*,*,#4299,.T.);
#4914 = ORIENTED_EDGE('',*,*,#4915,.T.);
#4915 = EDGE_CURVE('',#4300,#4367,#4916,.T.);
#4916 = LINE('',#4917,#4918);
#4917 = CARTESIAN_POINT('',(2.6025,-2.2,1.));
#4918 = VECTOR('',#4919,1.);
#4919 = DIRECTION('',(0.,1.,0.));
#4920 = ORIENTED_EDGE('',*,*,#4375,.T.);
#4921 = PLANE('',#4922);
#4922 = AXIS2_PLACEMENT_3D('',#4923,#4924,#4925);
#4923 = CARTESIAN_POINT('',(2.2,-1.7,1.));
#4924 = DIRECTION('',(0.,0.,1.));
#4925 = DIRECTION('',(1.,0.,-0.));
#4926 = ADVANCED_FACE('',(#4927),#4938,.F.);
#4927 = FACE_BOUND('',#4928,.F.);
#4928 = EDGE_LOOP('',(#4929,#4935,#4936,#4937));
#4929 = ORIENTED_EDGE('',*,*,#4930,.T.);
#4930 = EDGE_CURVE('',#4284,#4383,#4931,.T.);
#4931 = LINE('',#4932,#4933);
#4932 = CARTESIAN_POINT('',(2.505,-2.395,0.7075));
#4933 = VECTOR('',#4934,1.);
#4934 = DIRECTION('',(0.,1.,0.));
#4935 = ORIENTED_EDGE('',*,*,#4382,.F.);
#4936 = ORIENTED_EDGE('',*,*,#3480,.F.);
#4937 = ORIENTED_EDGE('',*,*,#4291,.T.);
#4938 = CYLINDRICAL_SURFACE('',#4939,9.75E-02);
#4939 = AXIS2_PLACEMENT_3D('',#4940,#4941,#4942);
#4940 = CARTESIAN_POINT('',(2.4075,-2.395,0.7075));
#4941 = DIRECTION('',(0.,1.,0.));
#4942 = DIRECTION('',(1.,0.,0.));
#4943 = ADVANCED_FACE('',(#4944),#4955,.F.);
#4944 = FACE_BOUND('',#4945,.F.);
#4945 = EDGE_LOOP('',(#4946,#4952,#4953,#4954));
#4946 = ORIENTED_EDGE('',*,*,#4947,.T.);
#4947 = EDGE_CURVE('',#4517,#4616,#4948,.T.);
#4948 = LINE('',#4949,#4950);
#4949 = CARTESIAN_POINT('',(2.505,-0.695,0.7075));
#4950 = VECTOR('',#4951,1.);
#4951 = DIRECTION('',(0.,1.,0.));
#4952 = ORIENTED_EDGE('',*,*,#4615,.F.);
#4953 = ORIENTED_EDGE('',*,*,#3496,.F.);
#4954 = ORIENTED_EDGE('',*,*,#4524,.T.);
#4955 = CYLINDRICAL_SURFACE('',#4956,9.75E-02);
#4956 = AXIS2_PLACEMENT_3D('',#4957,#4958,#4959);
#4957 = CARTESIAN_POINT('',(2.4075,-0.695,0.7075));
#4958 = DIRECTION('',(0.,1.,0.));
#4959 = DIRECTION('',(1.,0.,0.));
#4960 = ADVANCED_FACE('',(#4961),#4972,.T.);
#4961 = FACE_BOUND('',#4962,.T.);
#4962 = EDGE_LOOP('',(#4963,#4964,#4965,#4971));
#4963 = ORIENTED_EDGE('',*,*,#3514,.F.);
#4964 = ORIENTED_EDGE('',*,*,#4532,.T.);
#4965 = ORIENTED_EDGE('',*,*,#4966,.T.);
#4966 = EDGE_CURVE('',#4533,#4600,#4967,.T.);
#4967 = LINE('',#4968,#4969);
#4968 = CARTESIAN_POINT('',(2.6025,-0.5,1.));
#4969 = VECTOR('',#4970,1.);
#4970 = DIRECTION('',(0.,1.,0.));
#4971 = ORIENTED_EDGE('',*,*,#4608,.T.);
#4972 = PLANE('',#4973);
#4973 = AXIS2_PLACEMENT_3D('',#4974,#4975,#4976);
#4974 = CARTESIAN_POINT('',(2.2,0.,1.));
#4975 = DIRECTION('',(0.,0.,1.));
#4976 = DIRECTION('',(1.,0.,-0.));
#4977 = ADVANCED_FACE('',(#4978),#4989,.T.);
#4978 = FACE_BOUND('',#4979,.T.);
#4979 = EDGE_LOOP('',(#4980,#4981,#4982,#4988));
#4980 = ORIENTED_EDGE('',*,*,#3530,.F.);
#4981 = ORIENTED_EDGE('',*,*,#4765,.T.);
#4982 = ORIENTED_EDGE('',*,*,#4983,.T.);
#4983 = EDGE_CURVE('',#4766,#4833,#4984,.T.);
#4984 = LINE('',#4985,#4986);
#4985 = CARTESIAN_POINT('',(2.6025,1.2,1.));
#4986 = VECTOR('',#4987,1.);
#4987 = DIRECTION('',(0.,1.,0.));
#4988 = ORIENTED_EDGE('',*,*,#4841,.T.);
#4989 = PLANE('',#4990);
#4990 = AXIS2_PLACEMENT_3D('',#4991,#4992,#4993);
#4991 = CARTESIAN_POINT('',(2.2,1.7,1.));
#4992 = DIRECTION('',(0.,0.,1.));
#4993 = DIRECTION('',(1.,0.,-0.));
#4994 = ADVANCED_FACE('',(#4995),#5006,.F.);
#4995 = FACE_BOUND('',#4996,.F.);
#4996 = EDGE_LOOP('',(#4997,#5003,#5004,#5005));
#4997 = ORIENTED_EDGE('',*,*,#4998,.T.);
#4998 = EDGE_CURVE('',#4750,#4849,#4999,.T.);
#4999 = LINE('',#5000,#5001);
#5000 = CARTESIAN_POINT('',(2.505,1.005,0.7075));
#5001 = VECTOR('',#5002,1.);
#5002 = DIRECTION('',(0.,1.,0.));
#5003 = ORIENTED_EDGE('',*,*,#4848,.F.);
#5004 = ORIENTED_EDGE('',*,*,#3548,.F.);
#5005 = ORIENTED_EDGE('',*,*,#4757,.T.);
#5006 = CYLINDRICAL_SURFACE('',#5007,9.75E-02);
#5007 = AXIS2_PLACEMENT_3D('',#5008,#5009,#5010);
#5008 = CARTESIAN_POINT('',(2.4075,1.005,0.7075));
#5009 = DIRECTION('',(0.,1.,0.));
#5010 = DIRECTION('',(1.,0.,0.));
#5011 = ADVANCED_FACE('',(#5012),#5114,.F.);
#5012 = FACE_BOUND('',#5013,.F.);
#5013 = EDGE_LOOP('',(#5014,#5024,#5033,#5041,#5047,#5048,#5057,#5065,
    #5072,#5073,#5074,#5083,#5091,#5098,#5099,#5107));
#5014 = ORIENTED_EDGE('',*,*,#5015,.F.);
#5015 = EDGE_CURVE('',#5016,#5018,#5020,.T.);
#5016 = VERTEX_POINT('',#5017);
#5017 = CARTESIAN_POINT('',(-2.7,2.2,9.75E-02));
#5018 = VERTEX_POINT('',#5019);
#5019 = CARTESIAN_POINT('',(-2.7,2.2,0.9025));
#5020 = LINE('',#5021,#5022);
#5021 = CARTESIAN_POINT('',(-2.7,2.2,0.));
#5022 = VECTOR('',#5023,1.);
#5023 = DIRECTION('',(0.,0.,1.));
#5024 = ORIENTED_EDGE('',*,*,#5025,.T.);
#5025 = EDGE_CURVE('',#5016,#5026,#5028,.T.);
#5026 = VERTEX_POINT('',#5027);
#5027 = CARTESIAN_POINT('',(-2.6025,2.2,-2.775557561563E-17));
#5028 = CIRCLE('',#5029,9.75E-02);
#5029 = AXIS2_PLACEMENT_3D('',#5030,#5031,#5032);
#5030 = CARTESIAN_POINT('',(-2.6025,2.2,9.75E-02));
#5031 = DIRECTION('',(0.,-1.,0.));
#5032 = DIRECTION('',(0.,0.,-1.));
#5033 = ORIENTED_EDGE('',*,*,#5034,.F.);
#5034 = EDGE_CURVE('',#5035,#5026,#5037,.T.);
#5035 = VERTEX_POINT('',#5036);
#5036 = CARTESIAN_POINT('',(-1.7,2.2,0.));
#5037 = LINE('',#5038,#5039);
#5038 = CARTESIAN_POINT('',(-1.7,2.2,0.));
#5039 = VECTOR('',#5040,1.);
#5040 = DIRECTION('',(-1.,0.,0.));
#5041 = ORIENTED_EDGE('',*,*,#5042,.T.);
#5042 = EDGE_CURVE('',#5035,#4083,#5043,.T.);
#5043 = LINE('',#5044,#5045);
#5044 = CARTESIAN_POINT('',(-1.7,2.2,0.));
#5045 = VECTOR('',#5046,1.);
#5046 = DIRECTION('',(0.,0.,1.));
#5047 = ORIENTED_EDGE('',*,*,#4082,.F.);
#5048 = ORIENTED_EDGE('',*,*,#5049,.T.);
#5049 = EDGE_CURVE('',#4075,#5050,#5052,.T.);
#5050 = VERTEX_POINT('',#5051);
#5051 = CARTESIAN_POINT('',(-1.9925,2.2,0.195));
#5052 = CIRCLE('',#5053,9.75E-02);
#5053 = AXIS2_PLACEMENT_3D('',#5054,#5055,#5056);
#5054 = CARTESIAN_POINT('',(-1.9925,2.2,0.2925));
#5055 = DIRECTION('',(0.,1.,0.));
#5056 = DIRECTION('',(-6.906640467053E-32,0.,-1.));
#5057 = ORIENTED_EDGE('',*,*,#5058,.T.);
#5058 = EDGE_CURVE('',#5050,#5059,#5061,.T.);
#5059 = VERTEX_POINT('',#5060);
#5060 = CARTESIAN_POINT('',(-2.4075,2.2,0.195));
#5061 = LINE('',#5062,#5063);
#5062 = CARTESIAN_POINT('',(-1.95,2.2,0.195));
#5063 = VECTOR('',#5064,1.);
#5064 = DIRECTION('',(-1.,0.,6.906640467053E-32));
#5065 = ORIENTED_EDGE('',*,*,#5066,.F.);
#5066 = EDGE_CURVE('',#3935,#5059,#5067,.T.);
#5067 = CIRCLE('',#5068,9.75E-02);
#5068 = AXIS2_PLACEMENT_3D('',#5069,#5070,#5071);
#5069 = CARTESIAN_POINT('',(-2.4075,2.2,0.2925));
#5070 = DIRECTION('',(0.,-1.,0.));
#5071 = DIRECTION('',(-1.,0.,0.));
#5072 = ORIENTED_EDGE('',*,*,#3934,.F.);
#5073 = ORIENTED_EDGE('',*,*,#3708,.F.);
#5074 = ORIENTED_EDGE('',*,*,#5075,.F.);
#5075 = EDGE_CURVE('',#5076,#3701,#5078,.T.);
#5076 = VERTEX_POINT('',#5077);
#5077 = CARTESIAN_POINT('',(-2.505,2.2,0.2925));
#5078 = CIRCLE('',#5079,9.75E-02);
#5079 = AXIS2_PLACEMENT_3D('',#5080,#5081,#5082);
#5080 = CARTESIAN_POINT('',(-2.4075,2.2,0.2925));
#5081 = DIRECTION('',(0.,-1.,0.));
#5082 = DIRECTION('',(-1.,0.,0.));
#5083 = ORIENTED_EDGE('',*,*,#5084,.T.);
#5084 = EDGE_CURVE('',#5076,#5085,#5087,.T.);
#5085 = VERTEX_POINT('',#5086);
#5086 = CARTESIAN_POINT('',(-2.505,2.2,0.7075));
#5087 = LINE('',#5088,#5089);
#5088 = CARTESIAN_POINT('',(-2.505,2.2,9.75E-02));
#5089 = VECTOR('',#5090,1.);
#5090 = DIRECTION('',(0.,0.,1.));
#5091 = ORIENTED_EDGE('',*,*,#5092,.F.);
#5092 = EDGE_CURVE('',#3743,#5085,#5093,.T.);
#5093 = CIRCLE('',#5094,9.75E-02);
#5094 = AXIS2_PLACEMENT_3D('',#5095,#5096,#5097);
#5095 = CARTESIAN_POINT('',(-2.4075,2.2,0.7075));
#5096 = DIRECTION('',(0.,-1.,0.));
#5097 = DIRECTION('',(-1.,0.,0.));
#5098 = ORIENTED_EDGE('',*,*,#3742,.F.);
#5099 = ORIENTED_EDGE('',*,*,#5100,.T.);
#5100 = EDGE_CURVE('',#3733,#5101,#5103,.T.);
#5101 = VERTEX_POINT('',#5102);
#5102 = CARTESIAN_POINT('',(-2.6025,2.2,1.));
#5103 = LINE('',#5104,#5105);
#5104 = CARTESIAN_POINT('',(-1.7,2.2,1.));
#5105 = VECTOR('',#5106,1.);
#5106 = DIRECTION('',(-1.,0.,0.));
#5107 = ORIENTED_EDGE('',*,*,#5108,.F.);
#5108 = EDGE_CURVE('',#5018,#5101,#5109,.T.);
#5109 = CIRCLE('',#5110,9.75E-02);
#5110 = AXIS2_PLACEMENT_3D('',#5111,#5112,#5113);
#5111 = CARTESIAN_POINT('',(-2.6025,2.2,0.9025));
#5112 = DIRECTION('',(0.,1.,0.));
#5113 = DIRECTION('',(0.,0.,-1.));
#5114 = PLANE('',#5115);
#5115 = AXIS2_PLACEMENT_3D('',#5116,#5117,#5118);
#5116 = CARTESIAN_POINT('',(-1.7,2.2,0.));
#5117 = DIRECTION('',(0.,-1.,0.));
#5118 = DIRECTION('',(-1.,0.,0.));
#5119 = ADVANCED_FACE('',(#5120),#5139,.F.);
#5120 = FACE_BOUND('',#5121,.F.);
#5121 = EDGE_LOOP('',(#5122,#5130,#5131,#5132));
#5122 = ORIENTED_EDGE('',*,*,#5123,.F.);
#5123 = EDGE_CURVE('',#5076,#5124,#5126,.T.);
#5124 = VERTEX_POINT('',#5125);
#5125 = CARTESIAN_POINT('',(-2.505,1.2,0.2925));
#5126 = LINE('',#5127,#5128);
#5127 = CARTESIAN_POINT('',(-2.505,2.395,0.2925));
#5128 = VECTOR('',#5129,1.);
#5129 = DIRECTION('',(0.,-1.,0.));
#5130 = ORIENTED_EDGE('',*,*,#5075,.T.);
#5131 = ORIENTED_EDGE('',*,*,#3700,.T.);
#5132 = ORIENTED_EDGE('',*,*,#5133,.F.);
#5133 = EDGE_CURVE('',#5124,#3693,#5134,.T.);
#5134 = CIRCLE('',#5135,9.75E-02);
#5135 = AXIS2_PLACEMENT_3D('',#5136,#5137,#5138);
#5136 = CARTESIAN_POINT('',(-2.4075,1.2,0.2925));
#5137 = DIRECTION('',(0.,-1.,0.));
#5138 = DIRECTION('',(-1.,0.,0.));
#5139 = CYLINDRICAL_SURFACE('',#5140,9.75E-02);
#5140 = AXIS2_PLACEMENT_3D('',#5141,#5142,#5143);
#5141 = CARTESIAN_POINT('',(-2.4075,2.395,0.2925));
#5142 = DIRECTION('',(0.,-1.,0.));
#5143 = DIRECTION('',(-1.,0.,0.));
#5144 = ADVANCED_FACE('',(#5145),#5239,.F.);
#5145 = FACE_BOUND('',#5146,.F.);
#5146 = EDGE_LOOP('',(#5147,#5158,#5166,#5175,#5181,#5182,#5191,#5197,
    #5198,#5199,#5200,#5209,#5217,#5224,#5225,#5233));
#5147 = ORIENTED_EDGE('',*,*,#5148,.F.);
#5148 = EDGE_CURVE('',#5149,#5151,#5153,.T.);
#5149 = VERTEX_POINT('',#5150);
#5150 = CARTESIAN_POINT('',(-2.7,1.2,9.75E-02));
#5151 = VERTEX_POINT('',#5152);
#5152 = CARTESIAN_POINT('',(-2.6025,1.2,-2.775557561563E-17));
#5153 = CIRCLE('',#5154,9.75E-02);
#5154 = AXIS2_PLACEMENT_3D('',#5155,#5156,#5157);
#5155 = CARTESIAN_POINT('',(-2.6025,1.2,9.75E-02));
#5156 = DIRECTION('',(0.,-1.,0.));
#5157 = DIRECTION('',(0.,0.,-1.));
#5158 = ORIENTED_EDGE('',*,*,#5159,.T.);
#5159 = EDGE_CURVE('',#5149,#5160,#5162,.T.);
#5160 = VERTEX_POINT('',#5161);
#5161 = CARTESIAN_POINT('',(-2.7,1.2,0.9025));
#5162 = LINE('',#5163,#5164);
#5163 = CARTESIAN_POINT('',(-2.7,1.2,0.));
#5164 = VECTOR('',#5165,1.);
#5165 = DIRECTION('',(0.,0.,1.));
#5166 = ORIENTED_EDGE('',*,*,#5167,.T.);
#5167 = EDGE_CURVE('',#5160,#5168,#5170,.T.);
#5168 = VERTEX_POINT('',#5169);
#5169 = CARTESIAN_POINT('',(-2.6025,1.2,1.));
#5170 = CIRCLE('',#5171,9.75E-02);
#5171 = AXIS2_PLACEMENT_3D('',#5172,#5173,#5174);
#5172 = CARTESIAN_POINT('',(-2.6025,1.2,0.9025));
#5173 = DIRECTION('',(0.,1.,0.));
#5174 = DIRECTION('',(0.,0.,-1.));
#5175 = ORIENTED_EDGE('',*,*,#5176,.T.);
#5176 = EDGE_CURVE('',#5168,#3735,#5177,.T.);
#5177 = LINE('',#5178,#5179);
#5178 = CARTESIAN_POINT('',(-2.7,1.2,1.));
#5179 = VECTOR('',#5180,1.);
#5180 = DIRECTION('',(1.,0.,0.));
#5181 = ORIENTED_EDGE('',*,*,#3758,.F.);
#5182 = ORIENTED_EDGE('',*,*,#5183,.T.);
#5183 = EDGE_CURVE('',#3751,#5184,#5186,.T.);
#5184 = VERTEX_POINT('',#5185);
#5185 = CARTESIAN_POINT('',(-2.505,1.2,0.7075));
#5186 = CIRCLE('',#5187,9.75E-02);
#5187 = AXIS2_PLACEMENT_3D('',#5188,#5189,#5190);
#5188 = CARTESIAN_POINT('',(-2.4075,1.2,0.7075));
#5189 = DIRECTION('',(0.,-1.,0.));
#5190 = DIRECTION('',(-1.,0.,0.));
#5191 = ORIENTED_EDGE('',*,*,#5192,.T.);
#5192 = EDGE_CURVE('',#5184,#5124,#5193,.T.);
#5193 = LINE('',#5194,#5195);
#5194 = CARTESIAN_POINT('',(-2.505,1.2,9.75E-02));
#5195 = VECTOR('',#5196,1.);
#5196 = DIRECTION('',(0.,0.,-1.));
#5197 = ORIENTED_EDGE('',*,*,#5133,.T.);
#5198 = ORIENTED_EDGE('',*,*,#3692,.F.);
#5199 = ORIENTED_EDGE('',*,*,#3950,.F.);
#5200 = ORIENTED_EDGE('',*,*,#5201,.T.);
#5201 = EDGE_CURVE('',#3943,#5202,#5204,.T.);
#5202 = VERTEX_POINT('',#5203);
#5203 = CARTESIAN_POINT('',(-2.4075,1.2,0.195));
#5204 = CIRCLE('',#5205,9.75E-02);
#5205 = AXIS2_PLACEMENT_3D('',#5206,#5207,#5208);
#5206 = CARTESIAN_POINT('',(-2.4075,1.2,0.2925));
#5207 = DIRECTION('',(0.,-1.,0.));
#5208 = DIRECTION('',(-1.,0.,0.));
#5209 = ORIENTED_EDGE('',*,*,#5210,.T.);
#5210 = EDGE_CURVE('',#5202,#5211,#5213,.T.);
#5211 = VERTEX_POINT('',#5212);
#5212 = CARTESIAN_POINT('',(-1.9925,1.2,0.195));
#5213 = LINE('',#5214,#5215);
#5214 = CARTESIAN_POINT('',(-2.45,1.2,0.195));
#5215 = VECTOR('',#5216,1.);
#5216 = DIRECTION('',(1.,0.,-6.906640467053E-32));
#5217 = ORIENTED_EDGE('',*,*,#5218,.F.);
#5218 = EDGE_CURVE('',#4073,#5211,#5219,.T.);
#5219 = CIRCLE('',#5220,9.75E-02);
#5220 = AXIS2_PLACEMENT_3D('',#5221,#5222,#5223);
#5221 = CARTESIAN_POINT('',(-1.9925,1.2,0.2925));
#5222 = DIRECTION('',(0.,1.,0.));
#5223 = DIRECTION('',(-6.906640467053E-32,0.,-1.));
#5224 = ORIENTED_EDGE('',*,*,#4098,.F.);
#5225 = ORIENTED_EDGE('',*,*,#5226,.F.);
#5226 = EDGE_CURVE('',#5227,#4091,#5229,.T.);
#5227 = VERTEX_POINT('',#5228);
#5228 = CARTESIAN_POINT('',(-1.7,1.2,0.));
#5229 = LINE('',#5230,#5231);
#5230 = CARTESIAN_POINT('',(-1.7,1.2,0.));
#5231 = VECTOR('',#5232,1.);
#5232 = DIRECTION('',(0.,0.,1.));
#5233 = ORIENTED_EDGE('',*,*,#5234,.F.);
#5234 = EDGE_CURVE('',#5151,#5227,#5235,.T.);
#5235 = LINE('',#5236,#5237);
#5236 = CARTESIAN_POINT('',(-2.7,1.2,0.));
#5237 = VECTOR('',#5238,1.);
#5238 = DIRECTION('',(1.,0.,0.));
#5239 = PLANE('',#5240);
#5240 = AXIS2_PLACEMENT_3D('',#5241,#5242,#5243);
#5241 = CARTESIAN_POINT('',(-2.7,1.2,0.));
#5242 = DIRECTION('',(0.,1.,0.));
#5243 = DIRECTION('',(1.,0.,0.));
#5244 = ADVANCED_FACE('',(#5245),#5347,.F.);
#5245 = FACE_BOUND('',#5246,.F.);
#5246 = EDGE_LOOP('',(#5247,#5257,#5266,#5274,#5280,#5281,#5290,#5298,
    #5305,#5306,#5307,#5316,#5324,#5331,#5332,#5340));
#5247 = ORIENTED_EDGE('',*,*,#5248,.F.);
#5248 = EDGE_CURVE('',#5249,#5251,#5253,.T.);
#5249 = VERTEX_POINT('',#5250);
#5250 = CARTESIAN_POINT('',(-2.7,0.5,9.75E-02));
#5251 = VERTEX_POINT('',#5252);
#5252 = CARTESIAN_POINT('',(-2.7,0.5,0.9025));
#5253 = LINE('',#5254,#5255);
#5254 = CARTESIAN_POINT('',(-2.7,0.5,0.));
#5255 = VECTOR('',#5256,1.);
#5256 = DIRECTION('',(0.,0.,1.));
#5257 = ORIENTED_EDGE('',*,*,#5258,.T.);
#5258 = EDGE_CURVE('',#5249,#5259,#5261,.T.);
#5259 = VERTEX_POINT('',#5260);
#5260 = CARTESIAN_POINT('',(-2.6025,0.5,-2.775557561563E-17));
#5261 = CIRCLE('',#5262,9.75E-02);
#5262 = AXIS2_PLACEMENT_3D('',#5263,#5264,#5265);
#5263 = CARTESIAN_POINT('',(-2.6025,0.5,9.75E-02));
#5264 = DIRECTION('',(0.,-1.,0.));
#5265 = DIRECTION('',(0.,0.,-1.));
#5266 = ORIENTED_EDGE('',*,*,#5267,.F.);
#5267 = EDGE_CURVE('',#5268,#5259,#5270,.T.);
#5268 = VERTEX_POINT('',#5269);
#5269 = CARTESIAN_POINT('',(-1.7,0.5,0.));
#5270 = LINE('',#5271,#5272);
#5271 = CARTESIAN_POINT('',(-1.7,0.5,0.));
#5272 = VECTOR('',#5273,1.);
#5273 = DIRECTION('',(-1.,0.,0.));
#5274 = ORIENTED_EDGE('',*,*,#5275,.T.);
#5275 = EDGE_CURVE('',#5268,#4117,#5276,.T.);
#5276 = LINE('',#5277,#5278);
#5277 = CARTESIAN_POINT('',(-1.7,0.5,0.));
#5278 = VECTOR('',#5279,1.);
#5279 = DIRECTION('',(0.,0.,1.));
#5280 = ORIENTED_EDGE('',*,*,#4116,.F.);
#5281 = ORIENTED_EDGE('',*,*,#5282,.T.);
#5282 = EDGE_CURVE('',#4109,#5283,#5285,.T.);
#5283 = VERTEX_POINT('',#5284);
#5284 = CARTESIAN_POINT('',(-1.9925,0.5,0.195));
#5285 = CIRCLE('',#5286,9.75E-02);
#5286 = AXIS2_PLACEMENT_3D('',#5287,#5288,#5289);
#5287 = CARTESIAN_POINT('',(-1.9925,0.5,0.2925));
#5288 = DIRECTION('',(0.,1.,0.));
#5289 = DIRECTION('',(-6.906640467053E-32,0.,-1.));
#5290 = ORIENTED_EDGE('',*,*,#5291,.T.);
#5291 = EDGE_CURVE('',#5283,#5292,#5294,.T.);
#5292 = VERTEX_POINT('',#5293);
#5293 = CARTESIAN_POINT('',(-2.4075,0.5,0.195));
#5294 = LINE('',#5295,#5296);
#5295 = CARTESIAN_POINT('',(-1.95,0.5,0.195));
#5296 = VECTOR('',#5297,1.);
#5297 = DIRECTION('',(-1.,0.,6.906640467053E-32));
#5298 = ORIENTED_EDGE('',*,*,#5299,.F.);
#5299 = EDGE_CURVE('',#3958,#5292,#5300,.T.);
#5300 = CIRCLE('',#5301,9.75E-02);
#5301 = AXIS2_PLACEMENT_3D('',#5302,#5303,#5304);
#5302 = CARTESIAN_POINT('',(-2.4075,0.5,0.2925));
#5303 = DIRECTION('',(0.,-1.,0.));
#5304 = DIRECTION('',(-1.,0.,0.));
#5305 = ORIENTED_EDGE('',*,*,#3957,.F.);
#5306 = ORIENTED_EDGE('',*,*,#3676,.F.);
#5307 = ORIENTED_EDGE('',*,*,#5308,.F.);
#5308 = EDGE_CURVE('',#5309,#3669,#5311,.T.);
#5309 = VERTEX_POINT('',#5310);
#5310 = CARTESIAN_POINT('',(-2.505,0.5,0.2925));
#5311 = CIRCLE('',#5312,9.75E-02);
#5312 = AXIS2_PLACEMENT_3D('',#5313,#5314,#5315);
#5313 = CARTESIAN_POINT('',(-2.4075,0.5,0.2925));
#5314 = DIRECTION('',(0.,-1.,0.));
#5315 = DIRECTION('',(-1.,0.,0.));
#5316 = ORIENTED_EDGE('',*,*,#5317,.T.);
#5317 = EDGE_CURVE('',#5309,#5318,#5320,.T.);
#5318 = VERTEX_POINT('',#5319);
#5319 = CARTESIAN_POINT('',(-2.505,0.5,0.7075));
#5320 = LINE('',#5321,#5322);
#5321 = CARTESIAN_POINT('',(-2.505,0.5,9.75E-02));
#5322 = VECTOR('',#5323,1.);
#5323 = DIRECTION('',(0.,0.,1.));
#5324 = ORIENTED_EDGE('',*,*,#5325,.F.);
#5325 = EDGE_CURVE('',#3777,#5318,#5326,.T.);
#5326 = CIRCLE('',#5327,9.75E-02);
#5327 = AXIS2_PLACEMENT_3D('',#5328,#5329,#5330);
#5328 = CARTESIAN_POINT('',(-2.4075,0.5,0.7075));
#5329 = DIRECTION('',(0.,-1.,0.));
#5330 = DIRECTION('',(-1.,0.,0.));
#5331 = ORIENTED_EDGE('',*,*,#3776,.F.);
#5332 = ORIENTED_EDGE('',*,*,#5333,.T.);
#5333 = EDGE_CURVE('',#3767,#5334,#5336,.T.);
#5334 = VERTEX_POINT('',#5335);
#5335 = CARTESIAN_POINT('',(-2.6025,0.5,1.));
#5336 = LINE('',#5337,#5338);
#5337 = CARTESIAN_POINT('',(-1.7,0.5,1.));
#5338 = VECTOR('',#5339,1.);
#5339 = DIRECTION('',(-1.,0.,0.));
#5340 = ORIENTED_EDGE('',*,*,#5341,.F.);
#5341 = EDGE_CURVE('',#5251,#5334,#5342,.T.);
#5342 = CIRCLE('',#5343,9.75E-02);
#5343 = AXIS2_PLACEMENT_3D('',#5344,#5345,#5346);
#5344 = CARTESIAN_POINT('',(-2.6025,0.5,0.9025));
#5345 = DIRECTION('',(0.,1.,0.));
#5346 = DIRECTION('',(0.,0.,-1.));
#5347 = PLANE('',#5348);
#5348 = AXIS2_PLACEMENT_3D('',#5349,#5350,#5351);
#5349 = CARTESIAN_POINT('',(-1.7,0.5,0.));
#5350 = DIRECTION('',(0.,-1.,0.));
#5351 = DIRECTION('',(-1.,0.,0.));
#5352 = ADVANCED_FACE('',(#5353),#5372,.F.);
#5353 = FACE_BOUND('',#5354,.F.);
#5354 = EDGE_LOOP('',(#5355,#5363,#5364,#5365));
#5355 = ORIENTED_EDGE('',*,*,#5356,.F.);
#5356 = EDGE_CURVE('',#5309,#5357,#5359,.T.);
#5357 = VERTEX_POINT('',#5358);
#5358 = CARTESIAN_POINT('',(-2.505,-0.5,0.2925));
#5359 = LINE('',#5360,#5361);
#5360 = CARTESIAN_POINT('',(-2.505,0.695,0.2925));
#5361 = VECTOR('',#5362,1.);
#5362 = DIRECTION('',(0.,-1.,0.));
#5363 = ORIENTED_EDGE('',*,*,#5308,.T.);
#5364 = ORIENTED_EDGE('',*,*,#3668,.T.);
#5365 = ORIENTED_EDGE('',*,*,#5366,.F.);
#5366 = EDGE_CURVE('',#5357,#3661,#5367,.T.);
#5367 = CIRCLE('',#5368,9.75E-02);
#5368 = AXIS2_PLACEMENT_3D('',#5369,#5370,#5371);
#5369 = CARTESIAN_POINT('',(-2.4075,-0.5,0.2925));
#5370 = DIRECTION('',(0.,-1.,0.));
#5371 = DIRECTION('',(-1.,0.,0.));
#5372 = CYLINDRICAL_SURFACE('',#5373,9.75E-02);
#5373 = AXIS2_PLACEMENT_3D('',#5374,#5375,#5376);
#5374 = CARTESIAN_POINT('',(-2.4075,0.695,0.2925));
#5375 = DIRECTION('',(0.,-1.,0.));
#5376 = DIRECTION('',(-1.,0.,0.));
#5377 = ADVANCED_FACE('',(#5378),#5472,.F.);
#5378 = FACE_BOUND('',#5379,.F.);
#5379 = EDGE_LOOP('',(#5380,#5391,#5399,#5408,#5414,#5415,#5424,#5430,
    #5431,#5432,#5433,#5442,#5450,#5457,#5458,#5466));
#5380 = ORIENTED_EDGE('',*,*,#5381,.F.);
#5381 = EDGE_CURVE('',#5382,#5384,#5386,.T.);
#5382 = VERTEX_POINT('',#5383);
#5383 = CARTESIAN_POINT('',(-2.7,-0.5,9.75E-02));
#5384 = VERTEX_POINT('',#5385);
#5385 = CARTESIAN_POINT('',(-2.6025,-0.5,-2.775557561563E-17));
#5386 = CIRCLE('',#5387,9.75E-02);
#5387 = AXIS2_PLACEMENT_3D('',#5388,#5389,#5390);
#5388 = CARTESIAN_POINT('',(-2.6025,-0.5,9.75E-02));
#5389 = DIRECTION('',(0.,-1.,0.));
#5390 = DIRECTION('',(0.,0.,-1.));
#5391 = ORIENTED_EDGE('',*,*,#5392,.T.);
#5392 = EDGE_CURVE('',#5382,#5393,#5395,.T.);
#5393 = VERTEX_POINT('',#5394);
#5394 = CARTESIAN_POINT('',(-2.7,-0.5,0.9025));
#5395 = LINE('',#5396,#5397);
#5396 = CARTESIAN_POINT('',(-2.7,-0.5,0.));
#5397 = VECTOR('',#5398,1.);
#5398 = DIRECTION('',(0.,0.,1.));
#5399 = ORIENTED_EDGE('',*,*,#5400,.T.);
#5400 = EDGE_CURVE('',#5393,#5401,#5403,.T.);
#5401 = VERTEX_POINT('',#5402);
#5402 = CARTESIAN_POINT('',(-2.6025,-0.5,1.));
#5403 = CIRCLE('',#5404,9.75E-02);
#5404 = AXIS2_PLACEMENT_3D('',#5405,#5406,#5407);
#5405 = CARTESIAN_POINT('',(-2.6025,-0.5,0.9025));
#5406 = DIRECTION('',(0.,1.,0.));
#5407 = DIRECTION('',(0.,0.,-1.));
#5408 = ORIENTED_EDGE('',*,*,#5409,.T.);
#5409 = EDGE_CURVE('',#5401,#3769,#5410,.T.);
#5410 = LINE('',#5411,#5412);
#5411 = CARTESIAN_POINT('',(-2.7,-0.5,1.));
#5412 = VECTOR('',#5413,1.);
#5413 = DIRECTION('',(1.,0.,0.));
#5414 = ORIENTED_EDGE('',*,*,#3792,.F.);
#5415 = ORIENTED_EDGE('',*,*,#5416,.T.);
#5416 = EDGE_CURVE('',#3785,#5417,#5419,.T.);
#5417 = VERTEX_POINT('',#5418);
#5418 = CARTESIAN_POINT('',(-2.505,-0.5,0.7075));
#5419 = CIRCLE('',#5420,9.75E-02);
#5420 = AXIS2_PLACEMENT_3D('',#5421,#5422,#5423);
#5421 = CARTESIAN_POINT('',(-2.4075,-0.5,0.7075));
#5422 = DIRECTION('',(0.,-1.,0.));
#5423 = DIRECTION('',(-1.,0.,0.));
#5424 = ORIENTED_EDGE('',*,*,#5425,.T.);
#5425 = EDGE_CURVE('',#5417,#5357,#5426,.T.);
#5426 = LINE('',#5427,#5428);
#5427 = CARTESIAN_POINT('',(-2.505,-0.5,9.75E-02));
#5428 = VECTOR('',#5429,1.);
#5429 = DIRECTION('',(0.,0.,-1.));
#5430 = ORIENTED_EDGE('',*,*,#5366,.T.);
#5431 = ORIENTED_EDGE('',*,*,#3660,.F.);
#5432 = ORIENTED_EDGE('',*,*,#3973,.F.);
#5433 = ORIENTED_EDGE('',*,*,#5434,.T.);
#5434 = EDGE_CURVE('',#3966,#5435,#5437,.T.);
#5435 = VERTEX_POINT('',#5436);
#5436 = CARTESIAN_POINT('',(-2.4075,-0.5,0.195));
#5437 = CIRCLE('',#5438,9.75E-02);
#5438 = AXIS2_PLACEMENT_3D('',#5439,#5440,#5441);
#5439 = CARTESIAN_POINT('',(-2.4075,-0.5,0.2925));
#5440 = DIRECTION('',(0.,-1.,0.));
#5441 = DIRECTION('',(-1.,0.,0.));
#5442 = ORIENTED_EDGE('',*,*,#5443,.T.);
#5443 = EDGE_CURVE('',#5435,#5444,#5446,.T.);
#5444 = VERTEX_POINT('',#5445);
#5445 = CARTESIAN_POINT('',(-1.9925,-0.5,0.195));
#5446 = LINE('',#5447,#5448);
#5447 = CARTESIAN_POINT('',(-2.45,-0.5,0.195));
#5448 = VECTOR('',#5449,1.);
#5449 = DIRECTION('',(1.,0.,-6.906640467053E-32));
#5450 = ORIENTED_EDGE('',*,*,#5451,.F.);
#5451 = EDGE_CURVE('',#4107,#5444,#5452,.T.);
#5452 = CIRCLE('',#5453,9.75E-02);
#5453 = AXIS2_PLACEMENT_3D('',#5454,#5455,#5456);
#5454 = CARTESIAN_POINT('',(-1.9925,-0.5,0.2925));
#5455 = DIRECTION('',(0.,1.,0.));
#5456 = DIRECTION('',(-6.906640467053E-32,0.,-1.));
#5457 = ORIENTED_EDGE('',*,*,#4132,.F.);
#5458 = ORIENTED_EDGE('',*,*,#5459,.F.);
#5459 = EDGE_CURVE('',#5460,#4125,#5462,.T.);
#5460 = VERTEX_POINT('',#5461);
#5461 = CARTESIAN_POINT('',(-1.7,-0.5,0.));
#5462 = LINE('',#5463,#5464);
#5463 = CARTESIAN_POINT('',(-1.7,-0.5,0.));
#5464 = VECTOR('',#5465,1.);
#5465 = DIRECTION('',(0.,0.,1.));
#5466 = ORIENTED_EDGE('',*,*,#5467,.F.);
#5467 = EDGE_CURVE('',#5384,#5460,#5468,.T.);
#5468 = LINE('',#5469,#5470);
#5469 = CARTESIAN_POINT('',(-2.7,-0.5,0.));
#5470 = VECTOR('',#5471,1.);
#5471 = DIRECTION('',(1.,0.,0.));
#5472 = PLANE('',#5473);
#5473 = AXIS2_PLACEMENT_3D('',#5474,#5475,#5476);
#5474 = CARTESIAN_POINT('',(-2.7,-0.5,0.));
#5475 = DIRECTION('',(0.,1.,0.));
#5476 = DIRECTION('',(1.,0.,0.));
#5477 = ADVANCED_FACE('',(#5478),#5580,.F.);
#5478 = FACE_BOUND('',#5479,.F.);
#5479 = EDGE_LOOP('',(#5480,#5490,#5499,#5507,#5513,#5514,#5523,#5531,
    #5538,#5539,#5540,#5549,#5557,#5564,#5565,#5573));
#5480 = ORIENTED_EDGE('',*,*,#5481,.F.);
#5481 = EDGE_CURVE('',#5482,#5484,#5486,.T.);
#5482 = VERTEX_POINT('',#5483);
#5483 = CARTESIAN_POINT('',(-2.7,-1.2,9.75E-02));
#5484 = VERTEX_POINT('',#5485);
#5485 = CARTESIAN_POINT('',(-2.7,-1.2,0.9025));
#5486 = LINE('',#5487,#5488);
#5487 = CARTESIAN_POINT('',(-2.7,-1.2,0.));
#5488 = VECTOR('',#5489,1.);
#5489 = DIRECTION('',(0.,0.,1.));
#5490 = ORIENTED_EDGE('',*,*,#5491,.T.);
#5491 = EDGE_CURVE('',#5482,#5492,#5494,.T.);
#5492 = VERTEX_POINT('',#5493);
#5493 = CARTESIAN_POINT('',(-2.6025,-1.2,-2.775557561563E-17));
#5494 = CIRCLE('',#5495,9.75E-02);
#5495 = AXIS2_PLACEMENT_3D('',#5496,#5497,#5498);
#5496 = CARTESIAN_POINT('',(-2.6025,-1.2,9.75E-02));
#5497 = DIRECTION('',(0.,-1.,0.));
#5498 = DIRECTION('',(0.,0.,-1.));
#5499 = ORIENTED_EDGE('',*,*,#5500,.F.);
#5500 = EDGE_CURVE('',#5501,#5492,#5503,.T.);
#5501 = VERTEX_POINT('',#5502);
#5502 = CARTESIAN_POINT('',(-1.7,-1.2,0.));
#5503 = LINE('',#5504,#5505);
#5504 = CARTESIAN_POINT('',(-1.7,-1.2,0.));
#5505 = VECTOR('',#5506,1.);
#5506 = DIRECTION('',(-1.,0.,0.));
#5507 = ORIENTED_EDGE('',*,*,#5508,.T.);
#5508 = EDGE_CURVE('',#5501,#4039,#5509,.T.);
#5509 = LINE('',#5510,#5511);
#5510 = CARTESIAN_POINT('',(-1.7,-1.2,0.));
#5511 = VECTOR('',#5512,1.);
#5512 = DIRECTION('',(0.,0.,1.));
#5513 = ORIENTED_EDGE('',*,*,#4064,.F.);
#5514 = ORIENTED_EDGE('',*,*,#5515,.T.);
#5515 = EDGE_CURVE('',#4057,#5516,#5518,.T.);
#5516 = VERTEX_POINT('',#5517);
#5517 = CARTESIAN_POINT('',(-1.9925,-1.2,0.195));
#5518 = CIRCLE('',#5519,9.75E-02);
#5519 = AXIS2_PLACEMENT_3D('',#5520,#5521,#5522);
#5520 = CARTESIAN_POINT('',(-1.9925,-1.2,0.2925));
#5521 = DIRECTION('',(0.,1.,0.));
#5522 = DIRECTION('',(-6.906640467053E-32,0.,-1.));
#5523 = ORIENTED_EDGE('',*,*,#5524,.T.);
#5524 = EDGE_CURVE('',#5516,#5525,#5527,.T.);
#5525 = VERTEX_POINT('',#5526);
#5526 = CARTESIAN_POINT('',(-2.4075,-1.2,0.195));
#5527 = LINE('',#5528,#5529);
#5528 = CARTESIAN_POINT('',(-1.95,-1.2,0.195));
#5529 = VECTOR('',#5530,1.);
#5530 = DIRECTION('',(-1.,0.,6.906640467053E-32));
#5531 = ORIENTED_EDGE('',*,*,#5532,.F.);
#5532 = EDGE_CURVE('',#3981,#5525,#5533,.T.);
#5533 = CIRCLE('',#5534,9.75E-02);
#5534 = AXIS2_PLACEMENT_3D('',#5535,#5536,#5537);
#5535 = CARTESIAN_POINT('',(-2.4075,-1.2,0.2925));
#5536 = DIRECTION('',(0.,-1.,0.));
#5537 = DIRECTION('',(-1.,0.,0.));
#5538 = ORIENTED_EDGE('',*,*,#3980,.F.);
#5539 = ORIENTED_EDGE('',*,*,#3644,.F.);
#5540 = ORIENTED_EDGE('',*,*,#5541,.F.);
#5541 = EDGE_CURVE('',#5542,#3637,#5544,.T.);
#5542 = VERTEX_POINT('',#5543);
#5543 = CARTESIAN_POINT('',(-2.505,-1.2,0.2925));
#5544 = CIRCLE('',#5545,9.75E-02);
#5545 = AXIS2_PLACEMENT_3D('',#5546,#5547,#5548);
#5546 = CARTESIAN_POINT('',(-2.4075,-1.2,0.2925));
#5547 = DIRECTION('',(0.,-1.,0.));
#5548 = DIRECTION('',(-1.,0.,0.));
#5549 = ORIENTED_EDGE('',*,*,#5550,.T.);
#5550 = EDGE_CURVE('',#5542,#5551,#5553,.T.);
#5551 = VERTEX_POINT('',#5552);
#5552 = CARTESIAN_POINT('',(-2.505,-1.2,0.7075));
#5553 = LINE('',#5554,#5555);
#5554 = CARTESIAN_POINT('',(-2.505,-1.2,9.75E-02));
#5555 = VECTOR('',#5556,1.);
#5556 = DIRECTION('',(0.,0.,1.));
#5557 = ORIENTED_EDGE('',*,*,#5558,.F.);
#5558 = EDGE_CURVE('',#3803,#5551,#5559,.T.);
#5559 = CIRCLE('',#5560,9.75E-02);
#5560 = AXIS2_PLACEMENT_3D('',#5561,#5562,#5563);
#5561 = CARTESIAN_POINT('',(-2.4075,-1.2,0.7075));
#5562 = DIRECTION('',(0.,-1.,0.));
#5563 = DIRECTION('',(-1.,0.,0.));
#5564 = ORIENTED_EDGE('',*,*,#3800,.F.);
#5565 = ORIENTED_EDGE('',*,*,#5566,.T.);
#5566 = EDGE_CURVE('',#3801,#5567,#5569,.T.);
#5567 = VERTEX_POINT('',#5568);
#5568 = CARTESIAN_POINT('',(-2.6025,-1.2,1.));
#5569 = LINE('',#5570,#5571);
#5570 = CARTESIAN_POINT('',(-1.7,-1.2,1.));
#5571 = VECTOR('',#5572,1.);
#5572 = DIRECTION('',(-1.,0.,0.));
#5573 = ORIENTED_EDGE('',*,*,#5574,.F.);
#5574 = EDGE_CURVE('',#5484,#5567,#5575,.T.);
#5575 = CIRCLE('',#5576,9.75E-02);
#5576 = AXIS2_PLACEMENT_3D('',#5577,#5578,#5579);
#5577 = CARTESIAN_POINT('',(-2.6025,-1.2,0.9025));
#5578 = DIRECTION('',(0.,1.,0.));
#5579 = DIRECTION('',(0.,0.,-1.));
#5580 = PLANE('',#5581);
#5581 = AXIS2_PLACEMENT_3D('',#5582,#5583,#5584);
#5582 = CARTESIAN_POINT('',(-1.7,-1.2,0.));
#5583 = DIRECTION('',(0.,-1.,0.));
#5584 = DIRECTION('',(-1.,0.,0.));
#5585 = ADVANCED_FACE('',(#5586),#5605,.F.);
#5586 = FACE_BOUND('',#5587,.F.);
#5587 = EDGE_LOOP('',(#5588,#5596,#5597,#5598));
#5588 = ORIENTED_EDGE('',*,*,#5589,.F.);
#5589 = EDGE_CURVE('',#5542,#5590,#5592,.T.);
#5590 = VERTEX_POINT('',#5591);
#5591 = CARTESIAN_POINT('',(-2.505,-2.2,0.2925));
#5592 = LINE('',#5593,#5594);
#5593 = CARTESIAN_POINT('',(-2.505,-1.005,0.2925));
#5594 = VECTOR('',#5595,1.);
#5595 = DIRECTION('',(0.,-1.,0.));
#5596 = ORIENTED_EDGE('',*,*,#5541,.T.);
#5597 = ORIENTED_EDGE('',*,*,#3636,.T.);
#5598 = ORIENTED_EDGE('',*,*,#5599,.F.);
#5599 = EDGE_CURVE('',#5590,#3629,#5600,.T.);
#5600 = CIRCLE('',#5601,9.75E-02);
#5601 = AXIS2_PLACEMENT_3D('',#5602,#5603,#5604);
#5602 = CARTESIAN_POINT('',(-2.4075,-2.2,0.2925));
#5603 = DIRECTION('',(0.,-1.,0.));
#5604 = DIRECTION('',(-1.,0.,0.));
#5605 = CYLINDRICAL_SURFACE('',#5606,9.75E-02);
#5606 = AXIS2_PLACEMENT_3D('',#5607,#5608,#5609);
#5607 = CARTESIAN_POINT('',(-2.4075,-1.005,0.2925));
#5608 = DIRECTION('',(0.,-1.,0.));
#5609 = DIRECTION('',(-1.,0.,0.));
#5610 = ADVANCED_FACE('',(#5611),#5705,.F.);
#5611 = FACE_BOUND('',#5612,.F.);
#5612 = EDGE_LOOP('',(#5613,#5624,#5632,#5641,#5647,#5648,#5657,#5663,
    #5664,#5665,#5666,#5675,#5683,#5690,#5691,#5699));
#5613 = ORIENTED_EDGE('',*,*,#5614,.F.);
#5614 = EDGE_CURVE('',#5615,#5617,#5619,.T.);
#5615 = VERTEX_POINT('',#5616);
#5616 = CARTESIAN_POINT('',(-2.7,-2.2,9.75E-02));
#5617 = VERTEX_POINT('',#5618);
#5618 = CARTESIAN_POINT('',(-2.6025,-2.2,-2.775557561563E-17));
#5619 = CIRCLE('',#5620,9.75E-02);
#5620 = AXIS2_PLACEMENT_3D('',#5621,#5622,#5623);
#5621 = CARTESIAN_POINT('',(-2.6025,-2.2,9.75E-02));
#5622 = DIRECTION('',(0.,-1.,0.));
#5623 = DIRECTION('',(0.,0.,-1.));
#5624 = ORIENTED_EDGE('',*,*,#5625,.T.);
#5625 = EDGE_CURVE('',#5615,#5626,#5628,.T.);
#5626 = VERTEX_POINT('',#5627);
#5627 = CARTESIAN_POINT('',(-2.7,-2.2,0.9025));
#5628 = LINE('',#5629,#5630);
#5629 = CARTESIAN_POINT('',(-2.7,-2.2,0.));
#5630 = VECTOR('',#5631,1.);
#5631 = DIRECTION('',(0.,0.,1.));
#5632 = ORIENTED_EDGE('',*,*,#5633,.T.);
#5633 = EDGE_CURVE('',#5626,#5634,#5636,.T.);
#5634 = VERTEX_POINT('',#5635);
#5635 = CARTESIAN_POINT('',(-2.6025,-2.2,1.));
#5636 = CIRCLE('',#5637,9.75E-02);
#5637 = AXIS2_PLACEMENT_3D('',#5638,#5639,#5640);
#5638 = CARTESIAN_POINT('',(-2.6025,-2.2,0.9025));
#5639 = DIRECTION('',(0.,1.,0.));
#5640 = DIRECTION('',(0.,0.,-1.));
#5641 = ORIENTED_EDGE('',*,*,#5642,.T.);
#5642 = EDGE_CURVE('',#5634,#3819,#5643,.T.);
#5643 = LINE('',#5644,#5645);
#5644 = CARTESIAN_POINT('',(-2.7,-2.2,1.));
#5645 = VECTOR('',#5646,1.);
#5646 = DIRECTION('',(1.,0.,0.));
#5647 = ORIENTED_EDGE('',*,*,#3818,.F.);
#5648 = ORIENTED_EDGE('',*,*,#5649,.T.);
#5649 = EDGE_CURVE('',#3811,#5650,#5652,.T.);
#5650 = VERTEX_POINT('',#5651);
#5651 = CARTESIAN_POINT('',(-2.505,-2.2,0.7075));
#5652 = CIRCLE('',#5653,9.75E-02);
#5653 = AXIS2_PLACEMENT_3D('',#5654,#5655,#5656);
#5654 = CARTESIAN_POINT('',(-2.4075,-2.2,0.7075));
#5655 = DIRECTION('',(0.,-1.,0.));
#5656 = DIRECTION('',(-1.,0.,0.));
#5657 = ORIENTED_EDGE('',*,*,#5658,.T.);
#5658 = EDGE_CURVE('',#5650,#5590,#5659,.T.);
#5659 = LINE('',#5660,#5661);
#5660 = CARTESIAN_POINT('',(-2.505,-2.2,9.75E-02));
#5661 = VECTOR('',#5662,1.);
#5662 = DIRECTION('',(0.,0.,-1.));
#5663 = ORIENTED_EDGE('',*,*,#5599,.T.);
#5664 = ORIENTED_EDGE('',*,*,#3628,.F.);
#5665 = ORIENTED_EDGE('',*,*,#3996,.F.);
#5666 = ORIENTED_EDGE('',*,*,#5667,.T.);
#5667 = EDGE_CURVE('',#3989,#5668,#5670,.T.);
#5668 = VERTEX_POINT('',#5669);
#5669 = CARTESIAN_POINT('',(-2.4075,-2.2,0.195));
#5670 = CIRCLE('',#5671,9.75E-02);
#5671 = AXIS2_PLACEMENT_3D('',#5672,#5673,#5674);
#5672 = CARTESIAN_POINT('',(-2.4075,-2.2,0.2925));
#5673 = DIRECTION('',(0.,-1.,0.));
#5674 = DIRECTION('',(-1.,0.,0.));
#5675 = ORIENTED_EDGE('',*,*,#5676,.T.);
#5676 = EDGE_CURVE('',#5668,#5677,#5679,.T.);
#5677 = VERTEX_POINT('',#5678);
#5678 = CARTESIAN_POINT('',(-1.9925,-2.2,0.195));
#5679 = LINE('',#5680,#5681);
#5680 = CARTESIAN_POINT('',(-2.45,-2.2,0.195));
#5681 = VECTOR('',#5682,1.);
#5682 = DIRECTION('',(1.,0.,-6.906640467053E-32));
#5683 = ORIENTED_EDGE('',*,*,#5684,.F.);
#5684 = EDGE_CURVE('',#4049,#5677,#5685,.T.);
#5685 = CIRCLE('',#5686,9.75E-02);
#5686 = AXIS2_PLACEMENT_3D('',#5687,#5688,#5689);
#5687 = CARTESIAN_POINT('',(-1.9925,-2.2,0.2925));
#5688 = DIRECTION('',(0.,1.,0.));
#5689 = DIRECTION('',(-6.906640467053E-32,0.,-1.));
#5690 = ORIENTED_EDGE('',*,*,#4048,.F.);
#5691 = ORIENTED_EDGE('',*,*,#5692,.F.);
#5692 = EDGE_CURVE('',#5693,#4041,#5695,.T.);
#5693 = VERTEX_POINT('',#5694);
#5694 = CARTESIAN_POINT('',(-1.7,-2.2,0.));
#5695 = LINE('',#5696,#5697);
#5696 = CARTESIAN_POINT('',(-1.7,-2.2,0.));
#5697 = VECTOR('',#5698,1.);
#5698 = DIRECTION('',(0.,0.,1.));
#5699 = ORIENTED_EDGE('',*,*,#5700,.F.);
#5700 = EDGE_CURVE('',#5617,#5693,#5701,.T.);
#5701 = LINE('',#5702,#5703);
#5702 = CARTESIAN_POINT('',(-2.7,-2.2,0.));
#5703 = VECTOR('',#5704,1.);
#5704 = DIRECTION('',(1.,0.,0.));
#5705 = PLANE('',#5706);
#5706 = AXIS2_PLACEMENT_3D('',#5707,#5708,#5709);
#5707 = CARTESIAN_POINT('',(-2.7,-2.2,0.));
#5708 = DIRECTION('',(0.,1.,0.));
#5709 = DIRECTION('',(1.,0.,0.));
#5710 = ADVANCED_FACE('',(#5711),#5722,.T.);
#5711 = FACE_BOUND('',#5712,.T.);
#5712 = EDGE_LOOP('',(#5713,#5719,#5720,#5721));
#5713 = ORIENTED_EDGE('',*,*,#5714,.T.);
#5714 = EDGE_CURVE('',#5101,#5168,#5715,.T.);
#5715 = LINE('',#5716,#5717);
#5716 = CARTESIAN_POINT('',(-2.6025,2.2,1.));
#5717 = VECTOR('',#5718,1.);
#5718 = DIRECTION('',(0.,-1.,0.));
#5719 = ORIENTED_EDGE('',*,*,#5176,.T.);
#5720 = ORIENTED_EDGE('',*,*,#3732,.F.);
#5721 = ORIENTED_EDGE('',*,*,#5100,.T.);
#5722 = PLANE('',#5723);
#5723 = AXIS2_PLACEMENT_3D('',#5724,#5725,#5726);
#5724 = CARTESIAN_POINT('',(-2.2,1.7,1.));
#5725 = DIRECTION('',(0.,0.,1.));
#5726 = DIRECTION('',(1.,0.,-0.));
#5727 = ADVANCED_FACE('',(#5728),#5739,.F.);
#5728 = FACE_BOUND('',#5729,.F.);
#5729 = EDGE_LOOP('',(#5730,#5736,#5737,#5738));
#5730 = ORIENTED_EDGE('',*,*,#5731,.T.);
#5731 = EDGE_CURVE('',#5085,#5184,#5732,.T.);
#5732 = LINE('',#5733,#5734);
#5733 = CARTESIAN_POINT('',(-2.505,2.395,0.7075));
#5734 = VECTOR('',#5735,1.);
#5735 = DIRECTION('',(0.,-1.,0.));
#5736 = ORIENTED_EDGE('',*,*,#5183,.F.);
#5737 = ORIENTED_EDGE('',*,*,#3750,.F.);
#5738 = ORIENTED_EDGE('',*,*,#5092,.T.);
#5739 = CYLINDRICAL_SURFACE('',#5740,9.75E-02);
#5740 = AXIS2_PLACEMENT_3D('',#5741,#5742,#5743);
#5741 = CARTESIAN_POINT('',(-2.4075,2.395,0.7075));
#5742 = DIRECTION('',(0.,-1.,0.));
#5743 = DIRECTION('',(-1.,0.,0.));
#5744 = ADVANCED_FACE('',(#5745),#5756,.T.);
#5745 = FACE_BOUND('',#5746,.T.);
#5746 = EDGE_LOOP('',(#5747,#5753,#5754,#5755));
#5747 = ORIENTED_EDGE('',*,*,#5748,.T.);
#5748 = EDGE_CURVE('',#5334,#5401,#5749,.T.);
#5749 = LINE('',#5750,#5751);
#5750 = CARTESIAN_POINT('',(-2.6025,0.5,1.));
#5751 = VECTOR('',#5752,1.);
#5752 = DIRECTION('',(0.,-1.,0.));
#5753 = ORIENTED_EDGE('',*,*,#5409,.T.);
#5754 = ORIENTED_EDGE('',*,*,#3766,.F.);
#5755 = ORIENTED_EDGE('',*,*,#5333,.T.);
#5756 = PLANE('',#5757);
#5757 = AXIS2_PLACEMENT_3D('',#5758,#5759,#5760);
#5758 = CARTESIAN_POINT('',(-2.2,0.,1.));
#5759 = DIRECTION('',(0.,0.,1.));
#5760 = DIRECTION('',(1.,0.,-0.));
#5761 = ADVANCED_FACE('',(#5762),#5773,.F.);
#5762 = FACE_BOUND('',#5763,.F.);
#5763 = EDGE_LOOP('',(#5764,#5770,#5771,#5772));
#5764 = ORIENTED_EDGE('',*,*,#5765,.T.);
#5765 = EDGE_CURVE('',#5318,#5417,#5766,.T.);
#5766 = LINE('',#5767,#5768);
#5767 = CARTESIAN_POINT('',(-2.505,0.695,0.7075));
#5768 = VECTOR('',#5769,1.);
#5769 = DIRECTION('',(0.,-1.,0.));
#5770 = ORIENTED_EDGE('',*,*,#5416,.F.);
#5771 = ORIENTED_EDGE('',*,*,#3784,.F.);
#5772 = ORIENTED_EDGE('',*,*,#5325,.T.);
#5773 = CYLINDRICAL_SURFACE('',#5774,9.75E-02);
#5774 = AXIS2_PLACEMENT_3D('',#5775,#5776,#5777);
#5775 = CARTESIAN_POINT('',(-2.4075,0.695,0.7075));
#5776 = DIRECTION('',(0.,-1.,0.));
#5777 = DIRECTION('',(-1.,0.,0.));
#5778 = ADVANCED_FACE('',(#5779),#5790,.T.);
#5779 = FACE_BOUND('',#5780,.T.);
#5780 = EDGE_LOOP('',(#5781,#5787,#5788,#5789));
#5781 = ORIENTED_EDGE('',*,*,#5782,.T.);
#5782 = EDGE_CURVE('',#5567,#5634,#5783,.T.);
#5783 = LINE('',#5784,#5785);
#5784 = CARTESIAN_POINT('',(-2.6025,-1.2,1.));
#5785 = VECTOR('',#5786,1.);
#5786 = DIRECTION('',(0.,-1.,0.));
#5787 = ORIENTED_EDGE('',*,*,#5642,.T.);
#5788 = ORIENTED_EDGE('',*,*,#3826,.F.);
#5789 = ORIENTED_EDGE('',*,*,#5566,.T.);
#5790 = PLANE('',#5791);
#5791 = AXIS2_PLACEMENT_3D('',#5792,#5793,#5794);
#5792 = CARTESIAN_POINT('',(-2.2,-1.7,1.));
#5793 = DIRECTION('',(0.,0.,1.));
#5794 = DIRECTION('',(1.,0.,-0.));
#5795 = ADVANCED_FACE('',(#5796),#5807,.F.);
#5796 = FACE_BOUND('',#5797,.F.);
#5797 = EDGE_LOOP('',(#5798,#5804,#5805,#5806));
#5798 = ORIENTED_EDGE('',*,*,#5799,.T.);
#5799 = EDGE_CURVE('',#5551,#5650,#5800,.T.);
#5800 = LINE('',#5801,#5802);
#5801 = CARTESIAN_POINT('',(-2.505,-1.005,0.7075));
#5802 = VECTOR('',#5803,1.);
#5803 = DIRECTION('',(0.,-1.,0.));
#5804 = ORIENTED_EDGE('',*,*,#5649,.F.);
#5805 = ORIENTED_EDGE('',*,*,#3810,.F.);
#5806 = ORIENTED_EDGE('',*,*,#5558,.T.);
#5807 = CYLINDRICAL_SURFACE('',#5808,9.75E-02);
#5808 = AXIS2_PLACEMENT_3D('',#5809,#5810,#5811);
#5809 = CARTESIAN_POINT('',(-2.4075,-1.005,0.7075));
#5810 = DIRECTION('',(0.,-1.,0.));
#5811 = DIRECTION('',(-1.,0.,0.));
#5812 = ADVANCED_FACE('',(#5813),#5824,.F.);
#5813 = FACE_BOUND('',#5814,.F.);
#5814 = EDGE_LOOP('',(#5815,#5816,#5817,#5823));
#5815 = ORIENTED_EDGE('',*,*,#3988,.F.);
#5816 = ORIENTED_EDGE('',*,*,#5532,.T.);
#5817 = ORIENTED_EDGE('',*,*,#5818,.T.);
#5818 = EDGE_CURVE('',#5525,#5668,#5819,.T.);
#5819 = LINE('',#5820,#5821);
#5820 = CARTESIAN_POINT('',(-2.4075,-1.005,0.195));
#5821 = VECTOR('',#5822,1.);
#5822 = DIRECTION('',(0.,-1.,0.));
#5823 = ORIENTED_EDGE('',*,*,#5667,.F.);
#5824 = CYLINDRICAL_SURFACE('',#5825,9.75E-02);
#5825 = AXIS2_PLACEMENT_3D('',#5826,#5827,#5828);
#5826 = CARTESIAN_POINT('',(-2.4075,-1.005,0.2925));
#5827 = DIRECTION('',(0.,-1.,0.));
#5828 = DIRECTION('',(-1.,0.,0.));
#5829 = ADVANCED_FACE('',(#5830),#5841,.F.);
#5830 = FACE_BOUND('',#5831,.F.);
#5831 = EDGE_LOOP('',(#5832,#5833,#5834,#5840));
#5832 = ORIENTED_EDGE('',*,*,#3965,.F.);
#5833 = ORIENTED_EDGE('',*,*,#5299,.T.);
#5834 = ORIENTED_EDGE('',*,*,#5835,.T.);
#5835 = EDGE_CURVE('',#5292,#5435,#5836,.T.);
#5836 = LINE('',#5837,#5838);
#5837 = CARTESIAN_POINT('',(-2.4075,0.695,0.195));
#5838 = VECTOR('',#5839,1.);
#5839 = DIRECTION('',(0.,-1.,0.));
#5840 = ORIENTED_EDGE('',*,*,#5434,.F.);
#5841 = CYLINDRICAL_SURFACE('',#5842,9.75E-02);
#5842 = AXIS2_PLACEMENT_3D('',#5843,#5844,#5845);
#5843 = CARTESIAN_POINT('',(-2.4075,0.695,0.2925));
#5844 = DIRECTION('',(0.,-1.,0.));
#5845 = DIRECTION('',(-1.,0.,0.));
#5846 = ADVANCED_FACE('',(#5847),#5858,.F.);
#5847 = FACE_BOUND('',#5848,.F.);
#5848 = EDGE_LOOP('',(#5849,#5850,#5851,#5857));
#5849 = ORIENTED_EDGE('',*,*,#3942,.F.);
#5850 = ORIENTED_EDGE('',*,*,#5066,.T.);
#5851 = ORIENTED_EDGE('',*,*,#5852,.T.);
#5852 = EDGE_CURVE('',#5059,#5202,#5853,.T.);
#5853 = LINE('',#5854,#5855);
#5854 = CARTESIAN_POINT('',(-2.4075,2.395,0.195));
#5855 = VECTOR('',#5856,1.);
#5856 = DIRECTION('',(0.,-1.,0.));
#5857 = ORIENTED_EDGE('',*,*,#5201,.F.);
#5858 = CYLINDRICAL_SURFACE('',#5859,9.75E-02);
#5859 = AXIS2_PLACEMENT_3D('',#5860,#5861,#5862);
#5860 = CARTESIAN_POINT('',(-2.4075,2.395,0.2925));
#5861 = DIRECTION('',(0.,-1.,0.));
#5862 = DIRECTION('',(-1.,0.,0.));
#5863 = ADVANCED_FACE('',(#5864),#5875,.F.);
#5864 = FACE_BOUND('',#5865,.F.);
#5865 = EDGE_LOOP('',(#5866,#5867,#5868,#5869));
#5866 = ORIENTED_EDGE('',*,*,#4866,.F.);
#5867 = ORIENTED_EDGE('',*,*,#3917,.F.);
#5868 = ORIENTED_EDGE('',*,*,#4731,.T.);
#5869 = ORIENTED_EDGE('',*,*,#5870,.T.);
#5870 = EDGE_CURVE('',#4724,#4867,#5871,.T.);
#5871 = LINE('',#5872,#5873);
#5872 = CARTESIAN_POINT('',(2.4075,1.005,0.195));
#5873 = VECTOR('',#5874,1.);
#5874 = DIRECTION('',(0.,1.,0.));
#5875 = CYLINDRICAL_SURFACE('',#5876,9.75E-02);
#5876 = AXIS2_PLACEMENT_3D('',#5877,#5878,#5879);
#5877 = CARTESIAN_POINT('',(2.4075,1.005,0.2925));
#5878 = DIRECTION('',(0.,1.,0.));
#5879 = DIRECTION('',(6.906640467053E-32,0.,-1.));
#5880 = ADVANCED_FACE('',(#5881),#5892,.F.);
#5881 = FACE_BOUND('',#5882,.F.);
#5882 = EDGE_LOOP('',(#5883,#5884,#5885,#5886));
#5883 = ORIENTED_EDGE('',*,*,#4633,.F.);
#5884 = ORIENTED_EDGE('',*,*,#3894,.F.);
#5885 = ORIENTED_EDGE('',*,*,#4498,.T.);
#5886 = ORIENTED_EDGE('',*,*,#5887,.T.);
#5887 = EDGE_CURVE('',#4491,#4634,#5888,.T.);
#5888 = LINE('',#5889,#5890);
#5889 = CARTESIAN_POINT('',(2.4075,-0.695,0.195));
#5890 = VECTOR('',#5891,1.);
#5891 = DIRECTION('',(0.,1.,0.));
#5892 = CYLINDRICAL_SURFACE('',#5893,9.75E-02);
#5893 = AXIS2_PLACEMENT_3D('',#5894,#5895,#5896);
#5894 = CARTESIAN_POINT('',(2.4075,-0.695,0.2925));
#5895 = DIRECTION('',(0.,1.,0.));
#5896 = DIRECTION('',(6.906640467053E-32,0.,-1.));
#5897 = ADVANCED_FACE('',(#5898),#5909,.F.);
#5898 = FACE_BOUND('',#5899,.F.);
#5899 = EDGE_LOOP('',(#5900,#5901,#5902,#5903));
#5900 = ORIENTED_EDGE('',*,*,#4400,.F.);
#5901 = ORIENTED_EDGE('',*,*,#3871,.F.);
#5902 = ORIENTED_EDGE('',*,*,#4265,.T.);
#5903 = ORIENTED_EDGE('',*,*,#5904,.T.);
#5904 = EDGE_CURVE('',#4258,#4401,#5905,.T.);
#5905 = LINE('',#5906,#5907);
#5906 = CARTESIAN_POINT('',(2.4075,-2.395,0.195));
#5907 = VECTOR('',#5908,1.);
#5908 = DIRECTION('',(0.,1.,0.));
#5909 = CYLINDRICAL_SURFACE('',#5910,9.75E-02);
#5910 = AXIS2_PLACEMENT_3D('',#5911,#5912,#5913);
#5911 = CARTESIAN_POINT('',(2.4075,-2.395,0.2925));
#5912 = DIRECTION('',(0.,1.,0.));
#5913 = DIRECTION('',(6.906640467053E-32,0.,-1.));
#5914 = ADVANCED_FACE('',(#5915),#5926,.F.);
#5915 = FACE_BOUND('',#5916,.F.);
#5916 = EDGE_LOOP('',(#5917,#5918,#5919,#5925));
#5917 = ORIENTED_EDGE('',*,*,#4004,.F.);
#5918 = ORIENTED_EDGE('',*,*,#4417,.T.);
#5919 = ORIENTED_EDGE('',*,*,#5920,.T.);
#5920 = EDGE_CURVE('',#4410,#4249,#5921,.T.);
#5921 = LINE('',#5922,#5923);
#5922 = CARTESIAN_POINT('',(1.9925,-1.005,0.195));
#5923 = VECTOR('',#5924,1.);
#5924 = DIRECTION('',(0.,-1.,0.));
#5925 = ORIENTED_EDGE('',*,*,#4248,.F.);
#5926 = CYLINDRICAL_SURFACE('',#5927,9.75E-02);
#5927 = AXIS2_PLACEMENT_3D('',#5928,#5929,#5930);
#5928 = CARTESIAN_POINT('',(1.9925,-1.005,0.2925));
#5929 = DIRECTION('',(0.,-1.,0.));
#5930 = DIRECTION('',(-1.,0.,0.));
#5931 = ADVANCED_FACE('',(#5932),#5943,.F.);
#5932 = FACE_BOUND('',#5933,.F.);
#5933 = EDGE_LOOP('',(#5934,#5940,#5941,#5942));
#5934 = ORIENTED_EDGE('',*,*,#5935,.F.);
#5935 = EDGE_CURVE('',#4426,#4234,#5936,.T.);
#5936 = LINE('',#5937,#5938);
#5937 = CARTESIAN_POINT('',(1.7,-1.2,0.));
#5938 = VECTOR('',#5939,1.);
#5939 = DIRECTION('',(0.,-1.,0.));
#5940 = ORIENTED_EDGE('',*,*,#4425,.T.);
#5941 = ORIENTED_EDGE('',*,*,#4022,.F.);
#5942 = ORIENTED_EDGE('',*,*,#4241,.F.);
#5943 = PLANE('',#5944);
#5944 = AXIS2_PLACEMENT_3D('',#5945,#5946,#5947);
#5945 = CARTESIAN_POINT('',(1.7,-1.2,0.));
#5946 = DIRECTION('',(1.,0.,0.));
#5947 = DIRECTION('',(0.,-1.,0.));
#5948 = ADVANCED_FACE('',(#5949),#5960,.F.);
#5949 = FACE_BOUND('',#5950,.F.);
#5950 = EDGE_LOOP('',(#5951,#5957,#5958,#5959));
#5951 = ORIENTED_EDGE('',*,*,#5952,.F.);
#5952 = EDGE_CURVE('',#5693,#5501,#5953,.T.);
#5953 = LINE('',#5954,#5955);
#5954 = CARTESIAN_POINT('',(-1.7,-2.2,0.));
#5955 = VECTOR('',#5956,1.);
#5956 = DIRECTION('',(0.,1.,0.));
#5957 = ORIENTED_EDGE('',*,*,#5692,.T.);
#5958 = ORIENTED_EDGE('',*,*,#4038,.F.);
#5959 = ORIENTED_EDGE('',*,*,#5508,.F.);
#5960 = PLANE('',#5961);
#5961 = AXIS2_PLACEMENT_3D('',#5962,#5963,#5964);
#5962 = CARTESIAN_POINT('',(-1.7,-2.2,0.));
#5963 = DIRECTION('',(-1.,0.,0.));
#5964 = DIRECTION('',(0.,1.,0.));
#5965 = ADVANCED_FACE('',(#5966),#5977,.F.);
#5966 = FACE_BOUND('',#5967,.F.);
#5967 = EDGE_LOOP('',(#5968,#5969,#5970,#5971));
#5968 = ORIENTED_EDGE('',*,*,#5515,.F.);
#5969 = ORIENTED_EDGE('',*,*,#4056,.F.);
#5970 = ORIENTED_EDGE('',*,*,#5684,.T.);
#5971 = ORIENTED_EDGE('',*,*,#5972,.T.);
#5972 = EDGE_CURVE('',#5677,#5516,#5973,.T.);
#5973 = LINE('',#5974,#5975);
#5974 = CARTESIAN_POINT('',(-1.9925,-2.395,0.195));
#5975 = VECTOR('',#5976,1.);
#5976 = DIRECTION('',(0.,1.,0.));
#5977 = CYLINDRICAL_SURFACE('',#5978,9.75E-02);
#5978 = AXIS2_PLACEMENT_3D('',#5979,#5980,#5981);
#5979 = CARTESIAN_POINT('',(-1.9925,-2.395,0.2925));
#5980 = DIRECTION('',(0.,1.,0.));
#5981 = DIRECTION('',(-6.906640467053E-32,0.,-1.));
#5982 = ADVANCED_FACE('',(#5983),#5994,.F.);
#5983 = FACE_BOUND('',#5984,.F.);
#5984 = EDGE_LOOP('',(#5985,#5986,#5987,#5988));
#5985 = ORIENTED_EDGE('',*,*,#5049,.F.);
#5986 = ORIENTED_EDGE('',*,*,#4072,.F.);
#5987 = ORIENTED_EDGE('',*,*,#5218,.T.);
#5988 = ORIENTED_EDGE('',*,*,#5989,.T.);
#5989 = EDGE_CURVE('',#5211,#5050,#5990,.T.);
#5990 = LINE('',#5991,#5992);
#5991 = CARTESIAN_POINT('',(-1.9925,1.005,0.195));
#5992 = VECTOR('',#5993,1.);
#5993 = DIRECTION('',(0.,1.,0.));
#5994 = CYLINDRICAL_SURFACE('',#5995,9.75E-02);
#5995 = AXIS2_PLACEMENT_3D('',#5996,#5997,#5998);
#5996 = CARTESIAN_POINT('',(-1.9925,1.005,0.2925));
#5997 = DIRECTION('',(0.,1.,0.));
#5998 = DIRECTION('',(-6.906640467053E-32,0.,-1.));
#5999 = ADVANCED_FACE('',(#6000),#6011,.F.);
#6000 = FACE_BOUND('',#6001,.F.);
#6001 = EDGE_LOOP('',(#6002,#6008,#6009,#6010));
#6002 = ORIENTED_EDGE('',*,*,#6003,.F.);
#6003 = EDGE_CURVE('',#5227,#5035,#6004,.T.);
#6004 = LINE('',#6005,#6006);
#6005 = CARTESIAN_POINT('',(-1.7,1.2,0.));
#6006 = VECTOR('',#6007,1.);
#6007 = DIRECTION('',(0.,1.,0.));
#6008 = ORIENTED_EDGE('',*,*,#5226,.T.);
#6009 = ORIENTED_EDGE('',*,*,#4090,.F.);
#6010 = ORIENTED_EDGE('',*,*,#5042,.F.);
#6011 = PLANE('',#6012);
#6012 = AXIS2_PLACEMENT_3D('',#6013,#6014,#6015);
#6013 = CARTESIAN_POINT('',(-1.7,1.2,0.));
#6014 = DIRECTION('',(-1.,0.,0.));
#6015 = DIRECTION('',(0.,1.,0.));
#6016 = ADVANCED_FACE('',(#6017),#6028,.F.);
#6017 = FACE_BOUND('',#6018,.F.);
#6018 = EDGE_LOOP('',(#6019,#6020,#6021,#6022));
#6019 = ORIENTED_EDGE('',*,*,#5282,.F.);
#6020 = ORIENTED_EDGE('',*,*,#4106,.F.);
#6021 = ORIENTED_EDGE('',*,*,#5451,.T.);
#6022 = ORIENTED_EDGE('',*,*,#6023,.T.);
#6023 = EDGE_CURVE('',#5444,#5283,#6024,.T.);
#6024 = LINE('',#6025,#6026);
#6025 = CARTESIAN_POINT('',(-1.9925,-0.695,0.195));
#6026 = VECTOR('',#6027,1.);
#6027 = DIRECTION('',(0.,1.,0.));
#6028 = CYLINDRICAL_SURFACE('',#6029,9.75E-02);
#6029 = AXIS2_PLACEMENT_3D('',#6030,#6031,#6032);
#6030 = CARTESIAN_POINT('',(-1.9925,-0.695,0.2925));
#6031 = DIRECTION('',(0.,1.,0.));
#6032 = DIRECTION('',(-6.906640467053E-32,0.,-1.));
#6033 = ADVANCED_FACE('',(#6034),#6045,.F.);
#6034 = FACE_BOUND('',#6035,.F.);
#6035 = EDGE_LOOP('',(#6036,#6042,#6043,#6044));
#6036 = ORIENTED_EDGE('',*,*,#6037,.F.);
#6037 = EDGE_CURVE('',#5460,#5268,#6038,.T.);
#6038 = LINE('',#6039,#6040);
#6039 = CARTESIAN_POINT('',(-1.7,-0.5,0.));
#6040 = VECTOR('',#6041,1.);
#6041 = DIRECTION('',(0.,1.,0.));
#6042 = ORIENTED_EDGE('',*,*,#5459,.T.);
#6043 = ORIENTED_EDGE('',*,*,#4124,.F.);
#6044 = ORIENTED_EDGE('',*,*,#5275,.F.);
#6045 = PLANE('',#6046);
#6046 = AXIS2_PLACEMENT_3D('',#6047,#6048,#6049);
#6047 = CARTESIAN_POINT('',(-1.7,-0.5,0.));
#6048 = DIRECTION('',(-1.,0.,0.));
#6049 = DIRECTION('',(0.,1.,0.));
#6050 = ADVANCED_FACE('',(#6051),#6062,.F.);
#6051 = FACE_BOUND('',#6052,.F.);
#6052 = EDGE_LOOP('',(#6053,#6054,#6055,#6061));
#6053 = ORIENTED_EDGE('',*,*,#4140,.F.);
#6054 = ORIENTED_EDGE('',*,*,#4883,.T.);
#6055 = ORIENTED_EDGE('',*,*,#6056,.T.);
#6056 = EDGE_CURVE('',#4876,#4715,#6057,.T.);
#6057 = LINE('',#6058,#6059);
#6058 = CARTESIAN_POINT('',(1.9925,2.395,0.195));
#6059 = VECTOR('',#6060,1.);
#6060 = DIRECTION('',(0.,-1.,0.));
#6061 = ORIENTED_EDGE('',*,*,#4714,.F.);
#6062 = CYLINDRICAL_SURFACE('',#6063,9.75E-02);
#6063 = AXIS2_PLACEMENT_3D('',#6064,#6065,#6066);
#6064 = CARTESIAN_POINT('',(1.9925,2.395,0.2925));
#6065 = DIRECTION('',(0.,-1.,0.));
#6066 = DIRECTION('',(-1.,0.,0.));
#6067 = ADVANCED_FACE('',(#6068),#6079,.F.);
#6068 = FACE_BOUND('',#6069,.F.);
#6069 = EDGE_LOOP('',(#6070,#6076,#6077,#6078));
#6070 = ORIENTED_EDGE('',*,*,#6071,.F.);
#6071 = EDGE_CURVE('',#4892,#4700,#6072,.T.);
#6072 = LINE('',#6073,#6074);
#6073 = CARTESIAN_POINT('',(1.7,2.2,0.));
#6074 = VECTOR('',#6075,1.);
#6075 = DIRECTION('',(0.,-1.,0.));
#6076 = ORIENTED_EDGE('',*,*,#4891,.T.);
#6077 = ORIENTED_EDGE('',*,*,#4158,.F.);
#6078 = ORIENTED_EDGE('',*,*,#4707,.F.);
#6079 = PLANE('',#6080);
#6080 = AXIS2_PLACEMENT_3D('',#6081,#6082,#6083);
#6081 = CARTESIAN_POINT('',(1.7,2.2,0.));
#6082 = DIRECTION('',(1.,0.,0.));
#6083 = DIRECTION('',(0.,-1.,0.));
#6084 = ADVANCED_FACE('',(#6085),#6096,.F.);
#6085 = FACE_BOUND('',#6086,.F.);
#6086 = EDGE_LOOP('',(#6087,#6093,#6094,#6095));
#6087 = ORIENTED_EDGE('',*,*,#6088,.F.);
#6088 = EDGE_CURVE('',#4659,#4467,#6089,.T.);
#6089 = LINE('',#6090,#6091);
#6090 = CARTESIAN_POINT('',(1.7,0.5,0.));
#6091 = VECTOR('',#6092,1.);
#6092 = DIRECTION('',(0.,-1.,0.));
#6093 = ORIENTED_EDGE('',*,*,#4658,.T.);
#6094 = ORIENTED_EDGE('',*,*,#4174,.F.);
#6095 = ORIENTED_EDGE('',*,*,#4474,.F.);
#6096 = PLANE('',#6097);
#6097 = AXIS2_PLACEMENT_3D('',#6098,#6099,#6100);
#6098 = CARTESIAN_POINT('',(1.7,0.5,0.));
#6099 = DIRECTION('',(1.,0.,0.));
#6100 = DIRECTION('',(0.,-1.,0.));
#6101 = ADVANCED_FACE('',(#6102),#6113,.F.);
#6102 = FACE_BOUND('',#6103,.F.);
#6103 = EDGE_LOOP('',(#6104,#6105,#6106,#6112));
#6104 = ORIENTED_EDGE('',*,*,#4192,.F.);
#6105 = ORIENTED_EDGE('',*,*,#4650,.T.);
#6106 = ORIENTED_EDGE('',*,*,#6107,.T.);
#6107 = EDGE_CURVE('',#4643,#4482,#6108,.T.);
#6108 = LINE('',#6109,#6110);
#6109 = CARTESIAN_POINT('',(1.9925,0.695,0.195));
#6110 = VECTOR('',#6111,1.);
#6111 = DIRECTION('',(0.,-1.,0.));
#6112 = ORIENTED_EDGE('',*,*,#4481,.F.);
#6113 = CYLINDRICAL_SURFACE('',#6114,9.75E-02);
#6114 = AXIS2_PLACEMENT_3D('',#6115,#6116,#6117);
#6115 = CARTESIAN_POINT('',(1.9925,0.695,0.2925));
#6116 = DIRECTION('',(0.,-1.,0.));
#6117 = DIRECTION('',(-1.,0.,0.));
#6118 = ADVANCED_FACE('',(#6119),#6135,.F.);
#6119 = FACE_BOUND('',#6120,.F.);
#6120 = EDGE_LOOP('',(#6121,#6122,#6128,#6129));
#6121 = ORIENTED_EDGE('',*,*,#4214,.T.);
#6122 = ORIENTED_EDGE('',*,*,#6123,.T.);
#6123 = EDGE_CURVE('',#4217,#4359,#6124,.T.);
#6124 = LINE('',#6125,#6126);
#6125 = CARTESIAN_POINT('',(2.7,-2.2,0.9025));
#6126 = VECTOR('',#6127,1.);
#6127 = DIRECTION('',(0.,1.,0.));
#6128 = ORIENTED_EDGE('',*,*,#4358,.F.);
#6129 = ORIENTED_EDGE('',*,*,#6130,.F.);
#6130 = EDGE_CURVE('',#4215,#4348,#6131,.T.);
#6131 = LINE('',#6132,#6133);
#6132 = CARTESIAN_POINT('',(2.7,-2.2,9.75E-02));
#6133 = VECTOR('',#6134,1.);
#6134 = DIRECTION('',(0.,1.,0.));
#6135 = PLANE('',#6136);
#6136 = AXIS2_PLACEMENT_3D('',#6137,#6138,#6139);
#6137 = CARTESIAN_POINT('',(2.7,-2.2,0.));
#6138 = DIRECTION('',(-1.,0.,0.));
#6139 = DIRECTION('',(0.,1.,0.));
#6140 = ADVANCED_FACE('',(#6141),#6147,.T.);
#6141 = FACE_BOUND('',#6142,.T.);
#6142 = EDGE_LOOP('',(#6143,#6144,#6145,#6146));
#6143 = ORIENTED_EDGE('',*,*,#4307,.T.);
#6144 = ORIENTED_EDGE('',*,*,#6123,.T.);
#6145 = ORIENTED_EDGE('',*,*,#4366,.F.);
#6146 = ORIENTED_EDGE('',*,*,#4915,.F.);
#6147 = CYLINDRICAL_SURFACE('',#6148,9.75E-02);
#6148 = AXIS2_PLACEMENT_3D('',#6149,#6150,#6151);
#6149 = CARTESIAN_POINT('',(2.6025,-2.2,0.9025));
#6150 = DIRECTION('',(0.,1.,0.));
#6151 = DIRECTION('',(0.,-0.,1.));
#6152 = ADVANCED_FACE('',(#6153),#6159,.T.);
#6153 = FACE_BOUND('',#6154,.T.);
#6154 = EDGE_LOOP('',(#6155,#6156,#6157,#6158));
#6155 = ORIENTED_EDGE('',*,*,#4331,.F.);
#6156 = ORIENTED_EDGE('',*,*,#4283,.T.);
#6157 = ORIENTED_EDGE('',*,*,#4930,.T.);
#6158 = ORIENTED_EDGE('',*,*,#4391,.T.);
#6159 = PLANE('',#6160);
#6160 = AXIS2_PLACEMENT_3D('',#6161,#6162,#6163);
#6161 = CARTESIAN_POINT('',(2.505,-2.395,0.195));
#6162 = DIRECTION('',(-1.,0.,0.));
#6163 = DIRECTION('',(0.,1.,0.));
#6164 = ADVANCED_FACE('',(#6165),#6171,.T.);
#6165 = FACE_BOUND('',#6166,.T.);
#6166 = EDGE_LOOP('',(#6167,#6168,#6169,#6170));
#6167 = ORIENTED_EDGE('',*,*,#4257,.T.);
#6168 = ORIENTED_EDGE('',*,*,#5904,.T.);
#6169 = ORIENTED_EDGE('',*,*,#4409,.T.);
#6170 = ORIENTED_EDGE('',*,*,#5920,.T.);
#6171 = PLANE('',#6172);
#6172 = AXIS2_PLACEMENT_3D('',#6173,#6174,#6175);
#6173 = CARTESIAN_POINT('',(2.2,-1.7,0.195));
#6174 = DIRECTION('',(-6.906640467053E-32,2.660277333254E-32,1.));
#6175 = DIRECTION('',(1.,0.,6.906640467053E-32));
#6176 = ADVANCED_FACE('',(#6177),#6188,.F.);
#6177 = FACE_BOUND('',#6178,.F.);
#6178 = EDGE_LOOP('',(#6179,#6180,#6186,#6187));
#6179 = ORIENTED_EDGE('',*,*,#4233,.T.);
#6180 = ORIENTED_EDGE('',*,*,#6181,.T.);
#6181 = EDGE_CURVE('',#4225,#4350,#6182,.T.);
#6182 = LINE('',#6183,#6184);
#6183 = CARTESIAN_POINT('',(2.6025,-2.2,-2.775557561563E-17));
#6184 = VECTOR('',#6185,1.);
#6185 = DIRECTION('',(0.,1.,0.));
#6186 = ORIENTED_EDGE('',*,*,#4433,.T.);
#6187 = ORIENTED_EDGE('',*,*,#5935,.T.);
#6188 = PLANE('',#6189);
#6189 = AXIS2_PLACEMENT_3D('',#6190,#6191,#6192);
#6190 = CARTESIAN_POINT('',(2.2,-1.7,0.));
#6191 = DIRECTION('',(0.,0.,1.));
#6192 = DIRECTION('',(1.,0.,-0.));
#6193 = ADVANCED_FACE('',(#6194),#6200,.T.);
#6194 = FACE_BOUND('',#6195,.T.);
#6195 = EDGE_LOOP('',(#6196,#6197,#6198,#6199));
#6196 = ORIENTED_EDGE('',*,*,#4224,.T.);
#6197 = ORIENTED_EDGE('',*,*,#6181,.T.);
#6198 = ORIENTED_EDGE('',*,*,#4347,.F.);
#6199 = ORIENTED_EDGE('',*,*,#6130,.F.);
#6200 = CYLINDRICAL_SURFACE('',#6201,9.75E-02);
#6201 = AXIS2_PLACEMENT_3D('',#6202,#6203,#6204);
#6202 = CARTESIAN_POINT('',(2.6025,-2.2,9.75E-02));
#6203 = DIRECTION('',(0.,1.,0.));
#6204 = DIRECTION('',(1.,0.,0.));
#6205 = ADVANCED_FACE('',(#6206),#6222,.F.);
#6206 = FACE_BOUND('',#6207,.F.);
#6207 = EDGE_LOOP('',(#6208,#6209,#6215,#6216));
#6208 = ORIENTED_EDGE('',*,*,#4447,.T.);
#6209 = ORIENTED_EDGE('',*,*,#6210,.T.);
#6210 = EDGE_CURVE('',#4450,#4592,#6211,.T.);
#6211 = LINE('',#6212,#6213);
#6212 = CARTESIAN_POINT('',(2.7,-0.5,0.9025));
#6213 = VECTOR('',#6214,1.);
#6214 = DIRECTION('',(0.,1.,0.));
#6215 = ORIENTED_EDGE('',*,*,#4591,.F.);
#6216 = ORIENTED_EDGE('',*,*,#6217,.F.);
#6217 = EDGE_CURVE('',#4448,#4581,#6218,.T.);
#6218 = LINE('',#6219,#6220);
#6219 = CARTESIAN_POINT('',(2.7,-0.5,9.75E-02));
#6220 = VECTOR('',#6221,1.);
#6221 = DIRECTION('',(0.,1.,0.));
#6222 = PLANE('',#6223);
#6223 = AXIS2_PLACEMENT_3D('',#6224,#6225,#6226);
#6224 = CARTESIAN_POINT('',(2.7,-0.5,0.));
#6225 = DIRECTION('',(-1.,0.,0.));
#6226 = DIRECTION('',(0.,1.,0.));
#6227 = ADVANCED_FACE('',(#6228),#6234,.T.);
#6228 = FACE_BOUND('',#6229,.T.);
#6229 = EDGE_LOOP('',(#6230,#6231,#6232,#6233));
#6230 = ORIENTED_EDGE('',*,*,#4540,.T.);
#6231 = ORIENTED_EDGE('',*,*,#6210,.T.);
#6232 = ORIENTED_EDGE('',*,*,#4599,.F.);
#6233 = ORIENTED_EDGE('',*,*,#4966,.F.);
#6234 = CYLINDRICAL_SURFACE('',#6235,9.75E-02);
#6235 = AXIS2_PLACEMENT_3D('',#6236,#6237,#6238);
#6236 = CARTESIAN_POINT('',(2.6025,-0.5,0.9025));
#6237 = DIRECTION('',(0.,1.,0.));
#6238 = DIRECTION('',(0.,-0.,1.));
#6239 = ADVANCED_FACE('',(#6240),#6246,.T.);
#6240 = FACE_BOUND('',#6241,.T.);
#6241 = EDGE_LOOP('',(#6242,#6243,#6244,#6245));
#6242 = ORIENTED_EDGE('',*,*,#4564,.F.);
#6243 = ORIENTED_EDGE('',*,*,#4516,.T.);
#6244 = ORIENTED_EDGE('',*,*,#4947,.T.);
#6245 = ORIENTED_EDGE('',*,*,#4624,.T.);
#6246 = PLANE('',#6247);
#6247 = AXIS2_PLACEMENT_3D('',#6248,#6249,#6250);
#6248 = CARTESIAN_POINT('',(2.505,-0.695,0.195));
#6249 = DIRECTION('',(-1.,0.,0.));
#6250 = DIRECTION('',(0.,1.,0.));
#6251 = ADVANCED_FACE('',(#6252),#6258,.T.);
#6252 = FACE_BOUND('',#6253,.T.);
#6253 = EDGE_LOOP('',(#6254,#6255,#6256,#6257));
#6254 = ORIENTED_EDGE('',*,*,#4490,.T.);
#6255 = ORIENTED_EDGE('',*,*,#5887,.T.);
#6256 = ORIENTED_EDGE('',*,*,#4642,.T.);
#6257 = ORIENTED_EDGE('',*,*,#6107,.T.);
#6258 = PLANE('',#6259);
#6259 = AXIS2_PLACEMENT_3D('',#6260,#6261,#6262);
#6260 = CARTESIAN_POINT('',(2.2,0.,0.195));
#6261 = DIRECTION('',(-6.906640467053E-32,0.,1.));
#6262 = DIRECTION('',(1.,0.,6.906640467053E-32));
#6263 = ADVANCED_FACE('',(#6264),#6275,.F.);
#6264 = FACE_BOUND('',#6265,.F.);
#6265 = EDGE_LOOP('',(#6266,#6267,#6273,#6274));
#6266 = ORIENTED_EDGE('',*,*,#4466,.T.);
#6267 = ORIENTED_EDGE('',*,*,#6268,.T.);
#6268 = EDGE_CURVE('',#4458,#4583,#6269,.T.);
#6269 = LINE('',#6270,#6271);
#6270 = CARTESIAN_POINT('',(2.6025,-0.5,-2.775557561563E-17));
#6271 = VECTOR('',#6272,1.);
#6272 = DIRECTION('',(0.,1.,0.));
#6273 = ORIENTED_EDGE('',*,*,#4666,.T.);
#6274 = ORIENTED_EDGE('',*,*,#6088,.T.);
#6275 = PLANE('',#6276);
#6276 = AXIS2_PLACEMENT_3D('',#6277,#6278,#6279);
#6277 = CARTESIAN_POINT('',(2.2,0.,0.));
#6278 = DIRECTION('',(0.,0.,1.));
#6279 = DIRECTION('',(1.,0.,-0.));
#6280 = ADVANCED_FACE('',(#6281),#6287,.T.);
#6281 = FACE_BOUND('',#6282,.T.);
#6282 = EDGE_LOOP('',(#6283,#6284,#6285,#6286));
#6283 = ORIENTED_EDGE('',*,*,#4457,.T.);
#6284 = ORIENTED_EDGE('',*,*,#6268,.T.);
#6285 = ORIENTED_EDGE('',*,*,#4580,.F.);
#6286 = ORIENTED_EDGE('',*,*,#6217,.F.);
#6287 = CYLINDRICAL_SURFACE('',#6288,9.75E-02);
#6288 = AXIS2_PLACEMENT_3D('',#6289,#6290,#6291);
#6289 = CARTESIAN_POINT('',(2.6025,-0.5,9.75E-02));
#6290 = DIRECTION('',(0.,1.,0.));
#6291 = DIRECTION('',(1.,0.,0.));
#6292 = ADVANCED_FACE('',(#6293),#6309,.F.);
#6293 = FACE_BOUND('',#6294,.F.);
#6294 = EDGE_LOOP('',(#6295,#6296,#6302,#6303));
#6295 = ORIENTED_EDGE('',*,*,#4680,.T.);
#6296 = ORIENTED_EDGE('',*,*,#6297,.T.);
#6297 = EDGE_CURVE('',#4683,#4825,#6298,.T.);
#6298 = LINE('',#6299,#6300);
#6299 = CARTESIAN_POINT('',(2.7,1.2,0.9025));
#6300 = VECTOR('',#6301,1.);
#6301 = DIRECTION('',(0.,1.,0.));
#6302 = ORIENTED_EDGE('',*,*,#4824,.F.);
#6303 = ORIENTED_EDGE('',*,*,#6304,.F.);
#6304 = EDGE_CURVE('',#4681,#4814,#6305,.T.);
#6305 = LINE('',#6306,#6307);
#6306 = CARTESIAN_POINT('',(2.7,1.2,9.75E-02));
#6307 = VECTOR('',#6308,1.);
#6308 = DIRECTION('',(0.,1.,0.));
#6309 = PLANE('',#6310);
#6310 = AXIS2_PLACEMENT_3D('',#6311,#6312,#6313);
#6311 = CARTESIAN_POINT('',(2.7,1.2,0.));
#6312 = DIRECTION('',(-1.,0.,0.));
#6313 = DIRECTION('',(0.,1.,0.));
#6314 = ADVANCED_FACE('',(#6315),#6321,.T.);
#6315 = FACE_BOUND('',#6316,.T.);
#6316 = EDGE_LOOP('',(#6317,#6318,#6319,#6320));
#6317 = ORIENTED_EDGE('',*,*,#4773,.T.);
#6318 = ORIENTED_EDGE('',*,*,#6297,.T.);
#6319 = ORIENTED_EDGE('',*,*,#4832,.F.);
#6320 = ORIENTED_EDGE('',*,*,#4983,.F.);
#6321 = CYLINDRICAL_SURFACE('',#6322,9.75E-02);
#6322 = AXIS2_PLACEMENT_3D('',#6323,#6324,#6325);
#6323 = CARTESIAN_POINT('',(2.6025,1.2,0.9025));
#6324 = DIRECTION('',(0.,1.,0.));
#6325 = DIRECTION('',(0.,-0.,1.));
#6326 = ADVANCED_FACE('',(#6327),#6333,.T.);
#6327 = FACE_BOUND('',#6328,.T.);
#6328 = EDGE_LOOP('',(#6329,#6330,#6331,#6332));
#6329 = ORIENTED_EDGE('',*,*,#4797,.F.);
#6330 = ORIENTED_EDGE('',*,*,#4749,.T.);
#6331 = ORIENTED_EDGE('',*,*,#4998,.T.);
#6332 = ORIENTED_EDGE('',*,*,#4857,.T.);
#6333 = PLANE('',#6334);
#6334 = AXIS2_PLACEMENT_3D('',#6335,#6336,#6337);
#6335 = CARTESIAN_POINT('',(2.505,1.005,0.195));
#6336 = DIRECTION('',(-1.,0.,0.));
#6337 = DIRECTION('',(0.,1.,0.));
#6338 = ADVANCED_FACE('',(#6339),#6345,.T.);
#6339 = FACE_BOUND('',#6340,.T.);
#6340 = EDGE_LOOP('',(#6341,#6342,#6343,#6344));
#6341 = ORIENTED_EDGE('',*,*,#4723,.T.);
#6342 = ORIENTED_EDGE('',*,*,#5870,.T.);
#6343 = ORIENTED_EDGE('',*,*,#4875,.T.);
#6344 = ORIENTED_EDGE('',*,*,#6056,.T.);
#6345 = PLANE('',#6346);
#6346 = AXIS2_PLACEMENT_3D('',#6347,#6348,#6349);
#6347 = CARTESIAN_POINT('',(2.2,1.7,0.195));
#6348 = DIRECTION('',(-6.906640467053E-32,-2.660277333254E-32,1.));
#6349 = DIRECTION('',(1.,0.,6.906640467053E-32));
#6350 = ADVANCED_FACE('',(#6351),#6362,.F.);
#6351 = FACE_BOUND('',#6352,.F.);
#6352 = EDGE_LOOP('',(#6353,#6354,#6360,#6361));
#6353 = ORIENTED_EDGE('',*,*,#4699,.T.);
#6354 = ORIENTED_EDGE('',*,*,#6355,.T.);
#6355 = EDGE_CURVE('',#4691,#4816,#6356,.T.);
#6356 = LINE('',#6357,#6358);
#6357 = CARTESIAN_POINT('',(2.6025,1.2,-2.775557561563E-17));
#6358 = VECTOR('',#6359,1.);
#6359 = DIRECTION('',(0.,1.,0.));
#6360 = ORIENTED_EDGE('',*,*,#4899,.T.);
#6361 = ORIENTED_EDGE('',*,*,#6071,.T.);
#6362 = PLANE('',#6363);
#6363 = AXIS2_PLACEMENT_3D('',#6364,#6365,#6366);
#6364 = CARTESIAN_POINT('',(2.2,1.7,0.));
#6365 = DIRECTION('',(0.,0.,1.));
#6366 = DIRECTION('',(1.,0.,-0.));
#6367 = ADVANCED_FACE('',(#6368),#6374,.T.);
#6368 = FACE_BOUND('',#6369,.T.);
#6369 = EDGE_LOOP('',(#6370,#6371,#6372,#6373));
#6370 = ORIENTED_EDGE('',*,*,#4690,.T.);
#6371 = ORIENTED_EDGE('',*,*,#6355,.T.);
#6372 = ORIENTED_EDGE('',*,*,#4813,.F.);
#6373 = ORIENTED_EDGE('',*,*,#6304,.F.);
#6374 = CYLINDRICAL_SURFACE('',#6375,9.75E-02);
#6375 = AXIS2_PLACEMENT_3D('',#6376,#6377,#6378);
#6376 = CARTESIAN_POINT('',(2.6025,1.2,9.75E-02));
#6377 = DIRECTION('',(0.,1.,0.));
#6378 = DIRECTION('',(1.,0.,0.));
#6379 = ADVANCED_FACE('',(#6380),#6396,.F.);
#6380 = FACE_BOUND('',#6381,.F.);
#6381 = EDGE_LOOP('',(#6382,#6383,#6389,#6390));
#6382 = ORIENTED_EDGE('',*,*,#5015,.T.);
#6383 = ORIENTED_EDGE('',*,*,#6384,.T.);
#6384 = EDGE_CURVE('',#5018,#5160,#6385,.T.);
#6385 = LINE('',#6386,#6387);
#6386 = CARTESIAN_POINT('',(-2.7,2.2,0.9025));
#6387 = VECTOR('',#6388,1.);
#6388 = DIRECTION('',(0.,-1.,0.));
#6389 = ORIENTED_EDGE('',*,*,#5159,.F.);
#6390 = ORIENTED_EDGE('',*,*,#6391,.F.);
#6391 = EDGE_CURVE('',#5016,#5149,#6392,.T.);
#6392 = LINE('',#6393,#6394);
#6393 = CARTESIAN_POINT('',(-2.7,2.2,9.75E-02));
#6394 = VECTOR('',#6395,1.);
#6395 = DIRECTION('',(0.,-1.,0.));
#6396 = PLANE('',#6397);
#6397 = AXIS2_PLACEMENT_3D('',#6398,#6399,#6400);
#6398 = CARTESIAN_POINT('',(-2.7,2.2,0.));
#6399 = DIRECTION('',(1.,0.,0.));
#6400 = DIRECTION('',(0.,-1.,0.));
#6401 = ADVANCED_FACE('',(#6402),#6408,.T.);
#6402 = FACE_BOUND('',#6403,.T.);
#6403 = EDGE_LOOP('',(#6404,#6405,#6406,#6407));
#6404 = ORIENTED_EDGE('',*,*,#6384,.T.);
#6405 = ORIENTED_EDGE('',*,*,#5167,.T.);
#6406 = ORIENTED_EDGE('',*,*,#5714,.F.);
#6407 = ORIENTED_EDGE('',*,*,#5108,.F.);
#6408 = CYLINDRICAL_SURFACE('',#6409,9.75E-02);
#6409 = AXIS2_PLACEMENT_3D('',#6410,#6411,#6412);
#6410 = CARTESIAN_POINT('',(-2.6025,2.2,0.9025));
#6411 = DIRECTION('',(0.,-1.,0.));
#6412 = DIRECTION('',(-1.,0.,0.));
#6413 = ADVANCED_FACE('',(#6414),#6420,.T.);
#6414 = FACE_BOUND('',#6415,.T.);
#6415 = EDGE_LOOP('',(#6416,#6417,#6418,#6419));
#6416 = ORIENTED_EDGE('',*,*,#5123,.F.);
#6417 = ORIENTED_EDGE('',*,*,#5084,.T.);
#6418 = ORIENTED_EDGE('',*,*,#5731,.T.);
#6419 = ORIENTED_EDGE('',*,*,#5192,.T.);
#6420 = PLANE('',#6421);
#6421 = AXIS2_PLACEMENT_3D('',#6422,#6423,#6424);
#6422 = CARTESIAN_POINT('',(-2.505,2.395,0.195));
#6423 = DIRECTION('',(1.,0.,0.));
#6424 = DIRECTION('',(0.,-1.,0.));
#6425 = ADVANCED_FACE('',(#6426),#6432,.T.);
#6426 = FACE_BOUND('',#6427,.T.);
#6427 = EDGE_LOOP('',(#6428,#6429,#6430,#6431));
#6428 = ORIENTED_EDGE('',*,*,#5210,.T.);
#6429 = ORIENTED_EDGE('',*,*,#5989,.T.);
#6430 = ORIENTED_EDGE('',*,*,#5058,.T.);
#6431 = ORIENTED_EDGE('',*,*,#5852,.T.);
#6432 = PLANE('',#6433);
#6433 = AXIS2_PLACEMENT_3D('',#6434,#6435,#6436);
#6434 = CARTESIAN_POINT('',(-2.2,1.7,0.195));
#6435 = DIRECTION('',(6.906640467053E-32,-2.660277333254E-32,1.));
#6436 = DIRECTION('',(1.,0.,-6.906640467053E-32));
#6437 = ADVANCED_FACE('',(#6438),#6449,.F.);
#6438 = FACE_BOUND('',#6439,.F.);
#6439 = EDGE_LOOP('',(#6440,#6441,#6442,#6443));
#6440 = ORIENTED_EDGE('',*,*,#5234,.T.);
#6441 = ORIENTED_EDGE('',*,*,#6003,.T.);
#6442 = ORIENTED_EDGE('',*,*,#5034,.T.);
#6443 = ORIENTED_EDGE('',*,*,#6444,.T.);
#6444 = EDGE_CURVE('',#5026,#5151,#6445,.T.);
#6445 = LINE('',#6446,#6447);
#6446 = CARTESIAN_POINT('',(-2.6025,2.2,-2.775557561563E-17));
#6447 = VECTOR('',#6448,1.);
#6448 = DIRECTION('',(0.,-1.,0.));
#6449 = PLANE('',#6450);
#6450 = AXIS2_PLACEMENT_3D('',#6451,#6452,#6453);
#6451 = CARTESIAN_POINT('',(-2.2,1.7,0.));
#6452 = DIRECTION('',(0.,0.,1.));
#6453 = DIRECTION('',(1.,0.,-0.));
#6454 = ADVANCED_FACE('',(#6455),#6461,.T.);
#6455 = FACE_BOUND('',#6456,.T.);
#6456 = EDGE_LOOP('',(#6457,#6458,#6459,#6460));
#6457 = ORIENTED_EDGE('',*,*,#5025,.T.);
#6458 = ORIENTED_EDGE('',*,*,#6444,.T.);
#6459 = ORIENTED_EDGE('',*,*,#5148,.F.);
#6460 = ORIENTED_EDGE('',*,*,#6391,.F.);
#6461 = CYLINDRICAL_SURFACE('',#6462,9.75E-02);
#6462 = AXIS2_PLACEMENT_3D('',#6463,#6464,#6465);
#6463 = CARTESIAN_POINT('',(-2.6025,2.2,9.75E-02));
#6464 = DIRECTION('',(0.,-1.,0.));
#6465 = DIRECTION('',(-1.,0.,0.));
#6466 = ADVANCED_FACE('',(#6467),#6483,.F.);
#6467 = FACE_BOUND('',#6468,.F.);
#6468 = EDGE_LOOP('',(#6469,#6470,#6476,#6477));
#6469 = ORIENTED_EDGE('',*,*,#5248,.T.);
#6470 = ORIENTED_EDGE('',*,*,#6471,.T.);
#6471 = EDGE_CURVE('',#5251,#5393,#6472,.T.);
#6472 = LINE('',#6473,#6474);
#6473 = CARTESIAN_POINT('',(-2.7,0.5,0.9025));
#6474 = VECTOR('',#6475,1.);
#6475 = DIRECTION('',(0.,-1.,0.));
#6476 = ORIENTED_EDGE('',*,*,#5392,.F.);
#6477 = ORIENTED_EDGE('',*,*,#6478,.F.);
#6478 = EDGE_CURVE('',#5249,#5382,#6479,.T.);
#6479 = LINE('',#6480,#6481);
#6480 = CARTESIAN_POINT('',(-2.7,0.5,9.75E-02));
#6481 = VECTOR('',#6482,1.);
#6482 = DIRECTION('',(0.,-1.,0.));
#6483 = PLANE('',#6484);
#6484 = AXIS2_PLACEMENT_3D('',#6485,#6486,#6487);
#6485 = CARTESIAN_POINT('',(-2.7,0.5,0.));
#6486 = DIRECTION('',(1.,0.,0.));
#6487 = DIRECTION('',(0.,-1.,0.));
#6488 = ADVANCED_FACE('',(#6489),#6495,.T.);
#6489 = FACE_BOUND('',#6490,.T.);
#6490 = EDGE_LOOP('',(#6491,#6492,#6493,#6494));
#6491 = ORIENTED_EDGE('',*,*,#6471,.T.);
#6492 = ORIENTED_EDGE('',*,*,#5400,.T.);
#6493 = ORIENTED_EDGE('',*,*,#5748,.F.);
#6494 = ORIENTED_EDGE('',*,*,#5341,.F.);
#6495 = CYLINDRICAL_SURFACE('',#6496,9.75E-02);
#6496 = AXIS2_PLACEMENT_3D('',#6497,#6498,#6499);
#6497 = CARTESIAN_POINT('',(-2.6025,0.5,0.9025));
#6498 = DIRECTION('',(0.,-1.,0.));
#6499 = DIRECTION('',(-1.,0.,0.));
#6500 = ADVANCED_FACE('',(#6501),#6507,.T.);
#6501 = FACE_BOUND('',#6502,.T.);
#6502 = EDGE_LOOP('',(#6503,#6504,#6505,#6506));
#6503 = ORIENTED_EDGE('',*,*,#5356,.F.);
#6504 = ORIENTED_EDGE('',*,*,#5317,.T.);
#6505 = ORIENTED_EDGE('',*,*,#5765,.T.);
#6506 = ORIENTED_EDGE('',*,*,#5425,.T.);
#6507 = PLANE('',#6508);
#6508 = AXIS2_PLACEMENT_3D('',#6509,#6510,#6511);
#6509 = CARTESIAN_POINT('',(-2.505,0.695,0.195));
#6510 = DIRECTION('',(1.,0.,0.));
#6511 = DIRECTION('',(0.,-1.,0.));
#6512 = ADVANCED_FACE('',(#6513),#6519,.T.);
#6513 = FACE_BOUND('',#6514,.T.);
#6514 = EDGE_LOOP('',(#6515,#6516,#6517,#6518));
#6515 = ORIENTED_EDGE('',*,*,#5443,.T.);
#6516 = ORIENTED_EDGE('',*,*,#6023,.T.);
#6517 = ORIENTED_EDGE('',*,*,#5291,.T.);
#6518 = ORIENTED_EDGE('',*,*,#5835,.T.);
#6519 = PLANE('',#6520);
#6520 = AXIS2_PLACEMENT_3D('',#6521,#6522,#6523);
#6521 = CARTESIAN_POINT('',(-2.2,0.,0.195));
#6522 = DIRECTION('',(6.906640467053E-32,0.,1.));
#6523 = DIRECTION('',(1.,0.,-6.906640467053E-32));
#6524 = ADVANCED_FACE('',(#6525),#6536,.F.);
#6525 = FACE_BOUND('',#6526,.F.);
#6526 = EDGE_LOOP('',(#6527,#6528,#6529,#6530));
#6527 = ORIENTED_EDGE('',*,*,#5467,.T.);
#6528 = ORIENTED_EDGE('',*,*,#6037,.T.);
#6529 = ORIENTED_EDGE('',*,*,#5267,.T.);
#6530 = ORIENTED_EDGE('',*,*,#6531,.T.);
#6531 = EDGE_CURVE('',#5259,#5384,#6532,.T.);
#6532 = LINE('',#6533,#6534);
#6533 = CARTESIAN_POINT('',(-2.6025,0.5,-2.775557561563E-17));
#6534 = VECTOR('',#6535,1.);
#6535 = DIRECTION('',(0.,-1.,0.));
#6536 = PLANE('',#6537);
#6537 = AXIS2_PLACEMENT_3D('',#6538,#6539,#6540);
#6538 = CARTESIAN_POINT('',(-2.2,0.,0.));
#6539 = DIRECTION('',(0.,0.,1.));
#6540 = DIRECTION('',(1.,0.,-0.));
#6541 = ADVANCED_FACE('',(#6542),#6548,.T.);
#6542 = FACE_BOUND('',#6543,.T.);
#6543 = EDGE_LOOP('',(#6544,#6545,#6546,#6547));
#6544 = ORIENTED_EDGE('',*,*,#5258,.T.);
#6545 = ORIENTED_EDGE('',*,*,#6531,.T.);
#6546 = ORIENTED_EDGE('',*,*,#5381,.F.);
#6547 = ORIENTED_EDGE('',*,*,#6478,.F.);
#6548 = CYLINDRICAL_SURFACE('',#6549,9.75E-02);
#6549 = AXIS2_PLACEMENT_3D('',#6550,#6551,#6552);
#6550 = CARTESIAN_POINT('',(-2.6025,0.5,9.75E-02));
#6551 = DIRECTION('',(0.,-1.,0.));
#6552 = DIRECTION('',(-1.,0.,0.));
#6553 = ADVANCED_FACE('',(#6554),#6570,.F.);
#6554 = FACE_BOUND('',#6555,.F.);
#6555 = EDGE_LOOP('',(#6556,#6557,#6563,#6564));
#6556 = ORIENTED_EDGE('',*,*,#5481,.T.);
#6557 = ORIENTED_EDGE('',*,*,#6558,.T.);
#6558 = EDGE_CURVE('',#5484,#5626,#6559,.T.);
#6559 = LINE('',#6560,#6561);
#6560 = CARTESIAN_POINT('',(-2.7,-1.2,0.9025));
#6561 = VECTOR('',#6562,1.);
#6562 = DIRECTION('',(0.,-1.,0.));
#6563 = ORIENTED_EDGE('',*,*,#5625,.F.);
#6564 = ORIENTED_EDGE('',*,*,#6565,.F.);
#6565 = EDGE_CURVE('',#5482,#5615,#6566,.T.);
#6566 = LINE('',#6567,#6568);
#6567 = CARTESIAN_POINT('',(-2.7,-1.2,9.75E-02));
#6568 = VECTOR('',#6569,1.);
#6569 = DIRECTION('',(0.,-1.,0.));
#6570 = PLANE('',#6571);
#6571 = AXIS2_PLACEMENT_3D('',#6572,#6573,#6574);
#6572 = CARTESIAN_POINT('',(-2.7,-1.2,0.));
#6573 = DIRECTION('',(1.,0.,0.));
#6574 = DIRECTION('',(0.,-1.,0.));
#6575 = ADVANCED_FACE('',(#6576),#6582,.T.);
#6576 = FACE_BOUND('',#6577,.T.);
#6577 = EDGE_LOOP('',(#6578,#6579,#6580,#6581));
#6578 = ORIENTED_EDGE('',*,*,#6558,.T.);
#6579 = ORIENTED_EDGE('',*,*,#5633,.T.);
#6580 = ORIENTED_EDGE('',*,*,#5782,.F.);
#6581 = ORIENTED_EDGE('',*,*,#5574,.F.);
#6582 = CYLINDRICAL_SURFACE('',#6583,9.75E-02);
#6583 = AXIS2_PLACEMENT_3D('',#6584,#6585,#6586);
#6584 = CARTESIAN_POINT('',(-2.6025,-1.2,0.9025));
#6585 = DIRECTION('',(0.,-1.,0.));
#6586 = DIRECTION('',(-1.,0.,0.));
#6587 = ADVANCED_FACE('',(#6588),#6594,.T.);
#6588 = FACE_BOUND('',#6589,.T.);
#6589 = EDGE_LOOP('',(#6590,#6591,#6592,#6593));
#6590 = ORIENTED_EDGE('',*,*,#5589,.F.);
#6591 = ORIENTED_EDGE('',*,*,#5550,.T.);
#6592 = ORIENTED_EDGE('',*,*,#5799,.T.);
#6593 = ORIENTED_EDGE('',*,*,#5658,.T.);
#6594 = PLANE('',#6595);
#6595 = AXIS2_PLACEMENT_3D('',#6596,#6597,#6598);
#6596 = CARTESIAN_POINT('',(-2.505,-1.005,0.195));
#6597 = DIRECTION('',(1.,0.,0.));
#6598 = DIRECTION('',(0.,-1.,0.));
#6599 = ADVANCED_FACE('',(#6600),#6606,.T.);
#6600 = FACE_BOUND('',#6601,.T.);
#6601 = EDGE_LOOP('',(#6602,#6603,#6604,#6605));
#6602 = ORIENTED_EDGE('',*,*,#5676,.T.);
#6603 = ORIENTED_EDGE('',*,*,#5972,.T.);
#6604 = ORIENTED_EDGE('',*,*,#5524,.T.);
#6605 = ORIENTED_EDGE('',*,*,#5818,.T.);
#6606 = PLANE('',#6607);
#6607 = AXIS2_PLACEMENT_3D('',#6608,#6609,#6610);
#6608 = CARTESIAN_POINT('',(-2.2,-1.7,0.195));
#6609 = DIRECTION('',(6.906640467053E-32,2.660277333254E-32,1.));
#6610 = DIRECTION('',(1.,0.,-6.906640467053E-32));
#6611 = ADVANCED_FACE('',(#6612),#6623,.F.);
#6612 = FACE_BOUND('',#6613,.F.);
#6613 = EDGE_LOOP('',(#6614,#6615,#6616,#6617));
#6614 = ORIENTED_EDGE('',*,*,#5700,.T.);
#6615 = ORIENTED_EDGE('',*,*,#5952,.T.);
#6616 = ORIENTED_EDGE('',*,*,#5500,.T.);
#6617 = ORIENTED_EDGE('',*,*,#6618,.T.);
#6618 = EDGE_CURVE('',#5492,#5617,#6619,.T.);
#6619 = LINE('',#6620,#6621);
#6620 = CARTESIAN_POINT('',(-2.6025,-1.2,-2.775557561563E-17));
#6621 = VECTOR('',#6622,1.);
#6622 = DIRECTION('',(0.,-1.,0.));
#6623 = PLANE('',#6624);
#6624 = AXIS2_PLACEMENT_3D('',#6625,#6626,#6627);
#6625 = CARTESIAN_POINT('',(-2.2,-1.7,0.));
#6626 = DIRECTION('',(0.,0.,1.));
#6627 = DIRECTION('',(1.,0.,-0.));
#6628 = ADVANCED_FACE('',(#6629),#6635,.T.);
#6629 = FACE_BOUND('',#6630,.T.);
#6630 = EDGE_LOOP('',(#6631,#6632,#6633,#6634));
#6631 = ORIENTED_EDGE('',*,*,#5491,.T.);
#6632 = ORIENTED_EDGE('',*,*,#6618,.T.);
#6633 = ORIENTED_EDGE('',*,*,#5614,.F.);
#6634 = ORIENTED_EDGE('',*,*,#6565,.F.);
#6635 = CYLINDRICAL_SURFACE('',#6636,9.75E-02);
#6636 = AXIS2_PLACEMENT_3D('',#6637,#6638,#6639);
#6637 = CARTESIAN_POINT('',(-2.6025,-1.2,9.75E-02));
#6638 = DIRECTION('',(0.,-1.,0.));
#6639 = DIRECTION('',(-1.,0.,0.));
#6640 = ( GEOMETRIC_REPRESENTATION_CONTEXT(3) 
GLOBAL_UNCERTAINTY_ASSIGNED_CONTEXT((#6644)) 
GLOBAL_UNIT_ASSIGNED_CONTEXT((#6641,#6642,#6643)) REPRESENTATION_CONTEXT
('Context #1','3D Context with UNIT and UNCERTAINTY') );
#6641 = ( LENGTH_UNIT() NAMED_UNIT(*) SI_UNIT(.MILLI.,.METRE.) );
#6642 = ( NAMED_UNIT(*) PLANE_ANGLE_UNIT() SI_UNIT($,.RADIAN.) );
#6643 = ( NAMED_UNIT(*) SI_UNIT($,.STERADIAN.) SOLID_ANGLE_UNIT() );
#6644 = UNCERTAINTY_MEASURE_WITH_UNIT(LENGTH_MEASURE(1.E-07),#6641,
  'distance_accuracy_value','confusion accuracy');
#6645 = CONTEXT_DEPENDENT_SHAPE_REPRESENTATION(#6646,#6648);
#6646 = ( REPRESENTATION_RELATIONSHIP('','',#3060,#3037) 
REPRESENTATION_RELATIONSHIP_WITH_TRANSFORMATION(#6647) 
SHAPE_REPRESENTATION_RELATIONSHIP() );
#6647 = ITEM_DEFINED_TRANSFORMATION('','',#11,#3038);
#6648 = PRODUCT_DEFINITION_SHAPE('Placement','Placement of an item',
  #6649);
#6649 = NEXT_ASSEMBLY_USAGE_OCCURRENCE('6','=>[0:1:1:7]','',#3032,#3055,
  $);
#6650 = PRODUCT_RELATED_PRODUCT_CATEGORY('part',$,(#3057));
#6651 = SHAPE_DEFINITION_REPRESENTATION(#6652,#6658);
#6652 = PRODUCT_DEFINITION_SHAPE('','',#6653);
#6653 = PRODUCT_DEFINITION('design','',#6654,#6657);
#6654 = PRODUCT_DEFINITION_FORMATION('','',#6655);
#6655 = PRODUCT('Knowles_SPH0645LM4H-6_3.5x2.65mm',
  'Knowles_SPH0645LM4H-6_3.5x2.65mm','',(#6656));
#6656 = PRODUCT_CONTEXT('',#2,'mechanical');
#6657 = PRODUCT_DEFINITION_CONTEXT('part definition',#2,'design');
#6658 = SHAPE_REPRESENTATION('',(#11,#6659),#6663);
#6659 = AXIS2_PLACEMENT_3D('',#6660,#6661,#6662);
#6660 = CARTESIAN_POINT('',(0.,0.,0.));
#6661 = DIRECTION('',(0.,0.,1.));
#6662 = DIRECTION('',(1.,0.,-0.));
#6663 = ( GEOMETRIC_REPRESENTATION_CONTEXT(3) 
GLOBAL_UNCERTAINTY_ASSIGNED_CONTEXT((#6667)) 
GLOBAL_UNIT_ASSIGNED_CONTEXT((#6664,#6665,#6666)) REPRESENTATION_CONTEXT
('Context #1','3D Context with UNIT and UNCERTAINTY') );
#6664 = ( LENGTH_UNIT() NAMED_UNIT(*) SI_UNIT(.MILLI.,.METRE.) );
#6665 = ( NAMED_UNIT(*) PLANE_ANGLE_UNIT() SI_UNIT($,.RADIAN.) );
#6666 = ( NAMED_UNIT(*) SI_UNIT($,.STERADIAN.) SOLID_ANGLE_UNIT() );
#6667 = UNCERTAINTY_MEASURE_WITH_UNIT(LENGTH_MEASURE(1.E-07),#6664,
  'distance_accuracy_value','confusion accuracy');
#6668 = CONTEXT_DEPENDENT_SHAPE_REPRESENTATION(#6669,#6671);
#6669 = ( REPRESENTATION_RELATIONSHIP('','',#6658,#10) 
REPRESENTATION_RELATIONSHIP_WITH_TRANSFORMATION(#6670) 
SHAPE_REPRESENTATION_RELATIONSHIP() );
#6670 = ITEM_DEFINED_TRANSFORMATION('','',#11,#31);
#6671 = PRODUCT_DEFINITION_SHAPE('Placement','Placement of an item',
  #6672);
#6672 = NEXT_ASSEMBLY_USAGE_OCCURRENCE('9','MK1','',#5,#6653,$);
#6673 = PRODUCT_RELATED_PRODUCT_CATEGORY('part',$,(#6655));
#6674 = SHAPE_DEFINITION_REPRESENTATION(#6675,#6681);
#6675 = PRODUCT_DEFINITION_SHAPE('','',#6676);
#6676 = PRODUCT_DEFINITION('design','',#6677,#6680);
#6677 = PRODUCT_DEFINITION_FORMATION('','',#6678);
#6678 = PRODUCT('Knowles_SPH0645LM4H-6_3.5x2.65mm',
  'Knowles_SPH0645LM4H-6_3.5x2.65mm','',(#6679));
#6679 = PRODUCT_CONTEXT('',#2,'mechanical');
#6680 = PRODUCT_DEFINITION_CONTEXT('part definition',#2,'design');
#6681 = SHAPE_REPRESENTATION('',(#11,#6682,#6871),#7652);
#6682 = MANIFOLD_SOLID_BREP('',#6683);
#6683 = CLOSED_SHELL('',(#6684,#6724,#6755,#6786,#6814,#6842,#6854));
#6684 = ADVANCED_FACE('',(#6685),#6719,.T.);
#6685 = FACE_BOUND('',#6686,.T.);
#6686 = EDGE_LOOP('',(#6687,#6697,#6705,#6713));
#6687 = ORIENTED_EDGE('',*,*,#6688,.T.);
#6688 = EDGE_CURVE('',#6689,#6691,#6693,.T.);
#6689 = VERTEX_POINT('',#6690);
#6690 = CARTESIAN_POINT('',(-1.325,1.75,0.));
#6691 = VERTEX_POINT('',#6692);
#6692 = CARTESIAN_POINT('',(-1.325,1.75,0.28));
#6693 = LINE('',#6694,#6695);
#6694 = CARTESIAN_POINT('',(-1.325,1.75,0.));
#6695 = VECTOR('',#6696,1.);
#6696 = DIRECTION('',(0.,0.,1.));
#6697 = ORIENTED_EDGE('',*,*,#6698,.T.);
#6698 = EDGE_CURVE('',#6691,#6699,#6701,.T.);
#6699 = VERTEX_POINT('',#6700);
#6700 = CARTESIAN_POINT('',(1.325,1.75,0.28));
#6701 = LINE('',#6702,#6703);
#6702 = CARTESIAN_POINT('',(-1.325,1.75,0.28));
#6703 = VECTOR('',#6704,1.);
#6704 = DIRECTION('',(1.,0.,0.));
#6705 = ORIENTED_EDGE('',*,*,#6706,.F.);
#6706 = EDGE_CURVE('',#6707,#6699,#6709,.T.);
#6707 = VERTEX_POINT('',#6708);
#6708 = CARTESIAN_POINT('',(1.325,1.75,0.));
#6709 = LINE('',#6710,#6711);
#6710 = CARTESIAN_POINT('',(1.325,1.75,0.));
#6711 = VECTOR('',#6712,1.);
#6712 = DIRECTION('',(0.,0.,1.));
#6713 = ORIENTED_EDGE('',*,*,#6714,.F.);
#6714 = EDGE_CURVE('',#6689,#6707,#6715,.T.);
#6715 = LINE('',#6716,#6717);
#6716 = CARTESIAN_POINT('',(-1.325,1.75,0.));
#6717 = VECTOR('',#6718,1.);
#6718 = DIRECTION('',(1.,0.,0.));
#6719 = PLANE('',#6720);
#6720 = AXIS2_PLACEMENT_3D('',#6721,#6722,#6723);
#6721 = CARTESIAN_POINT('',(-1.325,1.75,0.));
#6722 = DIRECTION('',(0.,1.,0.));
#6723 = DIRECTION('',(1.,0.,0.));
#6724 = ADVANCED_FACE('',(#6725),#6750,.T.);
#6725 = FACE_BOUND('',#6726,.T.);
#6726 = EDGE_LOOP('',(#6727,#6737,#6743,#6744));
#6727 = ORIENTED_EDGE('',*,*,#6728,.T.);
#6728 = EDGE_CURVE('',#6729,#6731,#6733,.T.);
#6729 = VERTEX_POINT('',#6730);
#6730 = CARTESIAN_POINT('',(-1.325,-1.75,0.));
#6731 = VERTEX_POINT('',#6732);
#6732 = CARTESIAN_POINT('',(-1.325,-1.75,0.28));
#6733 = LINE('',#6734,#6735);
#6734 = CARTESIAN_POINT('',(-1.325,-1.75,0.));
#6735 = VECTOR('',#6736,1.);
#6736 = DIRECTION('',(0.,0.,1.));
#6737 = ORIENTED_EDGE('',*,*,#6738,.T.);
#6738 = EDGE_CURVE('',#6731,#6691,#6739,.T.);
#6739 = LINE('',#6740,#6741);
#6740 = CARTESIAN_POINT('',(-1.325,-1.75,0.28));
#6741 = VECTOR('',#6742,1.);
#6742 = DIRECTION('',(0.,1.,0.));
#6743 = ORIENTED_EDGE('',*,*,#6688,.F.);
#6744 = ORIENTED_EDGE('',*,*,#6745,.F.);
#6745 = EDGE_CURVE('',#6729,#6689,#6746,.T.);
#6746 = LINE('',#6747,#6748);
#6747 = CARTESIAN_POINT('',(-1.325,-1.75,0.));
#6748 = VECTOR('',#6749,1.);
#6749 = DIRECTION('',(0.,1.,0.));
#6750 = PLANE('',#6751);
#6751 = AXIS2_PLACEMENT_3D('',#6752,#6753,#6754);
#6752 = CARTESIAN_POINT('',(-1.325,-1.75,0.));
#6753 = DIRECTION('',(-1.,0.,0.));
#6754 = DIRECTION('',(0.,1.,0.));
#6755 = ADVANCED_FACE('',(#6756),#6781,.T.);
#6756 = FACE_BOUND('',#6757,.T.);
#6757 = EDGE_LOOP('',(#6758,#6759,#6767,#6775));
#6758 = ORIENTED_EDGE('',*,*,#6706,.T.);
#6759 = ORIENTED_EDGE('',*,*,#6760,.T.);
#6760 = EDGE_CURVE('',#6699,#6761,#6763,.T.);
#6761 = VERTEX_POINT('',#6762);
#6762 = CARTESIAN_POINT('',(1.325,-1.75,0.28));
#6763 = LINE('',#6764,#6765);
#6764 = CARTESIAN_POINT('',(1.325,1.75,0.28));
#6765 = VECTOR('',#6766,1.);
#6766 = DIRECTION('',(0.,-1.,0.));
#6767 = ORIENTED_EDGE('',*,*,#6768,.F.);
#6768 = EDGE_CURVE('',#6769,#6761,#6771,.T.);
#6769 = VERTEX_POINT('',#6770);
#6770 = CARTESIAN_POINT('',(1.325,-1.75,0.));
#6771 = LINE('',#6772,#6773);
#6772 = CARTESIAN_POINT('',(1.325,-1.75,0.));
#6773 = VECTOR('',#6774,1.);
#6774 = DIRECTION('',(0.,0.,1.));
#6775 = ORIENTED_EDGE('',*,*,#6776,.F.);
#6776 = EDGE_CURVE('',#6707,#6769,#6777,.T.);
#6777 = LINE('',#6778,#6779);
#6778 = CARTESIAN_POINT('',(1.325,1.75,0.));
#6779 = VECTOR('',#6780,1.);
#6780 = DIRECTION('',(0.,-1.,0.));
#6781 = PLANE('',#6782);
#6782 = AXIS2_PLACEMENT_3D('',#6783,#6784,#6785);
#6783 = CARTESIAN_POINT('',(1.325,1.75,0.));
#6784 = DIRECTION('',(1.,0.,0.));
#6785 = DIRECTION('',(0.,-1.,0.));
#6786 = ADVANCED_FACE('',(#6787,#6798),#6809,.F.);
#6787 = FACE_BOUND('',#6788,.F.);
#6788 = EDGE_LOOP('',(#6789,#6790,#6791,#6797));
#6789 = ORIENTED_EDGE('',*,*,#6714,.F.);
#6790 = ORIENTED_EDGE('',*,*,#6745,.F.);
#6791 = ORIENTED_EDGE('',*,*,#6792,.F.);
#6792 = EDGE_CURVE('',#6769,#6729,#6793,.T.);
#6793 = LINE('',#6794,#6795);
#6794 = CARTESIAN_POINT('',(1.325,-1.75,0.));
#6795 = VECTOR('',#6796,1.);
#6796 = DIRECTION('',(-1.,0.,0.));
#6797 = ORIENTED_EDGE('',*,*,#6776,.F.);
#6798 = FACE_BOUND('',#6799,.F.);
#6799 = EDGE_LOOP('',(#6800));
#6800 = ORIENTED_EDGE('',*,*,#6801,.F.);
#6801 = EDGE_CURVE('',#6802,#6802,#6804,.T.);
#6802 = VERTEX_POINT('',#6803);
#6803 = CARTESIAN_POINT('',(0.1625,-0.71,0.));
#6804 = CIRCLE('',#6805,0.1625);
#6805 = AXIS2_PLACEMENT_3D('',#6806,#6807,#6808);
#6806 = CARTESIAN_POINT('',(0.,-0.71,0.));
#6807 = DIRECTION('',(0.,0.,1.));
#6808 = DIRECTION('',(1.,0.,-0.));
#6809 = PLANE('',#6810);
#6810 = AXIS2_PLACEMENT_3D('',#6811,#6812,#6813);
#6811 = CARTESIAN_POINT('',(2.9E-16,2.2E-16,0.));
#6812 = DIRECTION('',(0.,0.,1.));
#6813 = DIRECTION('',(1.,0.,-0.));
#6814 = ADVANCED_FACE('',(#6815,#6826),#6837,.T.);
#6815 = FACE_BOUND('',#6816,.T.);
#6816 = EDGE_LOOP('',(#6817,#6818,#6819,#6825));
#6817 = ORIENTED_EDGE('',*,*,#6698,.F.);
#6818 = ORIENTED_EDGE('',*,*,#6738,.F.);
#6819 = ORIENTED_EDGE('',*,*,#6820,.F.);
#6820 = EDGE_CURVE('',#6761,#6731,#6821,.T.);
#6821 = LINE('',#6822,#6823);
#6822 = CARTESIAN_POINT('',(1.325,-1.75,0.28));
#6823 = VECTOR('',#6824,1.);
#6824 = DIRECTION('',(-1.,0.,0.));
#6825 = ORIENTED_EDGE('',*,*,#6760,.F.);
#6826 = FACE_BOUND('',#6827,.T.);
#6827 = EDGE_LOOP('',(#6828));
#6828 = ORIENTED_EDGE('',*,*,#6829,.F.);
#6829 = EDGE_CURVE('',#6830,#6830,#6832,.T.);
#6830 = VERTEX_POINT('',#6831);
#6831 = CARTESIAN_POINT('',(0.1625,-0.71,0.28));
#6832 = CIRCLE('',#6833,0.1625);
#6833 = AXIS2_PLACEMENT_3D('',#6834,#6835,#6836);
#6834 = CARTESIAN_POINT('',(0.,-0.71,0.28));
#6835 = DIRECTION('',(0.,0.,1.));
#6836 = DIRECTION('',(1.,0.,-0.));
#6837 = PLANE('',#6838);
#6838 = AXIS2_PLACEMENT_3D('',#6839,#6840,#6841);
#6839 = CARTESIAN_POINT('',(2.9E-16,2.2E-16,0.28));
#6840 = DIRECTION('',(0.,0.,1.));
#6841 = DIRECTION('',(1.,0.,-0.));
#6842 = ADVANCED_FACE('',(#6843),#6849,.T.);
#6843 = FACE_BOUND('',#6844,.T.);
#6844 = EDGE_LOOP('',(#6845,#6846,#6847,#6848));
#6845 = ORIENTED_EDGE('',*,*,#6768,.T.);
#6846 = ORIENTED_EDGE('',*,*,#6820,.T.);
#6847 = ORIENTED_EDGE('',*,*,#6728,.F.);
#6848 = ORIENTED_EDGE('',*,*,#6792,.F.);
#6849 = PLANE('',#6850);
#6850 = AXIS2_PLACEMENT_3D('',#6851,#6852,#6853);
#6851 = CARTESIAN_POINT('',(1.325,-1.75,0.));
#6852 = DIRECTION('',(0.,-1.,0.));
#6853 = DIRECTION('',(-1.,0.,0.));
#6854 = ADVANCED_FACE('',(#6855),#6866,.F.);
#6855 = FACE_BOUND('',#6856,.F.);
#6856 = EDGE_LOOP('',(#6857,#6858,#6864,#6865));
#6857 = ORIENTED_EDGE('',*,*,#6829,.F.);
#6858 = ORIENTED_EDGE('',*,*,#6859,.T.);
#6859 = EDGE_CURVE('',#6830,#6802,#6860,.T.);
#6860 = LINE('',#6861,#6862);
#6861 = CARTESIAN_POINT('',(0.1625,-0.71,0.28));
#6862 = VECTOR('',#6863,1.);
#6863 = DIRECTION('',(-0.,-0.,-1.));
#6864 = ORIENTED_EDGE('',*,*,#6801,.T.);
#6865 = ORIENTED_EDGE('',*,*,#6859,.F.);
#6866 = CYLINDRICAL_SURFACE('',#6867,0.1625);
#6867 = AXIS2_PLACEMENT_3D('',#6868,#6869,#6870);
#6868 = CARTESIAN_POINT('',(0.,-0.71,0.28));
#6869 = DIRECTION('',(0.,0.,1.));
#6870 = DIRECTION('',(1.,0.,-0.));
#6871 = MANIFOLD_SOLID_BREP('',#6872);
#6872 = CLOSED_SHELL('',(#6873,#6913,#6980,#7005,#7030,#7151,#7168,#7185
    ,#7202,#7219,#7231,#7262,#7287,#7312,#7336,#7360,#7385,#7410,#7427,
    #7460,#7477,#7494,#7519,#7544,#7561,#7578,#7595,#7618,#7643));
#6873 = ADVANCED_FACE('',(#6874),#6908,.T.);
#6874 = FACE_BOUND('',#6875,.T.);
#6875 = EDGE_LOOP('',(#6876,#6886,#6894,#6902));
#6876 = ORIENTED_EDGE('',*,*,#6877,.F.);
#6877 = EDGE_CURVE('',#6878,#6880,#6882,.T.);
#6878 = VERTEX_POINT('',#6879);
#6879 = CARTESIAN_POINT('',(-0.95,1.6,0.28));
#6880 = VERTEX_POINT('',#6881);
#6881 = CARTESIAN_POINT('',(0.95,1.6,0.28));
#6882 = LINE('',#6883,#6884);
#6883 = CARTESIAN_POINT('',(-1.2,1.6,0.28));
#6884 = VECTOR('',#6885,1.);
#6885 = DIRECTION('',(1.,0.,0.));
#6886 = ORIENTED_EDGE('',*,*,#6887,.T.);
#6887 = EDGE_CURVE('',#6878,#6888,#6890,.T.);
#6888 = VERTEX_POINT('',#6889);
#6889 = CARTESIAN_POINT('',(-0.95,1.6,0.38));
#6890 = LINE('',#6891,#6892);
#6891 = CARTESIAN_POINT('',(-0.95,1.6,0.28));
#6892 = VECTOR('',#6893,1.);
#6893 = DIRECTION('',(0.,0.,1.));
#6894 = ORIENTED_EDGE('',*,*,#6895,.T.);
#6895 = EDGE_CURVE('',#6888,#6896,#6898,.T.);
#6896 = VERTEX_POINT('',#6897);
#6897 = CARTESIAN_POINT('',(0.95,1.6,0.38));
#6898 = LINE('',#6899,#6900);
#6899 = CARTESIAN_POINT('',(-1.2,1.6,0.38));
#6900 = VECTOR('',#6901,1.);
#6901 = DIRECTION('',(1.,0.,0.));
#6902 = ORIENTED_EDGE('',*,*,#6903,.F.);
#6903 = EDGE_CURVE('',#6880,#6896,#6904,.T.);
#6904 = LINE('',#6905,#6906);
#6905 = CARTESIAN_POINT('',(0.95,1.6,0.28));
#6906 = VECTOR('',#6907,1.);
#6907 = DIRECTION('',(0.,0.,1.));
#6908 = PLANE('',#6909);
#6909 = AXIS2_PLACEMENT_3D('',#6910,#6911,#6912);
#6910 = CARTESIAN_POINT('',(-1.2,1.6,0.28));
#6911 = DIRECTION('',(0.,1.,0.));
#6912 = DIRECTION('',(1.,0.,0.));
#6913 = ADVANCED_FACE('',(#6914),#6975,.F.);
#6914 = FACE_BOUND('',#6915,.F.);
#6915 = EDGE_LOOP('',(#6916,#6917,#6926,#6934,#6943,#6951,#6960,#6968));
#6916 = ORIENTED_EDGE('',*,*,#6877,.F.);
#6917 = ORIENTED_EDGE('',*,*,#6918,.T.);
#6918 = EDGE_CURVE('',#6878,#6919,#6921,.T.);
#6919 = VERTEX_POINT('',#6920);
#6920 = CARTESIAN_POINT('',(-1.2,1.35,0.28));
#6921 = CIRCLE('',#6922,0.25);
#6922 = AXIS2_PLACEMENT_3D('',#6923,#6924,#6925);
#6923 = CARTESIAN_POINT('',(-0.95,1.35,0.28));
#6924 = DIRECTION('',(-0.,0.,1.));
#6925 = DIRECTION('',(0.,-1.,0.));
#6926 = ORIENTED_EDGE('',*,*,#6927,.F.);
#6927 = EDGE_CURVE('',#6928,#6919,#6930,.T.);
#6928 = VERTEX_POINT('',#6929);
#6929 = CARTESIAN_POINT('',(-1.2,-1.35,0.28));
#6930 = LINE('',#6931,#6932);
#6931 = CARTESIAN_POINT('',(-1.2,-1.6,0.28));
#6932 = VECTOR('',#6933,1.);
#6933 = DIRECTION('',(0.,1.,0.));
#6934 = ORIENTED_EDGE('',*,*,#6935,.T.);
#6935 = EDGE_CURVE('',#6928,#6936,#6938,.T.);
#6936 = VERTEX_POINT('',#6937);
#6937 = CARTESIAN_POINT('',(-0.95,-1.6,0.28));
#6938 = CIRCLE('',#6939,0.25);
#6939 = AXIS2_PLACEMENT_3D('',#6940,#6941,#6942);
#6940 = CARTESIAN_POINT('',(-0.95,-1.35,0.28));
#6941 = DIRECTION('',(-0.,0.,1.));
#6942 = DIRECTION('',(0.,-1.,0.));
#6943 = ORIENTED_EDGE('',*,*,#6944,.F.);
#6944 = EDGE_CURVE('',#6945,#6936,#6947,.T.);
#6945 = VERTEX_POINT('',#6946);
#6946 = CARTESIAN_POINT('',(0.95,-1.6,0.28));
#6947 = LINE('',#6948,#6949);
#6948 = CARTESIAN_POINT('',(1.2,-1.6,0.28));
#6949 = VECTOR('',#6950,1.);
#6950 = DIRECTION('',(-1.,0.,0.));
#6951 = ORIENTED_EDGE('',*,*,#6952,.F.);
#6952 = EDGE_CURVE('',#6953,#6945,#6955,.T.);
#6953 = VERTEX_POINT('',#6954);
#6954 = CARTESIAN_POINT('',(1.2,-1.35,0.28));
#6955 = CIRCLE('',#6956,0.25);
#6956 = AXIS2_PLACEMENT_3D('',#6957,#6958,#6959);
#6957 = CARTESIAN_POINT('',(0.95,-1.35,0.28));
#6958 = DIRECTION('',(-0.,-0.,-1.));
#6959 = DIRECTION('',(0.,-1.,0.));
#6960 = ORIENTED_EDGE('',*,*,#6961,.F.);
#6961 = EDGE_CURVE('',#6962,#6953,#6964,.T.);
#6962 = VERTEX_POINT('',#6963);
#6963 = CARTESIAN_POINT('',(1.2,1.35,0.28));
#6964 = LINE('',#6965,#6966);
#6965 = CARTESIAN_POINT('',(1.2,1.6,0.28));
#6966 = VECTOR('',#6967,1.);
#6967 = DIRECTION('',(0.,-1.,0.));
#6968 = ORIENTED_EDGE('',*,*,#6969,.F.);
#6969 = EDGE_CURVE('',#6880,#6962,#6970,.T.);
#6970 = CIRCLE('',#6971,0.25);
#6971 = AXIS2_PLACEMENT_3D('',#6972,#6973,#6974);
#6972 = CARTESIAN_POINT('',(0.95,1.35,0.28));
#6973 = DIRECTION('',(-0.,-0.,-1.));
#6974 = DIRECTION('',(0.,-1.,0.));
#6975 = PLANE('',#6976);
#6976 = AXIS2_PLACEMENT_3D('',#6977,#6978,#6979);
#6977 = CARTESIAN_POINT('',(-4.E-17,0.,0.28));
#6978 = DIRECTION('',(0.,0.,1.));
#6979 = DIRECTION('',(1.,0.,-0.));
#6980 = ADVANCED_FACE('',(#6981),#7000,.T.);
#6981 = FACE_BOUND('',#6982,.T.);
#6982 = EDGE_LOOP('',(#6983,#6984,#6992,#6999));
#6983 = ORIENTED_EDGE('',*,*,#6918,.T.);
#6984 = ORIENTED_EDGE('',*,*,#6985,.T.);
#6985 = EDGE_CURVE('',#6919,#6986,#6988,.T.);
#6986 = VERTEX_POINT('',#6987);
#6987 = CARTESIAN_POINT('',(-1.2,1.35,0.38));
#6988 = LINE('',#6989,#6990);
#6989 = CARTESIAN_POINT('',(-1.2,1.35,0.28));
#6990 = VECTOR('',#6991,1.);
#6991 = DIRECTION('',(0.,0.,1.));
#6992 = ORIENTED_EDGE('',*,*,#6993,.F.);
#6993 = EDGE_CURVE('',#6888,#6986,#6994,.T.);
#6994 = CIRCLE('',#6995,0.25);
#6995 = AXIS2_PLACEMENT_3D('',#6996,#6997,#6998);
#6996 = CARTESIAN_POINT('',(-0.95,1.35,0.38));
#6997 = DIRECTION('',(-0.,0.,1.));
#6998 = DIRECTION('',(0.,-1.,0.));
#6999 = ORIENTED_EDGE('',*,*,#6887,.F.);
#7000 = CYLINDRICAL_SURFACE('',#7001,0.25);
#7001 = AXIS2_PLACEMENT_3D('',#7002,#7003,#7004);
#7002 = CARTESIAN_POINT('',(-0.95,1.35,0.28));
#7003 = DIRECTION('',(0.,0.,1.));
#7004 = DIRECTION('',(0.,1.,0.));
#7005 = ADVANCED_FACE('',(#7006),#7025,.T.);
#7006 = FACE_BOUND('',#7007,.T.);
#7007 = EDGE_LOOP('',(#7008,#7009,#7018,#7024));
#7008 = ORIENTED_EDGE('',*,*,#6903,.T.);
#7009 = ORIENTED_EDGE('',*,*,#7010,.T.);
#7010 = EDGE_CURVE('',#6896,#7011,#7013,.T.);
#7011 = VERTEX_POINT('',#7012);
#7012 = CARTESIAN_POINT('',(1.2,1.35,0.38));
#7013 = CIRCLE('',#7014,0.25);
#7014 = AXIS2_PLACEMENT_3D('',#7015,#7016,#7017);
#7015 = CARTESIAN_POINT('',(0.95,1.35,0.38));
#7016 = DIRECTION('',(-0.,-0.,-1.));
#7017 = DIRECTION('',(0.,-1.,0.));
#7018 = ORIENTED_EDGE('',*,*,#7019,.F.);
#7019 = EDGE_CURVE('',#6962,#7011,#7020,.T.);
#7020 = LINE('',#7021,#7022);
#7021 = CARTESIAN_POINT('',(1.2,1.35,0.28));
#7022 = VECTOR('',#7023,1.);
#7023 = DIRECTION('',(0.,0.,1.));
#7024 = ORIENTED_EDGE('',*,*,#6969,.F.);
#7025 = CYLINDRICAL_SURFACE('',#7026,0.25);
#7026 = AXIS2_PLACEMENT_3D('',#7027,#7028,#7029);
#7027 = CARTESIAN_POINT('',(0.95,1.35,0.28));
#7028 = DIRECTION('',(0.,0.,1.));
#7029 = DIRECTION('',(0.,1.,0.));
#7030 = ADVANCED_FACE('',(#7031,#7076),#7146,.T.);
#7031 = FACE_BOUND('',#7032,.T.);
#7032 = EDGE_LOOP('',(#7033,#7034,#7035,#7043,#7052,#7060,#7069,#7075));
#7033 = ORIENTED_EDGE('',*,*,#6895,.F.);
#7034 = ORIENTED_EDGE('',*,*,#6993,.T.);
#7035 = ORIENTED_EDGE('',*,*,#7036,.F.);
#7036 = EDGE_CURVE('',#7037,#6986,#7039,.T.);
#7037 = VERTEX_POINT('',#7038);
#7038 = CARTESIAN_POINT('',(-1.2,-1.35,0.38));
#7039 = LINE('',#7040,#7041);
#7040 = CARTESIAN_POINT('',(-1.2,-1.6,0.38));
#7041 = VECTOR('',#7042,1.);
#7042 = DIRECTION('',(0.,1.,0.));
#7043 = ORIENTED_EDGE('',*,*,#7044,.T.);
#7044 = EDGE_CURVE('',#7037,#7045,#7047,.T.);
#7045 = VERTEX_POINT('',#7046);
#7046 = CARTESIAN_POINT('',(-0.95,-1.6,0.38));
#7047 = CIRCLE('',#7048,0.25);
#7048 = AXIS2_PLACEMENT_3D('',#7049,#7050,#7051);
#7049 = CARTESIAN_POINT('',(-0.95,-1.35,0.38));
#7050 = DIRECTION('',(-0.,0.,1.));
#7051 = DIRECTION('',(0.,-1.,0.));
#7052 = ORIENTED_EDGE('',*,*,#7053,.F.);
#7053 = EDGE_CURVE('',#7054,#7045,#7056,.T.);
#7054 = VERTEX_POINT('',#7055);
#7055 = CARTESIAN_POINT('',(0.95,-1.6,0.38));
#7056 = LINE('',#7057,#7058);
#7057 = CARTESIAN_POINT('',(1.2,-1.6,0.38));
#7058 = VECTOR('',#7059,1.);
#7059 = DIRECTION('',(-1.,0.,0.));
#7060 = ORIENTED_EDGE('',*,*,#7061,.F.);
#7061 = EDGE_CURVE('',#7062,#7054,#7064,.T.);
#7062 = VERTEX_POINT('',#7063);
#7063 = CARTESIAN_POINT('',(1.2,-1.35,0.38));
#7064 = CIRCLE('',#7065,0.25);
#7065 = AXIS2_PLACEMENT_3D('',#7066,#7067,#7068);
#7066 = CARTESIAN_POINT('',(0.95,-1.35,0.38));
#7067 = DIRECTION('',(-0.,-0.,-1.));
#7068 = DIRECTION('',(0.,-1.,0.));
#7069 = ORIENTED_EDGE('',*,*,#7070,.F.);
#7070 = EDGE_CURVE('',#7011,#7062,#7071,.T.);
#7071 = LINE('',#7072,#7073);
#7072 = CARTESIAN_POINT('',(1.2,1.6,0.38));
#7073 = VECTOR('',#7074,1.);
#7074 = DIRECTION('',(0.,-1.,0.));
#7075 = ORIENTED_EDGE('',*,*,#7010,.F.);
#7076 = FACE_BOUND('',#7077,.T.);
#7077 = EDGE_LOOP('',(#7078,#7088,#7097,#7105,#7114,#7122,#7131,#7139));
#7078 = ORIENTED_EDGE('',*,*,#7079,.T.);
#7079 = EDGE_CURVE('',#7080,#7082,#7084,.T.);
#7080 = VERTEX_POINT('',#7081);
#7081 = CARTESIAN_POINT('',(-1.15,-1.3,0.38));
#7082 = VERTEX_POINT('',#7083);
#7083 = CARTESIAN_POINT('',(-1.15,1.3,0.38));
#7084 = LINE('',#7085,#7086);
#7085 = CARTESIAN_POINT('',(-1.15,-1.55,0.38));
#7086 = VECTOR('',#7087,1.);
#7087 = DIRECTION('',(0.,1.,0.));
#7088 = ORIENTED_EDGE('',*,*,#7089,.T.);
#7089 = EDGE_CURVE('',#7082,#7090,#7092,.T.);
#7090 = VERTEX_POINT('',#7091);
#7091 = CARTESIAN_POINT('',(-0.9,1.55,0.38));
#7092 = CIRCLE('',#7093,0.25);
#7093 = AXIS2_PLACEMENT_3D('',#7094,#7095,#7096);
#7094 = CARTESIAN_POINT('',(-0.9,1.3,0.38));
#7095 = DIRECTION('',(-0.,-0.,-1.));
#7096 = DIRECTION('',(0.,-1.,0.));
#7097 = ORIENTED_EDGE('',*,*,#7098,.T.);
#7098 = EDGE_CURVE('',#7090,#7099,#7101,.T.);
#7099 = VERTEX_POINT('',#7100);
#7100 = CARTESIAN_POINT('',(0.9,1.55,0.38));
#7101 = LINE('',#7102,#7103);
#7102 = CARTESIAN_POINT('',(-1.15,1.55,0.38));
#7103 = VECTOR('',#7104,1.);
#7104 = DIRECTION('',(1.,0.,0.));
#7105 = ORIENTED_EDGE('',*,*,#7106,.F.);
#7106 = EDGE_CURVE('',#7107,#7099,#7109,.T.);
#7107 = VERTEX_POINT('',#7108);
#7108 = CARTESIAN_POINT('',(1.15,1.3,0.38));
#7109 = CIRCLE('',#7110,0.25);
#7110 = AXIS2_PLACEMENT_3D('',#7111,#7112,#7113);
#7111 = CARTESIAN_POINT('',(0.9,1.3,0.38));
#7112 = DIRECTION('',(-0.,0.,1.));
#7113 = DIRECTION('',(0.,-1.,0.));
#7114 = ORIENTED_EDGE('',*,*,#7115,.T.);
#7115 = EDGE_CURVE('',#7107,#7116,#7118,.T.);
#7116 = VERTEX_POINT('',#7117);
#7117 = CARTESIAN_POINT('',(1.15,-1.3,0.38));
#7118 = LINE('',#7119,#7120);
#7119 = CARTESIAN_POINT('',(1.15,1.55,0.38));
#7120 = VECTOR('',#7121,1.);
#7121 = DIRECTION('',(0.,-1.,0.));
#7122 = ORIENTED_EDGE('',*,*,#7123,.F.);
#7123 = EDGE_CURVE('',#7124,#7116,#7126,.T.);
#7124 = VERTEX_POINT('',#7125);
#7125 = CARTESIAN_POINT('',(0.9,-1.55,0.38));
#7126 = CIRCLE('',#7127,0.25);
#7127 = AXIS2_PLACEMENT_3D('',#7128,#7129,#7130);
#7128 = CARTESIAN_POINT('',(0.9,-1.3,0.38));
#7129 = DIRECTION('',(-0.,0.,1.));
#7130 = DIRECTION('',(0.,-1.,0.));
#7131 = ORIENTED_EDGE('',*,*,#7132,.T.);
#7132 = EDGE_CURVE('',#7124,#7133,#7135,.T.);
#7133 = VERTEX_POINT('',#7134);
#7134 = CARTESIAN_POINT('',(-0.9,-1.55,0.38));
#7135 = LINE('',#7136,#7137);
#7136 = CARTESIAN_POINT('',(1.15,-1.55,0.38));
#7137 = VECTOR('',#7138,1.);
#7138 = DIRECTION('',(-1.,0.,0.));
#7139 = ORIENTED_EDGE('',*,*,#7140,.F.);
#7140 = EDGE_CURVE('',#7080,#7133,#7141,.T.);
#7141 = CIRCLE('',#7142,0.25);
#7142 = AXIS2_PLACEMENT_3D('',#7143,#7144,#7145);
#7143 = CARTESIAN_POINT('',(-0.9,-1.3,0.38));
#7144 = DIRECTION('',(-0.,0.,1.));
#7145 = DIRECTION('',(0.,-1.,0.));
#7146 = PLANE('',#7147);
#7147 = AXIS2_PLACEMENT_3D('',#7148,#7149,#7150);
#7148 = CARTESIAN_POINT('',(-4.E-17,0.,0.38));
#7149 = DIRECTION('',(0.,0.,1.));
#7150 = DIRECTION('',(1.,0.,-0.));
#7151 = ADVANCED_FACE('',(#7152),#7163,.T.);
#7152 = FACE_BOUND('',#7153,.T.);
#7153 = EDGE_LOOP('',(#7154,#7155,#7161,#7162));
#7154 = ORIENTED_EDGE('',*,*,#6927,.F.);
#7155 = ORIENTED_EDGE('',*,*,#7156,.T.);
#7156 = EDGE_CURVE('',#6928,#7037,#7157,.T.);
#7157 = LINE('',#7158,#7159);
#7158 = CARTESIAN_POINT('',(-1.2,-1.35,0.28));
#7159 = VECTOR('',#7160,1.);
#7160 = DIRECTION('',(0.,0.,1.));
#7161 = ORIENTED_EDGE('',*,*,#7036,.T.);
#7162 = ORIENTED_EDGE('',*,*,#6985,.F.);
#7163 = PLANE('',#7164);
#7164 = AXIS2_PLACEMENT_3D('',#7165,#7166,#7167);
#7165 = CARTESIAN_POINT('',(-1.2,-1.6,0.28));
#7166 = DIRECTION('',(-1.,0.,0.));
#7167 = DIRECTION('',(0.,1.,0.));
#7168 = ADVANCED_FACE('',(#7169),#7180,.T.);
#7169 = FACE_BOUND('',#7170,.T.);
#7170 = EDGE_LOOP('',(#7171,#7172,#7173,#7174));
#7171 = ORIENTED_EDGE('',*,*,#6961,.F.);
#7172 = ORIENTED_EDGE('',*,*,#7019,.T.);
#7173 = ORIENTED_EDGE('',*,*,#7070,.T.);
#7174 = ORIENTED_EDGE('',*,*,#7175,.F.);
#7175 = EDGE_CURVE('',#6953,#7062,#7176,.T.);
#7176 = LINE('',#7177,#7178);
#7177 = CARTESIAN_POINT('',(1.2,-1.35,0.28));
#7178 = VECTOR('',#7179,1.);
#7179 = DIRECTION('',(0.,0.,1.));
#7180 = PLANE('',#7181);
#7181 = AXIS2_PLACEMENT_3D('',#7182,#7183,#7184);
#7182 = CARTESIAN_POINT('',(1.2,1.6,0.28));
#7183 = DIRECTION('',(1.,0.,0.));
#7184 = DIRECTION('',(0.,-1.,0.));
#7185 = ADVANCED_FACE('',(#7186),#7197,.T.);
#7186 = FACE_BOUND('',#7187,.T.);
#7187 = EDGE_LOOP('',(#7188,#7189,#7195,#7196));
#7188 = ORIENTED_EDGE('',*,*,#6935,.T.);
#7189 = ORIENTED_EDGE('',*,*,#7190,.T.);
#7190 = EDGE_CURVE('',#6936,#7045,#7191,.T.);
#7191 = LINE('',#7192,#7193);
#7192 = CARTESIAN_POINT('',(-0.95,-1.6,0.28));
#7193 = VECTOR('',#7194,1.);
#7194 = DIRECTION('',(0.,0.,1.));
#7195 = ORIENTED_EDGE('',*,*,#7044,.F.);
#7196 = ORIENTED_EDGE('',*,*,#7156,.F.);
#7197 = CYLINDRICAL_SURFACE('',#7198,0.25);
#7198 = AXIS2_PLACEMENT_3D('',#7199,#7200,#7201);
#7199 = CARTESIAN_POINT('',(-0.95,-1.35,0.28));
#7200 = DIRECTION('',(0.,0.,1.));
#7201 = DIRECTION('',(-1.,0.,0.));
#7202 = ADVANCED_FACE('',(#7203),#7214,.T.);
#7203 = FACE_BOUND('',#7204,.T.);
#7204 = EDGE_LOOP('',(#7205,#7206,#7207,#7213));
#7205 = ORIENTED_EDGE('',*,*,#7175,.T.);
#7206 = ORIENTED_EDGE('',*,*,#7061,.T.);
#7207 = ORIENTED_EDGE('',*,*,#7208,.F.);
#7208 = EDGE_CURVE('',#6945,#7054,#7209,.T.);
#7209 = LINE('',#7210,#7211);
#7210 = CARTESIAN_POINT('',(0.95,-1.6,0.28));
#7211 = VECTOR('',#7212,1.);
#7212 = DIRECTION('',(0.,0.,1.));
#7213 = ORIENTED_EDGE('',*,*,#6952,.F.);
#7214 = CYLINDRICAL_SURFACE('',#7215,0.25);
#7215 = AXIS2_PLACEMENT_3D('',#7216,#7217,#7218);
#7216 = CARTESIAN_POINT('',(0.95,-1.35,0.28));
#7217 = DIRECTION('',(0.,0.,1.));
#7218 = DIRECTION('',(1.,0.,-0.));
#7219 = ADVANCED_FACE('',(#7220),#7226,.T.);
#7220 = FACE_BOUND('',#7221,.T.);
#7221 = EDGE_LOOP('',(#7222,#7223,#7224,#7225));
#7222 = ORIENTED_EDGE('',*,*,#6944,.F.);
#7223 = ORIENTED_EDGE('',*,*,#7208,.T.);
#7224 = ORIENTED_EDGE('',*,*,#7053,.T.);
#7225 = ORIENTED_EDGE('',*,*,#7190,.F.);
#7226 = PLANE('',#7227);
#7227 = AXIS2_PLACEMENT_3D('',#7228,#7229,#7230);
#7228 = CARTESIAN_POINT('',(1.2,-1.6,0.28));
#7229 = DIRECTION('',(0.,-1.,0.));
#7230 = DIRECTION('',(-1.,0.,0.));
#7231 = ADVANCED_FACE('',(#7232),#7257,.T.);
#7232 = FACE_BOUND('',#7233,.T.);
#7233 = EDGE_LOOP('',(#7234,#7235,#7243,#7251));
#7234 = ORIENTED_EDGE('',*,*,#7079,.F.);
#7235 = ORIENTED_EDGE('',*,*,#7236,.T.);
#7236 = EDGE_CURVE('',#7080,#7237,#7239,.T.);
#7237 = VERTEX_POINT('',#7238);
#7238 = CARTESIAN_POINT('',(-1.15,-1.3,0.73));
#7239 = LINE('',#7240,#7241);
#7240 = CARTESIAN_POINT('',(-1.15,-1.3,0.38));
#7241 = VECTOR('',#7242,1.);
#7242 = DIRECTION('',(0.,0.,1.));
#7243 = ORIENTED_EDGE('',*,*,#7244,.T.);
#7244 = EDGE_CURVE('',#7237,#7245,#7247,.T.);
#7245 = VERTEX_POINT('',#7246);
#7246 = CARTESIAN_POINT('',(-1.15,1.3,0.73));
#7247 = LINE('',#7248,#7249);
#7248 = CARTESIAN_POINT('',(-1.15,-1.55,0.73));
#7249 = VECTOR('',#7250,1.);
#7250 = DIRECTION('',(0.,1.,0.));
#7251 = ORIENTED_EDGE('',*,*,#7252,.F.);
#7252 = EDGE_CURVE('',#7082,#7245,#7253,.T.);
#7253 = LINE('',#7254,#7255);
#7254 = CARTESIAN_POINT('',(-1.15,1.3,0.38));
#7255 = VECTOR('',#7256,1.);
#7256 = DIRECTION('',(0.,0.,1.));
#7257 = PLANE('',#7258);
#7258 = AXIS2_PLACEMENT_3D('',#7259,#7260,#7261);
#7259 = CARTESIAN_POINT('',(-1.15,-1.55,0.38));
#7260 = DIRECTION('',(-1.,0.,0.));
#7261 = DIRECTION('',(0.,1.,0.));
#7262 = ADVANCED_FACE('',(#7263),#7282,.T.);
#7263 = FACE_BOUND('',#7264,.T.);
#7264 = EDGE_LOOP('',(#7265,#7266,#7274,#7281));
#7265 = ORIENTED_EDGE('',*,*,#7140,.T.);
#7266 = ORIENTED_EDGE('',*,*,#7267,.T.);
#7267 = EDGE_CURVE('',#7133,#7268,#7270,.T.);
#7268 = VERTEX_POINT('',#7269);
#7269 = CARTESIAN_POINT('',(-0.9,-1.55,0.73));
#7270 = LINE('',#7271,#7272);
#7271 = CARTESIAN_POINT('',(-0.9,-1.55,0.38));
#7272 = VECTOR('',#7273,1.);
#7273 = DIRECTION('',(0.,0.,1.));
#7274 = ORIENTED_EDGE('',*,*,#7275,.F.);
#7275 = EDGE_CURVE('',#7237,#7268,#7276,.T.);
#7276 = CIRCLE('',#7277,0.25);
#7277 = AXIS2_PLACEMENT_3D('',#7278,#7279,#7280);
#7278 = CARTESIAN_POINT('',(-0.9,-1.3,0.73));
#7279 = DIRECTION('',(-0.,2.2E-16,1.));
#7280 = DIRECTION('',(0.,-1.,2.2E-16));
#7281 = ORIENTED_EDGE('',*,*,#7236,.F.);
#7282 = CYLINDRICAL_SURFACE('',#7283,0.25);
#7283 = AXIS2_PLACEMENT_3D('',#7284,#7285,#7286);
#7284 = CARTESIAN_POINT('',(-0.9,-1.3,0.38));
#7285 = DIRECTION('',(0.,0.,1.));
#7286 = DIRECTION('',(-1.,0.,0.));
#7287 = ADVANCED_FACE('',(#7288),#7307,.T.);
#7288 = FACE_BOUND('',#7289,.T.);
#7289 = EDGE_LOOP('',(#7290,#7291,#7300,#7306));
#7290 = ORIENTED_EDGE('',*,*,#7252,.T.);
#7291 = ORIENTED_EDGE('',*,*,#7292,.F.);
#7292 = EDGE_CURVE('',#7293,#7245,#7295,.T.);
#7293 = VERTEX_POINT('',#7294);
#7294 = CARTESIAN_POINT('',(-0.9,1.55,0.73));
#7295 = CIRCLE('',#7296,0.25);
#7296 = AXIS2_PLACEMENT_3D('',#7297,#7298,#7299);
#7297 = CARTESIAN_POINT('',(-0.9,1.3,0.73));
#7298 = DIRECTION('',(0.,-0.,1.));
#7299 = DIRECTION('',(0.,1.,0.));
#7300 = ORIENTED_EDGE('',*,*,#7301,.F.);
#7301 = EDGE_CURVE('',#7090,#7293,#7302,.T.);
#7302 = LINE('',#7303,#7304);
#7303 = CARTESIAN_POINT('',(-0.9,1.55,0.38));
#7304 = VECTOR('',#7305,1.);
#7305 = DIRECTION('',(0.,0.,1.));
#7306 = ORIENTED_EDGE('',*,*,#7089,.F.);
#7307 = CYLINDRICAL_SURFACE('',#7308,0.25);
#7308 = AXIS2_PLACEMENT_3D('',#7309,#7310,#7311);
#7309 = CARTESIAN_POINT('',(-0.9,1.3,0.38));
#7310 = DIRECTION('',(0.,0.,1.));
#7311 = DIRECTION('',(-1.,0.,0.));
#7312 = ADVANCED_FACE('',(#7313),#7331,.T.);
#7313 = FACE_BOUND('',#7314,.T.);
#7314 = EDGE_LOOP('',(#7315,#7316,#7324,#7330));
#7315 = ORIENTED_EDGE('',*,*,#7132,.F.);
#7316 = ORIENTED_EDGE('',*,*,#7317,.T.);
#7317 = EDGE_CURVE('',#7124,#7318,#7320,.T.);
#7318 = VERTEX_POINT('',#7319);
#7319 = CARTESIAN_POINT('',(0.9,-1.55,0.73));
#7320 = LINE('',#7321,#7322);
#7321 = CARTESIAN_POINT('',(0.9,-1.55,0.38));
#7322 = VECTOR('',#7323,1.);
#7323 = DIRECTION('',(0.,0.,1.));
#7324 = ORIENTED_EDGE('',*,*,#7325,.T.);
#7325 = EDGE_CURVE('',#7318,#7268,#7326,.T.);
#7326 = LINE('',#7327,#7328);
#7327 = CARTESIAN_POINT('',(1.15,-1.55,0.73));
#7328 = VECTOR('',#7329,1.);
#7329 = DIRECTION('',(-1.,0.,0.));
#7330 = ORIENTED_EDGE('',*,*,#7267,.F.);
#7331 = PLANE('',#7332);
#7332 = AXIS2_PLACEMENT_3D('',#7333,#7334,#7335);
#7333 = CARTESIAN_POINT('',(1.15,-1.55,0.38));
#7334 = DIRECTION('',(0.,-1.,0.));
#7335 = DIRECTION('',(-1.,0.,0.));
#7336 = ADVANCED_FACE('',(#7337),#7355,.T.);
#7337 = FACE_BOUND('',#7338,.T.);
#7338 = EDGE_LOOP('',(#7339,#7340,#7341,#7349));
#7339 = ORIENTED_EDGE('',*,*,#7098,.F.);
#7340 = ORIENTED_EDGE('',*,*,#7301,.T.);
#7341 = ORIENTED_EDGE('',*,*,#7342,.T.);
#7342 = EDGE_CURVE('',#7293,#7343,#7345,.T.);
#7343 = VERTEX_POINT('',#7344);
#7344 = CARTESIAN_POINT('',(0.9,1.55,0.73));
#7345 = LINE('',#7346,#7347);
#7346 = CARTESIAN_POINT('',(-1.15,1.55,0.73));
#7347 = VECTOR('',#7348,1.);
#7348 = DIRECTION('',(1.,0.,0.));
#7349 = ORIENTED_EDGE('',*,*,#7350,.F.);
#7350 = EDGE_CURVE('',#7099,#7343,#7351,.T.);
#7351 = LINE('',#7352,#7353);
#7352 = CARTESIAN_POINT('',(0.9,1.55,0.38));
#7353 = VECTOR('',#7354,1.);
#7354 = DIRECTION('',(0.,0.,1.));
#7355 = PLANE('',#7356);
#7356 = AXIS2_PLACEMENT_3D('',#7357,#7358,#7359);
#7357 = CARTESIAN_POINT('',(-1.15,1.55,0.38));
#7358 = DIRECTION('',(0.,1.,0.));
#7359 = DIRECTION('',(1.,0.,0.));
#7360 = ADVANCED_FACE('',(#7361),#7380,.T.);
#7361 = FACE_BOUND('',#7362,.T.);
#7362 = EDGE_LOOP('',(#7363,#7364,#7372,#7379));
#7363 = ORIENTED_EDGE('',*,*,#7123,.T.);
#7364 = ORIENTED_EDGE('',*,*,#7365,.T.);
#7365 = EDGE_CURVE('',#7116,#7366,#7368,.T.);
#7366 = VERTEX_POINT('',#7367);
#7367 = CARTESIAN_POINT('',(1.15,-1.3,0.73));
#7368 = LINE('',#7369,#7370);
#7369 = CARTESIAN_POINT('',(1.15,-1.3,0.38));
#7370 = VECTOR('',#7371,1.);
#7371 = DIRECTION('',(0.,0.,1.));
#7372 = ORIENTED_EDGE('',*,*,#7373,.T.);
#7373 = EDGE_CURVE('',#7366,#7318,#7374,.T.);
#7374 = CIRCLE('',#7375,0.25);
#7375 = AXIS2_PLACEMENT_3D('',#7376,#7377,#7378);
#7376 = CARTESIAN_POINT('',(0.9,-1.3,0.73));
#7377 = DIRECTION('',(0.,0.,-1.));
#7378 = DIRECTION('',(1.,0.,0.));
#7379 = ORIENTED_EDGE('',*,*,#7317,.F.);
#7380 = CYLINDRICAL_SURFACE('',#7381,0.25);
#7381 = AXIS2_PLACEMENT_3D('',#7382,#7383,#7384);
#7382 = CARTESIAN_POINT('',(0.9,-1.3,0.38));
#7383 = DIRECTION('',(0.,0.,1.));
#7384 = DIRECTION('',(0.,-1.,0.));
#7385 = ADVANCED_FACE('',(#7386),#7405,.T.);
#7386 = FACE_BOUND('',#7387,.T.);
#7387 = EDGE_LOOP('',(#7388,#7389,#7390,#7399));
#7388 = ORIENTED_EDGE('',*,*,#7106,.T.);
#7389 = ORIENTED_EDGE('',*,*,#7350,.T.);
#7390 = ORIENTED_EDGE('',*,*,#7391,.T.);
#7391 = EDGE_CURVE('',#7343,#7392,#7394,.T.);
#7392 = VERTEX_POINT('',#7393);
#7393 = CARTESIAN_POINT('',(1.15,1.3,0.73));
#7394 = CIRCLE('',#7395,0.25);
#7395 = AXIS2_PLACEMENT_3D('',#7396,#7397,#7398);
#7396 = CARTESIAN_POINT('',(0.9,1.3,0.73));
#7397 = DIRECTION('',(2.2E-16,0.,-1.));
#7398 = DIRECTION('',(1.,0.,2.2E-16));
#7399 = ORIENTED_EDGE('',*,*,#7400,.F.);
#7400 = EDGE_CURVE('',#7107,#7392,#7401,.T.);
#7401 = LINE('',#7402,#7403);
#7402 = CARTESIAN_POINT('',(1.15,1.3,0.38));
#7403 = VECTOR('',#7404,1.);
#7404 = DIRECTION('',(0.,0.,1.));
#7405 = CYLINDRICAL_SURFACE('',#7406,0.25);
#7406 = AXIS2_PLACEMENT_3D('',#7407,#7408,#7409);
#7407 = CARTESIAN_POINT('',(0.9,1.3,0.38));
#7408 = DIRECTION('',(0.,0.,1.));
#7409 = DIRECTION('',(1.,0.,-0.));
#7410 = ADVANCED_FACE('',(#7411),#7422,.T.);
#7411 = FACE_BOUND('',#7412,.T.);
#7412 = EDGE_LOOP('',(#7413,#7414,#7415,#7421));
#7413 = ORIENTED_EDGE('',*,*,#7115,.F.);
#7414 = ORIENTED_EDGE('',*,*,#7400,.T.);
#7415 = ORIENTED_EDGE('',*,*,#7416,.T.);
#7416 = EDGE_CURVE('',#7392,#7366,#7417,.T.);
#7417 = LINE('',#7418,#7419);
#7418 = CARTESIAN_POINT('',(1.15,1.55,0.73));
#7419 = VECTOR('',#7420,1.);
#7420 = DIRECTION('',(0.,-1.,0.));
#7421 = ORIENTED_EDGE('',*,*,#7365,.F.);
#7422 = PLANE('',#7423);
#7423 = AXIS2_PLACEMENT_3D('',#7424,#7425,#7426);
#7424 = CARTESIAN_POINT('',(1.15,1.55,0.38));
#7425 = DIRECTION('',(1.,0.,0.));
#7426 = DIRECTION('',(0.,-1.,0.));
#7427 = ADVANCED_FACE('',(#7428),#7455,.T.);
#7428 = FACE_BOUND('',#7429,.T.);
#7429 = EDGE_LOOP('',(#7430,#7439,#7447,#7454));
#7430 = ORIENTED_EDGE('',*,*,#7431,.T.);
#7431 = EDGE_CURVE('',#7237,#7432,#7434,.T.);
#7432 = VERTEX_POINT('',#7433);
#7433 = CARTESIAN_POINT('',(-0.9,-1.3,0.98));
#7434 = CIRCLE('',#7435,0.25);
#7435 = AXIS2_PLACEMENT_3D('',#7436,#7437,#7438);
#7436 = CARTESIAN_POINT('',(-0.9,-1.3,0.73));
#7437 = DIRECTION('',(-0.,1.,6.E-17));
#7438 = DIRECTION('',(0.,-6.E-17,1.));
#7439 = ORIENTED_EDGE('',*,*,#7440,.T.);
#7440 = EDGE_CURVE('',#7432,#7441,#7443,.T.);
#7441 = VERTEX_POINT('',#7442);
#7442 = CARTESIAN_POINT('',(-0.9,1.3,0.98));
#7443 = LINE('',#7444,#7445);
#7444 = CARTESIAN_POINT('',(-0.9,-1.55,0.98));
#7445 = VECTOR('',#7446,1.);
#7446 = DIRECTION('',(0.,1.,0.));
#7447 = ORIENTED_EDGE('',*,*,#7448,.T.);
#7448 = EDGE_CURVE('',#7441,#7245,#7449,.T.);
#7449 = CIRCLE('',#7450,0.25);
#7450 = AXIS2_PLACEMENT_3D('',#7451,#7452,#7453);
#7451 = CARTESIAN_POINT('',(-0.9,1.3,0.73));
#7452 = DIRECTION('',(-6.E-17,-1.,-0.));
#7453 = DIRECTION('',(-1.,6.E-17,0.));
#7454 = ORIENTED_EDGE('',*,*,#7244,.F.);
#7455 = CYLINDRICAL_SURFACE('',#7456,0.25);
#7456 = AXIS2_PLACEMENT_3D('',#7457,#7458,#7459);
#7457 = CARTESIAN_POINT('',(-0.9,-1.55,0.73));
#7458 = DIRECTION('',(0.,1.,0.));
#7459 = DIRECTION('',(-1.,0.,0.));
#7460 = ADVANCED_FACE('',(#7461),#7472,.T.);
#7461 = FACE_BOUND('',#7462,.T.);
#7462 = EDGE_LOOP('',(#7463,#7470,#7471));
#7463 = ORIENTED_EDGE('',*,*,#7464,.T.);
#7464 = EDGE_CURVE('',#7268,#7432,#7465,.T.);
#7465 = CIRCLE('',#7466,0.25);
#7466 = AXIS2_PLACEMENT_3D('',#7467,#7468,#7469);
#7467 = CARTESIAN_POINT('',(-0.9,-1.3,0.73));
#7468 = DIRECTION('',(-1.,0.,0.));
#7469 = DIRECTION('',(0.,-1.,2.2E-16));
#7470 = ORIENTED_EDGE('',*,*,#7431,.F.);
#7471 = ORIENTED_EDGE('',*,*,#7275,.T.);
#7472 = SPHERICAL_SURFACE('',#7473,0.25);
#7473 = AXIS2_PLACEMENT_3D('',#7474,#7475,#7476);
#7474 = CARTESIAN_POINT('',(-0.9,-1.3,0.73));
#7475 = DIRECTION('',(1.,0.,0.));
#7476 = DIRECTION('',(0.,-1.,2.2E-16));
#7477 = ADVANCED_FACE('',(#7478),#7489,.T.);
#7478 = FACE_BOUND('',#7479,.T.);
#7479 = EDGE_LOOP('',(#7480,#7481,#7482));
#7480 = ORIENTED_EDGE('',*,*,#7292,.T.);
#7481 = ORIENTED_EDGE('',*,*,#7448,.F.);
#7482 = ORIENTED_EDGE('',*,*,#7483,.T.);
#7483 = EDGE_CURVE('',#7441,#7293,#7484,.T.);
#7484 = CIRCLE('',#7485,0.25);
#7485 = AXIS2_PLACEMENT_3D('',#7486,#7487,#7488);
#7486 = CARTESIAN_POINT('',(-0.9,1.3,0.73));
#7487 = DIRECTION('',(-1.,0.,0.));
#7488 = DIRECTION('',(0.,1.,0.));
#7489 = SPHERICAL_SURFACE('',#7490,0.25);
#7490 = AXIS2_PLACEMENT_3D('',#7491,#7492,#7493);
#7491 = CARTESIAN_POINT('',(-0.9,1.3,0.73));
#7492 = DIRECTION('',(-0.,-0.,-1.));
#7493 = DIRECTION('',(0.,1.,-0.));
#7494 = ADVANCED_FACE('',(#7495),#7514,.T.);
#7495 = FACE_BOUND('',#7496,.T.);
#7496 = EDGE_LOOP('',(#7497,#7506,#7512,#7513));
#7497 = ORIENTED_EDGE('',*,*,#7498,.F.);
#7498 = EDGE_CURVE('',#7499,#7318,#7501,.T.);
#7499 = VERTEX_POINT('',#7500);
#7500 = CARTESIAN_POINT('',(0.9,-1.3,0.98));
#7501 = CIRCLE('',#7502,0.25);
#7502 = AXIS2_PLACEMENT_3D('',#7503,#7504,#7505);
#7503 = CARTESIAN_POINT('',(0.9,-1.3,0.73));
#7504 = DIRECTION('',(1.,6.E-17,0.));
#7505 = DIRECTION('',(6.E-17,-1.,0.));
#7506 = ORIENTED_EDGE('',*,*,#7507,.T.);
#7507 = EDGE_CURVE('',#7499,#7432,#7508,.T.);
#7508 = LINE('',#7509,#7510);
#7509 = CARTESIAN_POINT('',(1.15,-1.3,0.98));
#7510 = VECTOR('',#7511,1.);
#7511 = DIRECTION('',(-1.,0.,0.));
#7512 = ORIENTED_EDGE('',*,*,#7464,.F.);
#7513 = ORIENTED_EDGE('',*,*,#7325,.F.);
#7514 = CYLINDRICAL_SURFACE('',#7515,0.25);
#7515 = AXIS2_PLACEMENT_3D('',#7516,#7517,#7518);
#7516 = CARTESIAN_POINT('',(1.15,-1.3,0.73));
#7517 = DIRECTION('',(-1.,0.,0.));
#7518 = DIRECTION('',(0.,-1.,0.));
#7519 = ADVANCED_FACE('',(#7520),#7539,.T.);
#7520 = FACE_BOUND('',#7521,.T.);
#7521 = EDGE_LOOP('',(#7522,#7523,#7531,#7538));
#7522 = ORIENTED_EDGE('',*,*,#7483,.F.);
#7523 = ORIENTED_EDGE('',*,*,#7524,.T.);
#7524 = EDGE_CURVE('',#7441,#7525,#7527,.T.);
#7525 = VERTEX_POINT('',#7526);
#7526 = CARTESIAN_POINT('',(0.9,1.3,0.98));
#7527 = LINE('',#7528,#7529);
#7528 = CARTESIAN_POINT('',(-1.15,1.3,0.98));
#7529 = VECTOR('',#7530,1.);
#7530 = DIRECTION('',(1.,0.,0.));
#7531 = ORIENTED_EDGE('',*,*,#7532,.F.);
#7532 = EDGE_CURVE('',#7343,#7525,#7533,.T.);
#7533 = CIRCLE('',#7534,0.25);
#7534 = AXIS2_PLACEMENT_3D('',#7535,#7536,#7537);
#7535 = CARTESIAN_POINT('',(0.9,1.3,0.73));
#7536 = DIRECTION('',(1.,0.,-6.E-17));
#7537 = DIRECTION('',(6.E-17,0.,1.));
#7538 = ORIENTED_EDGE('',*,*,#7342,.F.);
#7539 = CYLINDRICAL_SURFACE('',#7540,0.25);
#7540 = AXIS2_PLACEMENT_3D('',#7541,#7542,#7543);
#7541 = CARTESIAN_POINT('',(-1.15,1.3,0.73));
#7542 = DIRECTION('',(1.,0.,0.));
#7543 = DIRECTION('',(-0.,1.,0.));
#7544 = ADVANCED_FACE('',(#7545),#7556,.T.);
#7545 = FACE_BOUND('',#7546,.T.);
#7546 = EDGE_LOOP('',(#7547,#7554,#7555));
#7547 = ORIENTED_EDGE('',*,*,#7548,.F.);
#7548 = EDGE_CURVE('',#7499,#7366,#7549,.T.);
#7549 = CIRCLE('',#7550,0.25);
#7550 = AXIS2_PLACEMENT_3D('',#7551,#7552,#7553);
#7551 = CARTESIAN_POINT('',(0.9,-1.3,0.73));
#7552 = DIRECTION('',(-0.,1.,0.));
#7553 = DIRECTION('',(1.,0.,0.));
#7554 = ORIENTED_EDGE('',*,*,#7498,.T.);
#7555 = ORIENTED_EDGE('',*,*,#7373,.F.);
#7556 = SPHERICAL_SURFACE('',#7557,0.25);
#7557 = AXIS2_PLACEMENT_3D('',#7558,#7559,#7560);
#7558 = CARTESIAN_POINT('',(0.9,-1.3,0.73));
#7559 = DIRECTION('',(-0.,-0.,-1.));
#7560 = DIRECTION('',(1.,0.,0.));
#7561 = ADVANCED_FACE('',(#7562),#7573,.T.);
#7562 = FACE_BOUND('',#7563,.T.);
#7563 = EDGE_LOOP('',(#7564,#7565,#7566));
#7564 = ORIENTED_EDGE('',*,*,#7391,.F.);
#7565 = ORIENTED_EDGE('',*,*,#7532,.T.);
#7566 = ORIENTED_EDGE('',*,*,#7567,.F.);
#7567 = EDGE_CURVE('',#7392,#7525,#7568,.T.);
#7568 = CIRCLE('',#7569,0.25);
#7569 = AXIS2_PLACEMENT_3D('',#7570,#7571,#7572);
#7570 = CARTESIAN_POINT('',(0.9,1.3,0.73));
#7571 = DIRECTION('',(0.,-1.,0.));
#7572 = DIRECTION('',(1.,0.,2.2E-16));
#7573 = SPHERICAL_SURFACE('',#7574,0.25);
#7574 = AXIS2_PLACEMENT_3D('',#7575,#7576,#7577);
#7575 = CARTESIAN_POINT('',(0.9,1.3,0.73));
#7576 = DIRECTION('',(0.,-1.,0.));
#7577 = DIRECTION('',(1.,0.,2.2E-16));
#7578 = ADVANCED_FACE('',(#7579),#7590,.T.);
#7579 = FACE_BOUND('',#7580,.T.);
#7580 = EDGE_LOOP('',(#7581,#7582,#7583,#7589));
#7581 = ORIENTED_EDGE('',*,*,#7416,.F.);
#7582 = ORIENTED_EDGE('',*,*,#7567,.T.);
#7583 = ORIENTED_EDGE('',*,*,#7584,.T.);
#7584 = EDGE_CURVE('',#7525,#7499,#7585,.T.);
#7585 = LINE('',#7586,#7587);
#7586 = CARTESIAN_POINT('',(0.9,1.55,0.98));
#7587 = VECTOR('',#7588,1.);
#7588 = DIRECTION('',(0.,-1.,0.));
#7589 = ORIENTED_EDGE('',*,*,#7548,.T.);
#7590 = CYLINDRICAL_SURFACE('',#7591,0.25);
#7591 = AXIS2_PLACEMENT_3D('',#7592,#7593,#7594);
#7592 = CARTESIAN_POINT('',(0.9,1.55,0.73));
#7593 = DIRECTION('',(0.,-1.,0.));
#7594 = DIRECTION('',(1.,0.,0.));
#7595 = ADVANCED_FACE('',(#7596,#7602),#7613,.T.);
#7596 = FACE_BOUND('',#7597,.T.);
#7597 = EDGE_LOOP('',(#7598,#7599,#7600,#7601));
#7598 = ORIENTED_EDGE('',*,*,#7584,.F.);
#7599 = ORIENTED_EDGE('',*,*,#7524,.F.);
#7600 = ORIENTED_EDGE('',*,*,#7440,.F.);
#7601 = ORIENTED_EDGE('',*,*,#7507,.F.);
#7602 = FACE_BOUND('',#7603,.T.);
#7603 = EDGE_LOOP('',(#7604));
#7604 = ORIENTED_EDGE('',*,*,#7605,.F.);
#7605 = EDGE_CURVE('',#7606,#7606,#7608,.T.);
#7606 = VERTEX_POINT('',#7607);
#7607 = CARTESIAN_POINT('',(-0.4,0.9,0.98));
#7608 = CIRCLE('',#7609,0.1);
#7609 = AXIS2_PLACEMENT_3D('',#7610,#7611,#7612);
#7610 = CARTESIAN_POINT('',(-0.5,0.9,0.98));
#7611 = DIRECTION('',(0.,0.,1.));
#7612 = DIRECTION('',(1.,0.,-0.));
#7613 = PLANE('',#7614);
#7614 = AXIS2_PLACEMENT_3D('',#7615,#7616,#7617);
#7615 = CARTESIAN_POINT('',(-4.E-17,0.,0.98));
#7616 = DIRECTION('',(0.,0.,1.));
#7617 = DIRECTION('',(1.,0.,-0.));
#7618 = ADVANCED_FACE('',(#7619),#7638,.F.);
#7619 = FACE_BOUND('',#7620,.F.);
#7620 = EDGE_LOOP('',(#7621,#7629,#7636,#7637));
#7621 = ORIENTED_EDGE('',*,*,#7622,.T.);
#7622 = EDGE_CURVE('',#7606,#7623,#7625,.T.);
#7623 = VERTEX_POINT('',#7624);
#7624 = CARTESIAN_POINT('',(-0.4,0.9,0.93));
#7625 = LINE('',#7626,#7627);
#7626 = CARTESIAN_POINT('',(-0.4,0.9,0.98));
#7627 = VECTOR('',#7628,1.);
#7628 = DIRECTION('',(-0.,-0.,-1.));
#7629 = ORIENTED_EDGE('',*,*,#7630,.T.);
#7630 = EDGE_CURVE('',#7623,#7623,#7631,.T.);
#7631 = CIRCLE('',#7632,0.1);
#7632 = AXIS2_PLACEMENT_3D('',#7633,#7634,#7635);
#7633 = CARTESIAN_POINT('',(-0.5,0.9,0.93));
#7634 = DIRECTION('',(0.,0.,1.));
#7635 = DIRECTION('',(1.,0.,-0.));
#7636 = ORIENTED_EDGE('',*,*,#7622,.F.);
#7637 = ORIENTED_EDGE('',*,*,#7605,.F.);
#7638 = CYLINDRICAL_SURFACE('',#7639,0.1);
#7639 = AXIS2_PLACEMENT_3D('',#7640,#7641,#7642);
#7640 = CARTESIAN_POINT('',(-0.5,0.9,0.98));
#7641 = DIRECTION('',(0.,0.,1.));
#7642 = DIRECTION('',(1.,0.,-0.));
#7643 = ADVANCED_FACE('',(#7644),#7647,.T.);
#7644 = FACE_BOUND('',#7645,.T.);
#7645 = EDGE_LOOP('',(#7646));
#7646 = ORIENTED_EDGE('',*,*,#7630,.T.);
#7647 = PLANE('',#7648);
#7648 = AXIS2_PLACEMENT_3D('',#7649,#7650,#7651);
#7649 = CARTESIAN_POINT('',(-0.5,0.9,0.93));
#7650 = DIRECTION('',(5.135813185033E-32,-1.027162637007E-31,1.));
#7651 = DIRECTION('',(0.,1.,1.027162637007E-31));
#7652 = ( GEOMETRIC_REPRESENTATION_CONTEXT(3) 
GLOBAL_UNCERTAINTY_ASSIGNED_CONTEXT((#7656)) 
GLOBAL_UNIT_ASSIGNED_CONTEXT((#7653,#7654,#7655)) REPRESENTATION_CONTEXT
('Context #1','3D Context with UNIT and UNCERTAINTY') );
#7653 = ( LENGTH_UNIT() NAMED_UNIT(*) SI_UNIT(.MILLI.,.METRE.) );
#7654 = ( NAMED_UNIT(*) PLANE_ANGLE_UNIT() SI_UNIT($,.RADIAN.) );
#7655 = ( NAMED_UNIT(*) SI_UNIT($,.STERADIAN.) SOLID_ANGLE_UNIT() );
#7656 = UNCERTAINTY_MEASURE_WITH_UNIT(LENGTH_MEASURE(1.E-07),#7653,
  'distance_accuracy_value','confusion accuracy');
#7657 = CONTEXT_DEPENDENT_SHAPE_REPRESENTATION(#7658,#7660);
#7658 = ( REPRESENTATION_RELATIONSHIP('','',#6681,#6658) 
REPRESENTATION_RELATIONSHIP_WITH_TRANSFORMATION(#7659) 
SHAPE_REPRESENTATION_RELATIONSHIP() );
#7659 = ITEM_DEFINED_TRANSFORMATION('','',#11,#6659);
#7660 = PRODUCT_DEFINITION_SHAPE('Placement','Placement of an item',
  #7661);
#7661 = NEXT_ASSEMBLY_USAGE_OCCURRENCE('8','=>[0:1:1:9]','',#6653,#6676,
  $);
#7662 = PRODUCT_RELATED_PRODUCT_CATEGORY('part',$,(#6678));
#7663 = SHAPE_DEFINITION_REPRESENTATION(#7664,#7670);
#7664 = PRODUCT_DEFINITION_SHAPE('','',#7665);
#7665 = PRODUCT_DEFINITION('design','',#7666,#7669);
#7666 = PRODUCT_DEFINITION_FORMATION('','',#7667);
#7667 = PRODUCT('514_pcb_PCB','514_pcb_PCB','',(#7668));
#7668 = PRODUCT_CONTEXT('',#2,'mechanical');
#7669 = PRODUCT_DEFINITION_CONTEXT('part definition',#2,'design');
#7670 = ADVANCED_BREP_SHAPE_REPRESENTATION('',(#11,#7671),#8640);
#7671 = MANIFOLD_SOLID_BREP('',#7672);
#7672 = CLOSED_SHELL('',(#7673,#7713,#7744,#7775,#8023,#8271,#8283,#8300
    ,#8317,#8334,#8351,#8368,#8385,#8402,#8419,#8436,#8453,#8470,#8487,
    #8504,#8521,#8538,#8555,#8572,#8589,#8606,#8623));
#7673 = ADVANCED_FACE('',(#7674),#7708,.T.);
#7674 = FACE_BOUND('',#7675,.T.);
#7675 = EDGE_LOOP('',(#7676,#7686,#7694,#7702));
#7676 = ORIENTED_EDGE('',*,*,#7677,.T.);
#7677 = EDGE_CURVE('',#7678,#7680,#7682,.T.);
#7678 = VERTEX_POINT('',#7679);
#7679 = CARTESIAN_POINT('',(141.5,-115.,0.));
#7680 = VERTEX_POINT('',#7681);
#7681 = CARTESIAN_POINT('',(141.5,-115.,1.6));
#7682 = LINE('',#7683,#7684);
#7683 = CARTESIAN_POINT('',(141.5,-115.,0.));
#7684 = VECTOR('',#7685,1.);
#7685 = DIRECTION('',(0.,0.,1.));
#7686 = ORIENTED_EDGE('',*,*,#7687,.T.);
#7687 = EDGE_CURVE('',#7680,#7688,#7690,.T.);
#7688 = VERTEX_POINT('',#7689);
#7689 = CARTESIAN_POINT('',(81.,-115.,1.6));
#7690 = LINE('',#7691,#7692);
#7691 = CARTESIAN_POINT('',(141.5,-115.,1.6));
#7692 = VECTOR('',#7693,1.);
#7693 = DIRECTION('',(-1.,0.,0.));
#7694 = ORIENTED_EDGE('',*,*,#7695,.F.);
#7695 = EDGE_CURVE('',#7696,#7688,#7698,.T.);
#7696 = VERTEX_POINT('',#7697);
#7697 = CARTESIAN_POINT('',(81.,-115.,0.));
#7698 = LINE('',#7699,#7700);
#7699 = CARTESIAN_POINT('',(81.,-115.,0.));
#7700 = VECTOR('',#7701,1.);
#7701 = DIRECTION('',(0.,0.,1.));
#7702 = ORIENTED_EDGE('',*,*,#7703,.F.);
#7703 = EDGE_CURVE('',#7678,#7696,#7704,.T.);
#7704 = LINE('',#7705,#7706);
#7705 = CARTESIAN_POINT('',(141.5,-115.,0.));
#7706 = VECTOR('',#7707,1.);
#7707 = DIRECTION('',(-1.,0.,0.));
#7708 = PLANE('',#7709);
#7709 = AXIS2_PLACEMENT_3D('',#7710,#7711,#7712);
#7710 = CARTESIAN_POINT('',(141.5,-115.,0.));
#7711 = DIRECTION('',(0.,-1.,0.));
#7712 = DIRECTION('',(-1.,0.,0.));
#7713 = ADVANCED_FACE('',(#7714),#7739,.T.);
#7714 = FACE_BOUND('',#7715,.T.);
#7715 = EDGE_LOOP('',(#7716,#7726,#7732,#7733));
#7716 = ORIENTED_EDGE('',*,*,#7717,.T.);
#7717 = EDGE_CURVE('',#7718,#7720,#7722,.T.);
#7718 = VERTEX_POINT('',#7719);
#7719 = CARTESIAN_POINT('',(141.5,-63.,0.));
#7720 = VERTEX_POINT('',#7721);
#7721 = CARTESIAN_POINT('',(141.5,-63.,1.6));
#7722 = LINE('',#7723,#7724);
#7723 = CARTESIAN_POINT('',(141.5,-63.,0.));
#7724 = VECTOR('',#7725,1.);
#7725 = DIRECTION('',(0.,0.,1.));
#7726 = ORIENTED_EDGE('',*,*,#7727,.T.);
#7727 = EDGE_CURVE('',#7720,#7680,#7728,.T.);
#7728 = LINE('',#7729,#7730);
#7729 = CARTESIAN_POINT('',(141.5,-63.,1.6));
#7730 = VECTOR('',#7731,1.);
#7731 = DIRECTION('',(0.,-1.,0.));
#7732 = ORIENTED_EDGE('',*,*,#7677,.F.);
#7733 = ORIENTED_EDGE('',*,*,#7734,.F.);
#7734 = EDGE_CURVE('',#7718,#7678,#7735,.T.);
#7735 = LINE('',#7736,#7737);
#7736 = CARTESIAN_POINT('',(141.5,-63.,0.));
#7737 = VECTOR('',#7738,1.);
#7738 = DIRECTION('',(0.,-1.,0.));
#7739 = PLANE('',#7740);
#7740 = AXIS2_PLACEMENT_3D('',#7741,#7742,#7743);
#7741 = CARTESIAN_POINT('',(141.5,-63.,0.));
#7742 = DIRECTION('',(1.,0.,-0.));
#7743 = DIRECTION('',(0.,-1.,0.));
#7744 = ADVANCED_FACE('',(#7745),#7770,.T.);
#7745 = FACE_BOUND('',#7746,.T.);
#7746 = EDGE_LOOP('',(#7747,#7748,#7756,#7764));
#7747 = ORIENTED_EDGE('',*,*,#7695,.T.);
#7748 = ORIENTED_EDGE('',*,*,#7749,.T.);
#7749 = EDGE_CURVE('',#7688,#7750,#7752,.T.);
#7750 = VERTEX_POINT('',#7751);
#7751 = CARTESIAN_POINT('',(81.,-63.,1.6));
#7752 = LINE('',#7753,#7754);
#7753 = CARTESIAN_POINT('',(81.,-115.,1.6));
#7754 = VECTOR('',#7755,1.);
#7755 = DIRECTION('',(0.,1.,0.));
#7756 = ORIENTED_EDGE('',*,*,#7757,.F.);
#7757 = EDGE_CURVE('',#7758,#7750,#7760,.T.);
#7758 = VERTEX_POINT('',#7759);
#7759 = CARTESIAN_POINT('',(81.,-63.,0.));
#7760 = LINE('',#7761,#7762);
#7761 = CARTESIAN_POINT('',(81.,-63.,0.));
#7762 = VECTOR('',#7763,1.);
#7763 = DIRECTION('',(0.,0.,1.));
#7764 = ORIENTED_EDGE('',*,*,#7765,.F.);
#7765 = EDGE_CURVE('',#7696,#7758,#7766,.T.);
#7766 = LINE('',#7767,#7768);
#7767 = CARTESIAN_POINT('',(81.,-115.,0.));
#7768 = VECTOR('',#7769,1.);
#7769 = DIRECTION('',(0.,1.,0.));
#7770 = PLANE('',#7771);
#7771 = AXIS2_PLACEMENT_3D('',#7772,#7773,#7774);
#7772 = CARTESIAN_POINT('',(81.,-115.,0.));
#7773 = DIRECTION('',(-1.,0.,0.));
#7774 = DIRECTION('',(0.,1.,0.));
#7775 = ADVANCED_FACE('',(#7776,#7787,#7798,#7809,#7820,#7831,#7842,
    #7853,#7864,#7875,#7886,#7897,#7908,#7919,#7930,#7941,#7952,#7963,
    #7974,#7985,#7996,#8007),#8018,.F.);
#7776 = FACE_BOUND('',#7777,.F.);
#7777 = EDGE_LOOP('',(#7778,#7779,#7780,#7786));
#7778 = ORIENTED_EDGE('',*,*,#7703,.F.);
#7779 = ORIENTED_EDGE('',*,*,#7734,.F.);
#7780 = ORIENTED_EDGE('',*,*,#7781,.F.);
#7781 = EDGE_CURVE('',#7758,#7718,#7782,.T.);
#7782 = LINE('',#7783,#7784);
#7783 = CARTESIAN_POINT('',(81.,-63.,0.));
#7784 = VECTOR('',#7785,1.);
#7785 = DIRECTION('',(1.,0.,0.));
#7786 = ORIENTED_EDGE('',*,*,#7765,.F.);
#7787 = FACE_BOUND('',#7788,.F.);
#7788 = EDGE_LOOP('',(#7789));
#7789 = ORIENTED_EDGE('',*,*,#7790,.T.);
#7790 = EDGE_CURVE('',#7791,#7791,#7793,.T.);
#7791 = VERTEX_POINT('',#7792);
#7792 = CARTESIAN_POINT('',(109.168,-107.15,0.));
#7793 = CIRCLE('',#7794,0.25);
#7794 = AXIS2_PLACEMENT_3D('',#7795,#7796,#7797);
#7795 = CARTESIAN_POINT('',(109.168,-106.9,0.));
#7796 = DIRECTION('',(-0.,0.,-1.));
#7797 = DIRECTION('',(-0.,-1.,0.));
#7798 = FACE_BOUND('',#7799,.F.);
#7799 = EDGE_LOOP('',(#7800));
#7800 = ORIENTED_EDGE('',*,*,#7801,.T.);
#7801 = EDGE_CURVE('',#7802,#7802,#7804,.T.);
#7802 = VERTEX_POINT('',#7803);
#7803 = CARTESIAN_POINT('',(89.26,-91.6445,0.));
#7804 = CIRCLE('',#7805,0.4445);
#7805 = AXIS2_PLACEMENT_3D('',#7806,#7807,#7808);
#7806 = CARTESIAN_POINT('',(89.26,-91.2,0.));
#7807 = DIRECTION('',(-0.,0.,-1.));
#7808 = DIRECTION('',(3.197042680585E-14,-1.,-0.));
#7809 = FACE_BOUND('',#7810,.F.);
#7810 = EDGE_LOOP('',(#7811));
#7811 = ORIENTED_EDGE('',*,*,#7812,.T.);
#7812 = EDGE_CURVE('',#7813,#7813,#7815,.T.);
#7813 = VERTEX_POINT('',#7814);
#7814 = CARTESIAN_POINT('',(104.5,-91.6445,0.));
#7815 = CIRCLE('',#7816,0.4445);
#7816 = AXIS2_PLACEMENT_3D('',#7817,#7818,#7819);
#7817 = CARTESIAN_POINT('',(104.5,-91.2,0.));
#7818 = DIRECTION('',(-0.,0.,-1.));
#7819 = DIRECTION('',(-0.,-1.,0.));
#7820 = FACE_BOUND('',#7821,.F.);
#7821 = EDGE_LOOP('',(#7822));
#7822 = ORIENTED_EDGE('',*,*,#7823,.T.);
#7823 = EDGE_CURVE('',#7824,#7824,#7826,.T.);
#7824 = VERTEX_POINT('',#7825);
#7825 = CARTESIAN_POINT('',(89.26,-89.1045,0.));
#7826 = CIRCLE('',#7827,0.4445);
#7827 = AXIS2_PLACEMENT_3D('',#7828,#7829,#7830);
#7828 = CARTESIAN_POINT('',(89.26,-88.66,0.));
#7829 = DIRECTION('',(-0.,0.,-1.));
#7830 = DIRECTION('',(3.197042680585E-14,-1.,-0.));
#7831 = FACE_BOUND('',#7832,.F.);
#7832 = EDGE_LOOP('',(#7833));
#7833 = ORIENTED_EDGE('',*,*,#7834,.T.);
#7834 = EDGE_CURVE('',#7835,#7835,#7837,.T.);
#7835 = VERTEX_POINT('',#7836);
#7836 = CARTESIAN_POINT('',(89.26,-86.5645,0.));
#7837 = CIRCLE('',#7838,0.4445);
#7838 = AXIS2_PLACEMENT_3D('',#7839,#7840,#7841);
#7839 = CARTESIAN_POINT('',(89.26,-86.12,0.));
#7840 = DIRECTION('',(-0.,0.,-1.));
#7841 = DIRECTION('',(3.197042680585E-14,-1.,-0.));
#7842 = FACE_BOUND('',#7843,.F.);
#7843 = EDGE_LOOP('',(#7844));
#7844 = ORIENTED_EDGE('',*,*,#7845,.T.);
#7845 = EDGE_CURVE('',#7846,#7846,#7848,.T.);
#7846 = VERTEX_POINT('',#7847);
#7847 = CARTESIAN_POINT('',(89.26,-84.0245,0.));
#7848 = CIRCLE('',#7849,0.4445);
#7849 = AXIS2_PLACEMENT_3D('',#7850,#7851,#7852);
#7850 = CARTESIAN_POINT('',(89.26,-83.58,0.));
#7851 = DIRECTION('',(-0.,0.,-1.));
#7852 = DIRECTION('',(3.197042680585E-14,-1.,-0.));
#7853 = FACE_BOUND('',#7854,.F.);
#7854 = EDGE_LOOP('',(#7855));
#7855 = ORIENTED_EDGE('',*,*,#7856,.T.);
#7856 = EDGE_CURVE('',#7857,#7857,#7859,.T.);
#7857 = VERTEX_POINT('',#7858);
#7858 = CARTESIAN_POINT('',(89.26,-81.4845,0.));
#7859 = CIRCLE('',#7860,0.4445);
#7860 = AXIS2_PLACEMENT_3D('',#7861,#7862,#7863);
#7861 = CARTESIAN_POINT('',(89.26,-81.04,0.));
#7862 = DIRECTION('',(-0.,0.,-1.));
#7863 = DIRECTION('',(3.197042680585E-14,-1.,-0.));
#7864 = FACE_BOUND('',#7865,.F.);
#7865 = EDGE_LOOP('',(#7866));
#7866 = ORIENTED_EDGE('',*,*,#7867,.T.);
#7867 = EDGE_CURVE('',#7868,#7868,#7870,.T.);
#7868 = VERTEX_POINT('',#7869);
#7869 = CARTESIAN_POINT('',(104.5,-89.1045,0.));
#7870 = CIRCLE('',#7871,0.4445);
#7871 = AXIS2_PLACEMENT_3D('',#7872,#7873,#7874);
#7872 = CARTESIAN_POINT('',(104.5,-88.66,0.));
#7873 = DIRECTION('',(-0.,0.,-1.));
#7874 = DIRECTION('',(-0.,-1.,0.));
#7875 = FACE_BOUND('',#7876,.F.);
#7876 = EDGE_LOOP('',(#7877));
#7877 = ORIENTED_EDGE('',*,*,#7878,.T.);
#7878 = EDGE_CURVE('',#7879,#7879,#7881,.T.);
#7879 = VERTEX_POINT('',#7880);
#7880 = CARTESIAN_POINT('',(104.5,-86.5645,0.));
#7881 = CIRCLE('',#7882,0.4445);
#7882 = AXIS2_PLACEMENT_3D('',#7883,#7884,#7885);
#7883 = CARTESIAN_POINT('',(104.5,-86.12,0.));
#7884 = DIRECTION('',(-0.,0.,-1.));
#7885 = DIRECTION('',(-0.,-1.,0.));
#7886 = FACE_BOUND('',#7887,.F.);
#7887 = EDGE_LOOP('',(#7888));
#7888 = ORIENTED_EDGE('',*,*,#7889,.T.);
#7889 = EDGE_CURVE('',#7890,#7890,#7892,.T.);
#7890 = VERTEX_POINT('',#7891);
#7891 = CARTESIAN_POINT('',(104.5,-84.0245,0.));
#7892 = CIRCLE('',#7893,0.4445);
#7893 = AXIS2_PLACEMENT_3D('',#7894,#7895,#7896);
#7894 = CARTESIAN_POINT('',(104.5,-83.58,0.));
#7895 = DIRECTION('',(-0.,0.,-1.));
#7896 = DIRECTION('',(-0.,-1.,0.));
#7897 = FACE_BOUND('',#7898,.F.);
#7898 = EDGE_LOOP('',(#7899));
#7899 = ORIENTED_EDGE('',*,*,#7900,.T.);
#7900 = EDGE_CURVE('',#7901,#7901,#7903,.T.);
#7901 = VERTEX_POINT('',#7902);
#7902 = CARTESIAN_POINT('',(104.5,-81.4845,0.));
#7903 = CIRCLE('',#7904,0.4445);
#7904 = AXIS2_PLACEMENT_3D('',#7905,#7906,#7907);
#7905 = CARTESIAN_POINT('',(104.5,-81.04,0.));
#7906 = DIRECTION('',(-0.,0.,-1.));
#7907 = DIRECTION('',(-0.,-1.,0.));
#7908 = FACE_BOUND('',#7909,.F.);
#7909 = EDGE_LOOP('',(#7910));
#7910 = ORIENTED_EDGE('',*,*,#7911,.T.);
#7911 = EDGE_CURVE('',#7912,#7912,#7914,.T.);
#7912 = VERTEX_POINT('',#7913);
#7913 = CARTESIAN_POINT('',(89.26,-78.9445,0.));
#7914 = CIRCLE('',#7915,0.4445);
#7915 = AXIS2_PLACEMENT_3D('',#7916,#7917,#7918);
#7916 = CARTESIAN_POINT('',(89.26,-78.5,0.));
#7917 = DIRECTION('',(-0.,0.,-1.));
#7918 = DIRECTION('',(3.197042680585E-14,-1.,-0.));
#7919 = FACE_BOUND('',#7920,.F.);
#7920 = EDGE_LOOP('',(#7921));
#7921 = ORIENTED_EDGE('',*,*,#7922,.T.);
#7922 = EDGE_CURVE('',#7923,#7923,#7925,.T.);
#7923 = VERTEX_POINT('',#7924);
#7924 = CARTESIAN_POINT('',(89.26,-76.4045,0.));
#7925 = CIRCLE('',#7926,0.4445);
#7926 = AXIS2_PLACEMENT_3D('',#7927,#7928,#7929);
#7927 = CARTESIAN_POINT('',(89.26,-75.96,0.));
#7928 = DIRECTION('',(-0.,0.,-1.));
#7929 = DIRECTION('',(3.197042680585E-14,-1.,-0.));
#7930 = FACE_BOUND('',#7931,.F.);
#7931 = EDGE_LOOP('',(#7932));
#7932 = ORIENTED_EDGE('',*,*,#7933,.T.);
#7933 = EDGE_CURVE('',#7934,#7934,#7936,.T.);
#7934 = VERTEX_POINT('',#7935);
#7935 = CARTESIAN_POINT('',(104.5,-78.9445,0.));
#7936 = CIRCLE('',#7937,0.4445);
#7937 = AXIS2_PLACEMENT_3D('',#7938,#7939,#7940);
#7938 = CARTESIAN_POINT('',(104.5,-78.5,0.));
#7939 = DIRECTION('',(-0.,0.,-1.));
#7940 = DIRECTION('',(-0.,-1.,0.));
#7941 = FACE_BOUND('',#7942,.F.);
#7942 = EDGE_LOOP('',(#7943));
#7943 = ORIENTED_EDGE('',*,*,#7944,.T.);
#7944 = EDGE_CURVE('',#7945,#7945,#7947,.T.);
#7945 = VERTEX_POINT('',#7946);
#7946 = CARTESIAN_POINT('',(104.5,-76.4045,0.));
#7947 = CIRCLE('',#7948,0.4445);
#7948 = AXIS2_PLACEMENT_3D('',#7949,#7950,#7951);
#7949 = CARTESIAN_POINT('',(104.5,-75.96,0.));
#7950 = DIRECTION('',(-0.,0.,-1.));
#7951 = DIRECTION('',(-0.,-1.,0.));
#7952 = FACE_BOUND('',#7953,.F.);
#7953 = EDGE_LOOP('',(#7954));
#7954 = ORIENTED_EDGE('',*,*,#7955,.T.);
#7955 = EDGE_CURVE('',#7956,#7956,#7958,.T.);
#7956 = VERTEX_POINT('',#7957);
#7957 = CARTESIAN_POINT('',(115.,-77.58,0.));
#7958 = CIRCLE('',#7959,0.5);
#7959 = AXIS2_PLACEMENT_3D('',#7960,#7961,#7962);
#7960 = CARTESIAN_POINT('',(115.,-77.08,0.));
#7961 = DIRECTION('',(-0.,0.,-1.));
#7962 = DIRECTION('',(-0.,-1.,0.));
#7963 = FACE_BOUND('',#7964,.F.);
#7964 = EDGE_LOOP('',(#7965));
#7965 = ORIENTED_EDGE('',*,*,#7966,.T.);
#7966 = EDGE_CURVE('',#7967,#7967,#7969,.T.);
#7967 = VERTEX_POINT('',#7968);
#7968 = CARTESIAN_POINT('',(115.,-75.04,0.));
#7969 = CIRCLE('',#7970,0.5);
#7970 = AXIS2_PLACEMENT_3D('',#7971,#7972,#7973);
#7971 = CARTESIAN_POINT('',(115.,-74.54,0.));
#7972 = DIRECTION('',(-0.,0.,-1.));
#7973 = DIRECTION('',(-0.,-1.,0.));
#7974 = FACE_BOUND('',#7975,.F.);
#7975 = EDGE_LOOP('',(#7976));
#7976 = ORIENTED_EDGE('',*,*,#7977,.T.);
#7977 = EDGE_CURVE('',#7978,#7978,#7980,.T.);
#7978 = VERTEX_POINT('',#7979);
#7979 = CARTESIAN_POINT('',(115.,-72.5,0.));
#7980 = CIRCLE('',#7981,0.5);
#7981 = AXIS2_PLACEMENT_3D('',#7982,#7983,#7984);
#7982 = CARTESIAN_POINT('',(115.,-72.,0.));
#7983 = DIRECTION('',(-0.,0.,-1.));
#7984 = DIRECTION('',(-0.,-1.,0.));
#7985 = FACE_BOUND('',#7986,.F.);
#7986 = EDGE_LOOP('',(#7987));
#7987 = ORIENTED_EDGE('',*,*,#7988,.T.);
#7988 = EDGE_CURVE('',#7989,#7989,#7991,.T.);
#7989 = VERTEX_POINT('',#7990);
#7990 = CARTESIAN_POINT('',(129.5,-77.,0.));
#7991 = CIRCLE('',#7992,0.5);
#7992 = AXIS2_PLACEMENT_3D('',#7993,#7994,#7995);
#7993 = CARTESIAN_POINT('',(129.5,-76.5,0.));
#7994 = DIRECTION('',(-0.,0.,-1.));
#7995 = DIRECTION('',(-0.,-1.,0.));
#7996 = FACE_BOUND('',#7997,.F.);
#7997 = EDGE_LOOP('',(#7998));
#7998 = ORIENTED_EDGE('',*,*,#7999,.T.);
#7999 = EDGE_CURVE('',#8000,#8000,#8002,.T.);
#8000 = VERTEX_POINT('',#8001);
#8001 = CARTESIAN_POINT('',(129.5,-75.,0.));
#8002 = CIRCLE('',#8003,0.5);
#8003 = AXIS2_PLACEMENT_3D('',#8004,#8005,#8006);
#8004 = CARTESIAN_POINT('',(129.5,-74.5,0.));
#8005 = DIRECTION('',(-0.,0.,-1.));
#8006 = DIRECTION('',(-0.,-1.,0.));
#8007 = FACE_BOUND('',#8008,.F.);
#8008 = EDGE_LOOP('',(#8009));
#8009 = ORIENTED_EDGE('',*,*,#8010,.T.);
#8010 = EDGE_CURVE('',#8011,#8011,#8013,.T.);
#8011 = VERTEX_POINT('',#8012);
#8012 = CARTESIAN_POINT('',(131.,-73.025,0.));
#8013 = CIRCLE('',#8014,0.575);
#8014 = AXIS2_PLACEMENT_3D('',#8015,#8016,#8017);
#8015 = CARTESIAN_POINT('',(131.,-72.45,0.));
#8016 = DIRECTION('',(-0.,0.,-1.));
#8017 = DIRECTION('',(-0.,-1.,0.));
#8018 = PLANE('',#8019);
#8019 = AXIS2_PLACEMENT_3D('',#8020,#8021,#8022);
#8020 = CARTESIAN_POINT('',(0.,0.,0.));
#8021 = DIRECTION('',(0.,0.,1.));
#8022 = DIRECTION('',(1.,0.,-0.));
#8023 = ADVANCED_FACE('',(#8024,#8035,#8046,#8057,#8068,#8079,#8090,
    #8101,#8112,#8123,#8134,#8145,#8156,#8167,#8178,#8189,#8200,#8211,
    #8222,#8233,#8244,#8255),#8266,.T.);
#8024 = FACE_BOUND('',#8025,.T.);
#8025 = EDGE_LOOP('',(#8026,#8027,#8028,#8034));
#8026 = ORIENTED_EDGE('',*,*,#7687,.F.);
#8027 = ORIENTED_EDGE('',*,*,#7727,.F.);
#8028 = ORIENTED_EDGE('',*,*,#8029,.F.);
#8029 = EDGE_CURVE('',#7750,#7720,#8030,.T.);
#8030 = LINE('',#8031,#8032);
#8031 = CARTESIAN_POINT('',(81.,-63.,1.6));
#8032 = VECTOR('',#8033,1.);
#8033 = DIRECTION('',(1.,0.,0.));
#8034 = ORIENTED_EDGE('',*,*,#7749,.F.);
#8035 = FACE_BOUND('',#8036,.T.);
#8036 = EDGE_LOOP('',(#8037));
#8037 = ORIENTED_EDGE('',*,*,#8038,.T.);
#8038 = EDGE_CURVE('',#8039,#8039,#8041,.T.);
#8039 = VERTEX_POINT('',#8040);
#8040 = CARTESIAN_POINT('',(109.168,-107.15,1.6));
#8041 = CIRCLE('',#8042,0.25);
#8042 = AXIS2_PLACEMENT_3D('',#8043,#8044,#8045);
#8043 = CARTESIAN_POINT('',(109.168,-106.9,1.6));
#8044 = DIRECTION('',(-0.,0.,-1.));
#8045 = DIRECTION('',(-0.,-1.,0.));
#8046 = FACE_BOUND('',#8047,.T.);
#8047 = EDGE_LOOP('',(#8048));
#8048 = ORIENTED_EDGE('',*,*,#8049,.T.);
#8049 = EDGE_CURVE('',#8050,#8050,#8052,.T.);
#8050 = VERTEX_POINT('',#8051);
#8051 = CARTESIAN_POINT('',(89.26,-91.6445,1.6));
#8052 = CIRCLE('',#8053,0.4445);
#8053 = AXIS2_PLACEMENT_3D('',#8054,#8055,#8056);
#8054 = CARTESIAN_POINT('',(89.26,-91.2,1.6));
#8055 = DIRECTION('',(-0.,0.,-1.));
#8056 = DIRECTION('',(3.197042680585E-14,-1.,-0.));
#8057 = FACE_BOUND('',#8058,.T.);
#8058 = EDGE_LOOP('',(#8059));
#8059 = ORIENTED_EDGE('',*,*,#8060,.T.);
#8060 = EDGE_CURVE('',#8061,#8061,#8063,.T.);
#8061 = VERTEX_POINT('',#8062);
#8062 = CARTESIAN_POINT('',(104.5,-91.6445,1.6));
#8063 = CIRCLE('',#8064,0.4445);
#8064 = AXIS2_PLACEMENT_3D('',#8065,#8066,#8067);
#8065 = CARTESIAN_POINT('',(104.5,-91.2,1.6));
#8066 = DIRECTION('',(-0.,0.,-1.));
#8067 = DIRECTION('',(-0.,-1.,0.));
#8068 = FACE_BOUND('',#8069,.T.);
#8069 = EDGE_LOOP('',(#8070));
#8070 = ORIENTED_EDGE('',*,*,#8071,.T.);
#8071 = EDGE_CURVE('',#8072,#8072,#8074,.T.);
#8072 = VERTEX_POINT('',#8073);
#8073 = CARTESIAN_POINT('',(89.26,-89.1045,1.6));
#8074 = CIRCLE('',#8075,0.4445);
#8075 = AXIS2_PLACEMENT_3D('',#8076,#8077,#8078);
#8076 = CARTESIAN_POINT('',(89.26,-88.66,1.6));
#8077 = DIRECTION('',(-0.,0.,-1.));
#8078 = DIRECTION('',(3.197042680585E-14,-1.,-0.));
#8079 = FACE_BOUND('',#8080,.T.);
#8080 = EDGE_LOOP('',(#8081));
#8081 = ORIENTED_EDGE('',*,*,#8082,.T.);
#8082 = EDGE_CURVE('',#8083,#8083,#8085,.T.);
#8083 = VERTEX_POINT('',#8084);
#8084 = CARTESIAN_POINT('',(89.26,-86.5645,1.6));
#8085 = CIRCLE('',#8086,0.4445);
#8086 = AXIS2_PLACEMENT_3D('',#8087,#8088,#8089);
#8087 = CARTESIAN_POINT('',(89.26,-86.12,1.6));
#8088 = DIRECTION('',(-0.,0.,-1.));
#8089 = DIRECTION('',(3.197042680585E-14,-1.,-0.));
#8090 = FACE_BOUND('',#8091,.T.);
#8091 = EDGE_LOOP('',(#8092));
#8092 = ORIENTED_EDGE('',*,*,#8093,.T.);
#8093 = EDGE_CURVE('',#8094,#8094,#8096,.T.);
#8094 = VERTEX_POINT('',#8095);
#8095 = CARTESIAN_POINT('',(89.26,-84.0245,1.6));
#8096 = CIRCLE('',#8097,0.4445);
#8097 = AXIS2_PLACEMENT_3D('',#8098,#8099,#8100);
#8098 = CARTESIAN_POINT('',(89.26,-83.58,1.6));
#8099 = DIRECTION('',(-0.,0.,-1.));
#8100 = DIRECTION('',(3.197042680585E-14,-1.,-0.));
#8101 = FACE_BOUND('',#8102,.T.);
#8102 = EDGE_LOOP('',(#8103));
#8103 = ORIENTED_EDGE('',*,*,#8104,.T.);
#8104 = EDGE_CURVE('',#8105,#8105,#8107,.T.);
#8105 = VERTEX_POINT('',#8106);
#8106 = CARTESIAN_POINT('',(89.26,-81.4845,1.6));
#8107 = CIRCLE('',#8108,0.4445);
#8108 = AXIS2_PLACEMENT_3D('',#8109,#8110,#8111);
#8109 = CARTESIAN_POINT('',(89.26,-81.04,1.6));
#8110 = DIRECTION('',(-0.,0.,-1.));
#8111 = DIRECTION('',(3.197042680585E-14,-1.,-0.));
#8112 = FACE_BOUND('',#8113,.T.);
#8113 = EDGE_LOOP('',(#8114));
#8114 = ORIENTED_EDGE('',*,*,#8115,.T.);
#8115 = EDGE_CURVE('',#8116,#8116,#8118,.T.);
#8116 = VERTEX_POINT('',#8117);
#8117 = CARTESIAN_POINT('',(104.5,-89.1045,1.6));
#8118 = CIRCLE('',#8119,0.4445);
#8119 = AXIS2_PLACEMENT_3D('',#8120,#8121,#8122);
#8120 = CARTESIAN_POINT('',(104.5,-88.66,1.6));
#8121 = DIRECTION('',(-0.,0.,-1.));
#8122 = DIRECTION('',(-0.,-1.,0.));
#8123 = FACE_BOUND('',#8124,.T.);
#8124 = EDGE_LOOP('',(#8125));
#8125 = ORIENTED_EDGE('',*,*,#8126,.T.);
#8126 = EDGE_CURVE('',#8127,#8127,#8129,.T.);
#8127 = VERTEX_POINT('',#8128);
#8128 = CARTESIAN_POINT('',(104.5,-86.5645,1.6));
#8129 = CIRCLE('',#8130,0.4445);
#8130 = AXIS2_PLACEMENT_3D('',#8131,#8132,#8133);
#8131 = CARTESIAN_POINT('',(104.5,-86.12,1.6));
#8132 = DIRECTION('',(-0.,0.,-1.));
#8133 = DIRECTION('',(-0.,-1.,0.));
#8134 = FACE_BOUND('',#8135,.T.);
#8135 = EDGE_LOOP('',(#8136));
#8136 = ORIENTED_EDGE('',*,*,#8137,.T.);
#8137 = EDGE_CURVE('',#8138,#8138,#8140,.T.);
#8138 = VERTEX_POINT('',#8139);
#8139 = CARTESIAN_POINT('',(104.5,-84.0245,1.6));
#8140 = CIRCLE('',#8141,0.4445);
#8141 = AXIS2_PLACEMENT_3D('',#8142,#8143,#8144);
#8142 = CARTESIAN_POINT('',(104.5,-83.58,1.6));
#8143 = DIRECTION('',(-0.,0.,-1.));
#8144 = DIRECTION('',(-0.,-1.,0.));
#8145 = FACE_BOUND('',#8146,.T.);
#8146 = EDGE_LOOP('',(#8147));
#8147 = ORIENTED_EDGE('',*,*,#8148,.T.);
#8148 = EDGE_CURVE('',#8149,#8149,#8151,.T.);
#8149 = VERTEX_POINT('',#8150);
#8150 = CARTESIAN_POINT('',(104.5,-81.4845,1.6));
#8151 = CIRCLE('',#8152,0.4445);
#8152 = AXIS2_PLACEMENT_3D('',#8153,#8154,#8155);
#8153 = CARTESIAN_POINT('',(104.5,-81.04,1.6));
#8154 = DIRECTION('',(-0.,0.,-1.));
#8155 = DIRECTION('',(-0.,-1.,0.));
#8156 = FACE_BOUND('',#8157,.T.);
#8157 = EDGE_LOOP('',(#8158));
#8158 = ORIENTED_EDGE('',*,*,#8159,.T.);
#8159 = EDGE_CURVE('',#8160,#8160,#8162,.T.);
#8160 = VERTEX_POINT('',#8161);
#8161 = CARTESIAN_POINT('',(89.26,-78.9445,1.6));
#8162 = CIRCLE('',#8163,0.4445);
#8163 = AXIS2_PLACEMENT_3D('',#8164,#8165,#8166);
#8164 = CARTESIAN_POINT('',(89.26,-78.5,1.6));
#8165 = DIRECTION('',(-0.,0.,-1.));
#8166 = DIRECTION('',(3.197042680585E-14,-1.,-0.));
#8167 = FACE_BOUND('',#8168,.T.);
#8168 = EDGE_LOOP('',(#8169));
#8169 = ORIENTED_EDGE('',*,*,#8170,.T.);
#8170 = EDGE_CURVE('',#8171,#8171,#8173,.T.);
#8171 = VERTEX_POINT('',#8172);
#8172 = CARTESIAN_POINT('',(89.26,-76.4045,1.6));
#8173 = CIRCLE('',#8174,0.4445);
#8174 = AXIS2_PLACEMENT_3D('',#8175,#8176,#8177);
#8175 = CARTESIAN_POINT('',(89.26,-75.96,1.6));
#8176 = DIRECTION('',(-0.,0.,-1.));
#8177 = DIRECTION('',(3.197042680585E-14,-1.,-0.));
#8178 = FACE_BOUND('',#8179,.T.);
#8179 = EDGE_LOOP('',(#8180));
#8180 = ORIENTED_EDGE('',*,*,#8181,.T.);
#8181 = EDGE_CURVE('',#8182,#8182,#8184,.T.);
#8182 = VERTEX_POINT('',#8183);
#8183 = CARTESIAN_POINT('',(104.5,-78.9445,1.6));
#8184 = CIRCLE('',#8185,0.4445);
#8185 = AXIS2_PLACEMENT_3D('',#8186,#8187,#8188);
#8186 = CARTESIAN_POINT('',(104.5,-78.5,1.6));
#8187 = DIRECTION('',(-0.,0.,-1.));
#8188 = DIRECTION('',(-0.,-1.,0.));
#8189 = FACE_BOUND('',#8190,.T.);
#8190 = EDGE_LOOP('',(#8191));
#8191 = ORIENTED_EDGE('',*,*,#8192,.T.);
#8192 = EDGE_CURVE('',#8193,#8193,#8195,.T.);
#8193 = VERTEX_POINT('',#8194);
#8194 = CARTESIAN_POINT('',(104.5,-76.4045,1.6));
#8195 = CIRCLE('',#8196,0.4445);
#8196 = AXIS2_PLACEMENT_3D('',#8197,#8198,#8199);
#8197 = CARTESIAN_POINT('',(104.5,-75.96,1.6));
#8198 = DIRECTION('',(-0.,0.,-1.));
#8199 = DIRECTION('',(-0.,-1.,0.));
#8200 = FACE_BOUND('',#8201,.T.);
#8201 = EDGE_LOOP('',(#8202));
#8202 = ORIENTED_EDGE('',*,*,#8203,.T.);
#8203 = EDGE_CURVE('',#8204,#8204,#8206,.T.);
#8204 = VERTEX_POINT('',#8205);
#8205 = CARTESIAN_POINT('',(115.,-77.58,1.6));
#8206 = CIRCLE('',#8207,0.5);
#8207 = AXIS2_PLACEMENT_3D('',#8208,#8209,#8210);
#8208 = CARTESIAN_POINT('',(115.,-77.08,1.6));
#8209 = DIRECTION('',(-0.,0.,-1.));
#8210 = DIRECTION('',(-0.,-1.,0.));
#8211 = FACE_BOUND('',#8212,.T.);
#8212 = EDGE_LOOP('',(#8213));
#8213 = ORIENTED_EDGE('',*,*,#8214,.T.);
#8214 = EDGE_CURVE('',#8215,#8215,#8217,.T.);
#8215 = VERTEX_POINT('',#8216);
#8216 = CARTESIAN_POINT('',(115.,-75.04,1.6));
#8217 = CIRCLE('',#8218,0.5);
#8218 = AXIS2_PLACEMENT_3D('',#8219,#8220,#8221);
#8219 = CARTESIAN_POINT('',(115.,-74.54,1.6));
#8220 = DIRECTION('',(-0.,0.,-1.));
#8221 = DIRECTION('',(-0.,-1.,0.));
#8222 = FACE_BOUND('',#8223,.T.);
#8223 = EDGE_LOOP('',(#8224));
#8224 = ORIENTED_EDGE('',*,*,#8225,.T.);
#8225 = EDGE_CURVE('',#8226,#8226,#8228,.T.);
#8226 = VERTEX_POINT('',#8227);
#8227 = CARTESIAN_POINT('',(115.,-72.5,1.6));
#8228 = CIRCLE('',#8229,0.5);
#8229 = AXIS2_PLACEMENT_3D('',#8230,#8231,#8232);
#8230 = CARTESIAN_POINT('',(115.,-72.,1.6));
#8231 = DIRECTION('',(-0.,0.,-1.));
#8232 = DIRECTION('',(-0.,-1.,0.));
#8233 = FACE_BOUND('',#8234,.T.);
#8234 = EDGE_LOOP('',(#8235));
#8235 = ORIENTED_EDGE('',*,*,#8236,.T.);
#8236 = EDGE_CURVE('',#8237,#8237,#8239,.T.);
#8237 = VERTEX_POINT('',#8238);
#8238 = CARTESIAN_POINT('',(129.5,-77.,1.6));
#8239 = CIRCLE('',#8240,0.5);
#8240 = AXIS2_PLACEMENT_3D('',#8241,#8242,#8243);
#8241 = CARTESIAN_POINT('',(129.5,-76.5,1.6));
#8242 = DIRECTION('',(-0.,0.,-1.));
#8243 = DIRECTION('',(-0.,-1.,0.));
#8244 = FACE_BOUND('',#8245,.T.);
#8245 = EDGE_LOOP('',(#8246));
#8246 = ORIENTED_EDGE('',*,*,#8247,.T.);
#8247 = EDGE_CURVE('',#8248,#8248,#8250,.T.);
#8248 = VERTEX_POINT('',#8249);
#8249 = CARTESIAN_POINT('',(129.5,-75.,1.6));
#8250 = CIRCLE('',#8251,0.5);
#8251 = AXIS2_PLACEMENT_3D('',#8252,#8253,#8254);
#8252 = CARTESIAN_POINT('',(129.5,-74.5,1.6));
#8253 = DIRECTION('',(-0.,0.,-1.));
#8254 = DIRECTION('',(-0.,-1.,0.));
#8255 = FACE_BOUND('',#8256,.T.);
#8256 = EDGE_LOOP('',(#8257));
#8257 = ORIENTED_EDGE('',*,*,#8258,.T.);
#8258 = EDGE_CURVE('',#8259,#8259,#8261,.T.);
#8259 = VERTEX_POINT('',#8260);
#8260 = CARTESIAN_POINT('',(131.,-73.025,1.6));
#8261 = CIRCLE('',#8262,0.575);
#8262 = AXIS2_PLACEMENT_3D('',#8263,#8264,#8265);
#8263 = CARTESIAN_POINT('',(131.,-72.45,1.6));
#8264 = DIRECTION('',(-0.,0.,-1.));
#8265 = DIRECTION('',(-0.,-1.,0.));
#8266 = PLANE('',#8267);
#8267 = AXIS2_PLACEMENT_3D('',#8268,#8269,#8270);
#8268 = CARTESIAN_POINT('',(0.,0.,1.6));
#8269 = DIRECTION('',(0.,0.,1.));
#8270 = DIRECTION('',(1.,0.,-0.));
#8271 = ADVANCED_FACE('',(#8272),#8278,.T.);
#8272 = FACE_BOUND('',#8273,.T.);
#8273 = EDGE_LOOP('',(#8274,#8275,#8276,#8277));
#8274 = ORIENTED_EDGE('',*,*,#7757,.T.);
#8275 = ORIENTED_EDGE('',*,*,#8029,.T.);
#8276 = ORIENTED_EDGE('',*,*,#7717,.F.);
#8277 = ORIENTED_EDGE('',*,*,#7781,.F.);
#8278 = PLANE('',#8279);
#8279 = AXIS2_PLACEMENT_3D('',#8280,#8281,#8282);
#8280 = CARTESIAN_POINT('',(81.,-63.,0.));
#8281 = DIRECTION('',(0.,1.,0.));
#8282 = DIRECTION('',(1.,0.,0.));
#8283 = ADVANCED_FACE('',(#8284),#8295,.F.);
#8284 = FACE_BOUND('',#8285,.T.);
#8285 = EDGE_LOOP('',(#8286,#8287,#8293,#8294));
#8286 = ORIENTED_EDGE('',*,*,#7790,.T.);
#8287 = ORIENTED_EDGE('',*,*,#8288,.T.);
#8288 = EDGE_CURVE('',#7791,#8039,#8289,.T.);
#8289 = LINE('',#8290,#8291);
#8290 = CARTESIAN_POINT('',(109.168,-107.15,-4.5E-02));
#8291 = VECTOR('',#8292,1.);
#8292 = DIRECTION('',(0.,0.,1.));
#8293 = ORIENTED_EDGE('',*,*,#8038,.F.);
#8294 = ORIENTED_EDGE('',*,*,#8288,.F.);
#8295 = CYLINDRICAL_SURFACE('',#8296,0.25);
#8296 = AXIS2_PLACEMENT_3D('',#8297,#8298,#8299);
#8297 = CARTESIAN_POINT('',(109.168,-106.9,-4.5E-02));
#8298 = DIRECTION('',(-0.,-0.,-1.));
#8299 = DIRECTION('',(-0.,-1.,0.));
#8300 = ADVANCED_FACE('',(#8301),#8312,.F.);
#8301 = FACE_BOUND('',#8302,.T.);
#8302 = EDGE_LOOP('',(#8303,#8304,#8310,#8311));
#8303 = ORIENTED_EDGE('',*,*,#7801,.T.);
#8304 = ORIENTED_EDGE('',*,*,#8305,.T.);
#8305 = EDGE_CURVE('',#7802,#8050,#8306,.T.);
#8306 = LINE('',#8307,#8308);
#8307 = CARTESIAN_POINT('',(89.26,-91.6445,-4.5E-02));
#8308 = VECTOR('',#8309,1.);
#8309 = DIRECTION('',(0.,0.,1.));
#8310 = ORIENTED_EDGE('',*,*,#8049,.F.);
#8311 = ORIENTED_EDGE('',*,*,#8305,.F.);
#8312 = CYLINDRICAL_SURFACE('',#8313,0.4445);
#8313 = AXIS2_PLACEMENT_3D('',#8314,#8315,#8316);
#8314 = CARTESIAN_POINT('',(89.26,-91.2,-4.5E-02));
#8315 = DIRECTION('',(-0.,0.,-1.));
#8316 = DIRECTION('',(3.197042680585E-14,-1.,-0.));
#8317 = ADVANCED_FACE('',(#8318),#8329,.F.);
#8318 = FACE_BOUND('',#8319,.T.);
#8319 = EDGE_LOOP('',(#8320,#8321,#8327,#8328));
#8320 = ORIENTED_EDGE('',*,*,#7812,.T.);
#8321 = ORIENTED_EDGE('',*,*,#8322,.T.);
#8322 = EDGE_CURVE('',#7813,#8061,#8323,.T.);
#8323 = LINE('',#8324,#8325);
#8324 = CARTESIAN_POINT('',(104.5,-91.6445,-4.5E-02));
#8325 = VECTOR('',#8326,1.);
#8326 = DIRECTION('',(0.,0.,1.));
#8327 = ORIENTED_EDGE('',*,*,#8060,.F.);
#8328 = ORIENTED_EDGE('',*,*,#8322,.F.);
#8329 = CYLINDRICAL_SURFACE('',#8330,0.4445);
#8330 = AXIS2_PLACEMENT_3D('',#8331,#8332,#8333);
#8331 = CARTESIAN_POINT('',(104.5,-91.2,-4.5E-02));
#8332 = DIRECTION('',(-0.,-0.,-1.));
#8333 = DIRECTION('',(-0.,-1.,0.));
#8334 = ADVANCED_FACE('',(#8335),#8346,.F.);
#8335 = FACE_BOUND('',#8336,.T.);
#8336 = EDGE_LOOP('',(#8337,#8338,#8344,#8345));
#8337 = ORIENTED_EDGE('',*,*,#7823,.T.);
#8338 = ORIENTED_EDGE('',*,*,#8339,.T.);
#8339 = EDGE_CURVE('',#7824,#8072,#8340,.T.);
#8340 = LINE('',#8341,#8342);
#8341 = CARTESIAN_POINT('',(89.26,-89.1045,-4.5E-02));
#8342 = VECTOR('',#8343,1.);
#8343 = DIRECTION('',(0.,0.,1.));
#8344 = ORIENTED_EDGE('',*,*,#8071,.F.);
#8345 = ORIENTED_EDGE('',*,*,#8339,.F.);
#8346 = CYLINDRICAL_SURFACE('',#8347,0.4445);
#8347 = AXIS2_PLACEMENT_3D('',#8348,#8349,#8350);
#8348 = CARTESIAN_POINT('',(89.26,-88.66,-4.5E-02));
#8349 = DIRECTION('',(-0.,0.,-1.));
#8350 = DIRECTION('',(3.197042680585E-14,-1.,-0.));
#8351 = ADVANCED_FACE('',(#8352),#8363,.F.);
#8352 = FACE_BOUND('',#8353,.T.);
#8353 = EDGE_LOOP('',(#8354,#8355,#8361,#8362));
#8354 = ORIENTED_EDGE('',*,*,#7834,.T.);
#8355 = ORIENTED_EDGE('',*,*,#8356,.T.);
#8356 = EDGE_CURVE('',#7835,#8083,#8357,.T.);
#8357 = LINE('',#8358,#8359);
#8358 = CARTESIAN_POINT('',(89.26,-86.5645,-4.5E-02));
#8359 = VECTOR('',#8360,1.);
#8360 = DIRECTION('',(0.,0.,1.));
#8361 = ORIENTED_EDGE('',*,*,#8082,.F.);
#8362 = ORIENTED_EDGE('',*,*,#8356,.F.);
#8363 = CYLINDRICAL_SURFACE('',#8364,0.4445);
#8364 = AXIS2_PLACEMENT_3D('',#8365,#8366,#8367);
#8365 = CARTESIAN_POINT('',(89.26,-86.12,-4.5E-02));
#8366 = DIRECTION('',(-0.,0.,-1.));
#8367 = DIRECTION('',(3.197042680585E-14,-1.,-0.));
#8368 = ADVANCED_FACE('',(#8369),#8380,.F.);
#8369 = FACE_BOUND('',#8370,.T.);
#8370 = EDGE_LOOP('',(#8371,#8372,#8378,#8379));
#8371 = ORIENTED_EDGE('',*,*,#7845,.T.);
#8372 = ORIENTED_EDGE('',*,*,#8373,.T.);
#8373 = EDGE_CURVE('',#7846,#8094,#8374,.T.);
#8374 = LINE('',#8375,#8376);
#8375 = CARTESIAN_POINT('',(89.26,-84.0245,-4.5E-02));
#8376 = VECTOR('',#8377,1.);
#8377 = DIRECTION('',(0.,0.,1.));
#8378 = ORIENTED_EDGE('',*,*,#8093,.F.);
#8379 = ORIENTED_EDGE('',*,*,#8373,.F.);
#8380 = CYLINDRICAL_SURFACE('',#8381,0.4445);
#8381 = AXIS2_PLACEMENT_3D('',#8382,#8383,#8384);
#8382 = CARTESIAN_POINT('',(89.26,-83.58,-4.5E-02));
#8383 = DIRECTION('',(-0.,0.,-1.));
#8384 = DIRECTION('',(3.197042680585E-14,-1.,-0.));
#8385 = ADVANCED_FACE('',(#8386),#8397,.F.);
#8386 = FACE_BOUND('',#8387,.T.);
#8387 = EDGE_LOOP('',(#8388,#8389,#8395,#8396));
#8388 = ORIENTED_EDGE('',*,*,#7856,.T.);
#8389 = ORIENTED_EDGE('',*,*,#8390,.T.);
#8390 = EDGE_CURVE('',#7857,#8105,#8391,.T.);
#8391 = LINE('',#8392,#8393);
#8392 = CARTESIAN_POINT('',(89.26,-81.4845,-4.5E-02));
#8393 = VECTOR('',#8394,1.);
#8394 = DIRECTION('',(0.,0.,1.));
#8395 = ORIENTED_EDGE('',*,*,#8104,.F.);
#8396 = ORIENTED_EDGE('',*,*,#8390,.F.);
#8397 = CYLINDRICAL_SURFACE('',#8398,0.4445);
#8398 = AXIS2_PLACEMENT_3D('',#8399,#8400,#8401);
#8399 = CARTESIAN_POINT('',(89.26,-81.04,-4.5E-02));
#8400 = DIRECTION('',(-0.,0.,-1.));
#8401 = DIRECTION('',(3.197042680585E-14,-1.,-0.));
#8402 = ADVANCED_FACE('',(#8403),#8414,.F.);
#8403 = FACE_BOUND('',#8404,.T.);
#8404 = EDGE_LOOP('',(#8405,#8406,#8412,#8413));
#8405 = ORIENTED_EDGE('',*,*,#7867,.T.);
#8406 = ORIENTED_EDGE('',*,*,#8407,.T.);
#8407 = EDGE_CURVE('',#7868,#8116,#8408,.T.);
#8408 = LINE('',#8409,#8410);
#8409 = CARTESIAN_POINT('',(104.5,-89.1045,-4.5E-02));
#8410 = VECTOR('',#8411,1.);
#8411 = DIRECTION('',(0.,0.,1.));
#8412 = ORIENTED_EDGE('',*,*,#8115,.F.);
#8413 = ORIENTED_EDGE('',*,*,#8407,.F.);
#8414 = CYLINDRICAL_SURFACE('',#8415,0.4445);
#8415 = AXIS2_PLACEMENT_3D('',#8416,#8417,#8418);
#8416 = CARTESIAN_POINT('',(104.5,-88.66,-4.5E-02));
#8417 = DIRECTION('',(-0.,-0.,-1.));
#8418 = DIRECTION('',(-0.,-1.,0.));
#8419 = ADVANCED_FACE('',(#8420),#8431,.F.);
#8420 = FACE_BOUND('',#8421,.T.);
#8421 = EDGE_LOOP('',(#8422,#8423,#8429,#8430));
#8422 = ORIENTED_EDGE('',*,*,#7878,.T.);
#8423 = ORIENTED_EDGE('',*,*,#8424,.T.);
#8424 = EDGE_CURVE('',#7879,#8127,#8425,.T.);
#8425 = LINE('',#8426,#8427);
#8426 = CARTESIAN_POINT('',(104.5,-86.5645,-4.5E-02));
#8427 = VECTOR('',#8428,1.);
#8428 = DIRECTION('',(0.,0.,1.));
#8429 = ORIENTED_EDGE('',*,*,#8126,.F.);
#8430 = ORIENTED_EDGE('',*,*,#8424,.F.);
#8431 = CYLINDRICAL_SURFACE('',#8432,0.4445);
#8432 = AXIS2_PLACEMENT_3D('',#8433,#8434,#8435);
#8433 = CARTESIAN_POINT('',(104.5,-86.12,-4.5E-02));
#8434 = DIRECTION('',(-0.,-0.,-1.));
#8435 = DIRECTION('',(-0.,-1.,0.));
#8436 = ADVANCED_FACE('',(#8437),#8448,.F.);
#8437 = FACE_BOUND('',#8438,.T.);
#8438 = EDGE_LOOP('',(#8439,#8440,#8446,#8447));
#8439 = ORIENTED_EDGE('',*,*,#7889,.T.);
#8440 = ORIENTED_EDGE('',*,*,#8441,.T.);
#8441 = EDGE_CURVE('',#7890,#8138,#8442,.T.);
#8442 = LINE('',#8443,#8444);
#8443 = CARTESIAN_POINT('',(104.5,-84.0245,-4.5E-02));
#8444 = VECTOR('',#8445,1.);
#8445 = DIRECTION('',(0.,0.,1.));
#8446 = ORIENTED_EDGE('',*,*,#8137,.F.);
#8447 = ORIENTED_EDGE('',*,*,#8441,.F.);
#8448 = CYLINDRICAL_SURFACE('',#8449,0.4445);
#8449 = AXIS2_PLACEMENT_3D('',#8450,#8451,#8452);
#8450 = CARTESIAN_POINT('',(104.5,-83.58,-4.5E-02));
#8451 = DIRECTION('',(-0.,-0.,-1.));
#8452 = DIRECTION('',(-0.,-1.,0.));
#8453 = ADVANCED_FACE('',(#8454),#8465,.F.);
#8454 = FACE_BOUND('',#8455,.T.);
#8455 = EDGE_LOOP('',(#8456,#8457,#8463,#8464));
#8456 = ORIENTED_EDGE('',*,*,#7900,.T.);
#8457 = ORIENTED_EDGE('',*,*,#8458,.T.);
#8458 = EDGE_CURVE('',#7901,#8149,#8459,.T.);
#8459 = LINE('',#8460,#8461);
#8460 = CARTESIAN_POINT('',(104.5,-81.4845,-4.5E-02));
#8461 = VECTOR('',#8462,1.);
#8462 = DIRECTION('',(0.,0.,1.));
#8463 = ORIENTED_EDGE('',*,*,#8148,.F.);
#8464 = ORIENTED_EDGE('',*,*,#8458,.F.);
#8465 = CYLINDRICAL_SURFACE('',#8466,0.4445);
#8466 = AXIS2_PLACEMENT_3D('',#8467,#8468,#8469);
#8467 = CARTESIAN_POINT('',(104.5,-81.04,-4.5E-02));
#8468 = DIRECTION('',(-0.,-0.,-1.));
#8469 = DIRECTION('',(-0.,-1.,0.));
#8470 = ADVANCED_FACE('',(#8471),#8482,.F.);
#8471 = FACE_BOUND('',#8472,.T.);
#8472 = EDGE_LOOP('',(#8473,#8474,#8480,#8481));
#8473 = ORIENTED_EDGE('',*,*,#7911,.T.);
#8474 = ORIENTED_EDGE('',*,*,#8475,.T.);
#8475 = EDGE_CURVE('',#7912,#8160,#8476,.T.);
#8476 = LINE('',#8477,#8478);
#8477 = CARTESIAN_POINT('',(89.26,-78.9445,-4.5E-02));
#8478 = VECTOR('',#8479,1.);
#8479 = DIRECTION('',(0.,0.,1.));
#8480 = ORIENTED_EDGE('',*,*,#8159,.F.);
#8481 = ORIENTED_EDGE('',*,*,#8475,.F.);
#8482 = CYLINDRICAL_SURFACE('',#8483,0.4445);
#8483 = AXIS2_PLACEMENT_3D('',#8484,#8485,#8486);
#8484 = CARTESIAN_POINT('',(89.26,-78.5,-4.5E-02));
#8485 = DIRECTION('',(-0.,0.,-1.));
#8486 = DIRECTION('',(3.197042680585E-14,-1.,-0.));
#8487 = ADVANCED_FACE('',(#8488),#8499,.F.);
#8488 = FACE_BOUND('',#8489,.T.);
#8489 = EDGE_LOOP('',(#8490,#8491,#8497,#8498));
#8490 = ORIENTED_EDGE('',*,*,#7922,.T.);
#8491 = ORIENTED_EDGE('',*,*,#8492,.T.);
#8492 = EDGE_CURVE('',#7923,#8171,#8493,.T.);
#8493 = LINE('',#8494,#8495);
#8494 = CARTESIAN_POINT('',(89.26,-76.4045,-4.5E-02));
#8495 = VECTOR('',#8496,1.);
#8496 = DIRECTION('',(0.,0.,1.));
#8497 = ORIENTED_EDGE('',*,*,#8170,.F.);
#8498 = ORIENTED_EDGE('',*,*,#8492,.F.);
#8499 = CYLINDRICAL_SURFACE('',#8500,0.4445);
#8500 = AXIS2_PLACEMENT_3D('',#8501,#8502,#8503);
#8501 = CARTESIAN_POINT('',(89.26,-75.96,-4.5E-02));
#8502 = DIRECTION('',(-0.,0.,-1.));
#8503 = DIRECTION('',(3.197042680585E-14,-1.,-0.));
#8504 = ADVANCED_FACE('',(#8505),#8516,.F.);
#8505 = FACE_BOUND('',#8506,.T.);
#8506 = EDGE_LOOP('',(#8507,#8508,#8514,#8515));
#8507 = ORIENTED_EDGE('',*,*,#7933,.T.);
#8508 = ORIENTED_EDGE('',*,*,#8509,.T.);
#8509 = EDGE_CURVE('',#7934,#8182,#8510,.T.);
#8510 = LINE('',#8511,#8512);
#8511 = CARTESIAN_POINT('',(104.5,-78.9445,-4.5E-02));
#8512 = VECTOR('',#8513,1.);
#8513 = DIRECTION('',(0.,0.,1.));
#8514 = ORIENTED_EDGE('',*,*,#8181,.F.);
#8515 = ORIENTED_EDGE('',*,*,#8509,.F.);
#8516 = CYLINDRICAL_SURFACE('',#8517,0.4445);
#8517 = AXIS2_PLACEMENT_3D('',#8518,#8519,#8520);
#8518 = CARTESIAN_POINT('',(104.5,-78.5,-4.5E-02));
#8519 = DIRECTION('',(-0.,-0.,-1.));
#8520 = DIRECTION('',(-0.,-1.,0.));
#8521 = ADVANCED_FACE('',(#8522),#8533,.F.);
#8522 = FACE_BOUND('',#8523,.T.);
#8523 = EDGE_LOOP('',(#8524,#8525,#8531,#8532));
#8524 = ORIENTED_EDGE('',*,*,#7944,.T.);
#8525 = ORIENTED_EDGE('',*,*,#8526,.T.);
#8526 = EDGE_CURVE('',#7945,#8193,#8527,.T.);
#8527 = LINE('',#8528,#8529);
#8528 = CARTESIAN_POINT('',(104.5,-76.4045,-4.5E-02));
#8529 = VECTOR('',#8530,1.);
#8530 = DIRECTION('',(0.,0.,1.));
#8531 = ORIENTED_EDGE('',*,*,#8192,.F.);
#8532 = ORIENTED_EDGE('',*,*,#8526,.F.);
#8533 = CYLINDRICAL_SURFACE('',#8534,0.4445);
#8534 = AXIS2_PLACEMENT_3D('',#8535,#8536,#8537);
#8535 = CARTESIAN_POINT('',(104.5,-75.96,-4.5E-02));
#8536 = DIRECTION('',(-0.,-0.,-1.));
#8537 = DIRECTION('',(-0.,-1.,0.));
#8538 = ADVANCED_FACE('',(#8539),#8550,.F.);
#8539 = FACE_BOUND('',#8540,.T.);
#8540 = EDGE_LOOP('',(#8541,#8542,#8548,#8549));
#8541 = ORIENTED_EDGE('',*,*,#7955,.T.);
#8542 = ORIENTED_EDGE('',*,*,#8543,.T.);
#8543 = EDGE_CURVE('',#7956,#8204,#8544,.T.);
#8544 = LINE('',#8545,#8546);
#8545 = CARTESIAN_POINT('',(115.,-77.58,-4.5E-02));
#8546 = VECTOR('',#8547,1.);
#8547 = DIRECTION('',(0.,0.,1.));
#8548 = ORIENTED_EDGE('',*,*,#8203,.F.);
#8549 = ORIENTED_EDGE('',*,*,#8543,.F.);
#8550 = CYLINDRICAL_SURFACE('',#8551,0.5);
#8551 = AXIS2_PLACEMENT_3D('',#8552,#8553,#8554);
#8552 = CARTESIAN_POINT('',(115.,-77.08,-4.5E-02));
#8553 = DIRECTION('',(-0.,-0.,-1.));
#8554 = DIRECTION('',(-0.,-1.,0.));
#8555 = ADVANCED_FACE('',(#8556),#8567,.F.);
#8556 = FACE_BOUND('',#8557,.T.);
#8557 = EDGE_LOOP('',(#8558,#8559,#8565,#8566));
#8558 = ORIENTED_EDGE('',*,*,#7966,.T.);
#8559 = ORIENTED_EDGE('',*,*,#8560,.T.);
#8560 = EDGE_CURVE('',#7967,#8215,#8561,.T.);
#8561 = LINE('',#8562,#8563);
#8562 = CARTESIAN_POINT('',(115.,-75.04,-4.5E-02));
#8563 = VECTOR('',#8564,1.);
#8564 = DIRECTION('',(0.,0.,1.));
#8565 = ORIENTED_EDGE('',*,*,#8214,.F.);
#8566 = ORIENTED_EDGE('',*,*,#8560,.F.);
#8567 = CYLINDRICAL_SURFACE('',#8568,0.5);
#8568 = AXIS2_PLACEMENT_3D('',#8569,#8570,#8571);
#8569 = CARTESIAN_POINT('',(115.,-74.54,-4.5E-02));
#8570 = DIRECTION('',(-0.,-0.,-1.));
#8571 = DIRECTION('',(-0.,-1.,0.));
#8572 = ADVANCED_FACE('',(#8573),#8584,.F.);
#8573 = FACE_BOUND('',#8574,.T.);
#8574 = EDGE_LOOP('',(#8575,#8576,#8582,#8583));
#8575 = ORIENTED_EDGE('',*,*,#7977,.T.);
#8576 = ORIENTED_EDGE('',*,*,#8577,.T.);
#8577 = EDGE_CURVE('',#7978,#8226,#8578,.T.);
#8578 = LINE('',#8579,#8580);
#8579 = CARTESIAN_POINT('',(115.,-72.5,-4.5E-02));
#8580 = VECTOR('',#8581,1.);
#8581 = DIRECTION('',(0.,0.,1.));
#8582 = ORIENTED_EDGE('',*,*,#8225,.F.);
#8583 = ORIENTED_EDGE('',*,*,#8577,.F.);
#8584 = CYLINDRICAL_SURFACE('',#8585,0.5);
#8585 = AXIS2_PLACEMENT_3D('',#8586,#8587,#8588);
#8586 = CARTESIAN_POINT('',(115.,-72.,-4.5E-02));
#8587 = DIRECTION('',(-0.,-0.,-1.));
#8588 = DIRECTION('',(-0.,-1.,0.));
#8589 = ADVANCED_FACE('',(#8590),#8601,.F.);
#8590 = FACE_BOUND('',#8591,.T.);
#8591 = EDGE_LOOP('',(#8592,#8593,#8599,#8600));
#8592 = ORIENTED_EDGE('',*,*,#7988,.T.);
#8593 = ORIENTED_EDGE('',*,*,#8594,.T.);
#8594 = EDGE_CURVE('',#7989,#8237,#8595,.T.);
#8595 = LINE('',#8596,#8597);
#8596 = CARTESIAN_POINT('',(129.5,-77.,-4.5E-02));
#8597 = VECTOR('',#8598,1.);
#8598 = DIRECTION('',(0.,0.,1.));
#8599 = ORIENTED_EDGE('',*,*,#8236,.F.);
#8600 = ORIENTED_EDGE('',*,*,#8594,.F.);
#8601 = CYLINDRICAL_SURFACE('',#8602,0.5);
#8602 = AXIS2_PLACEMENT_3D('',#8603,#8604,#8605);
#8603 = CARTESIAN_POINT('',(129.5,-76.5,-4.5E-02));
#8604 = DIRECTION('',(-0.,-0.,-1.));
#8605 = DIRECTION('',(-0.,-1.,0.));
#8606 = ADVANCED_FACE('',(#8607),#8618,.F.);
#8607 = FACE_BOUND('',#8608,.T.);
#8608 = EDGE_LOOP('',(#8609,#8610,#8616,#8617));
#8609 = ORIENTED_EDGE('',*,*,#7999,.T.);
#8610 = ORIENTED_EDGE('',*,*,#8611,.T.);
#8611 = EDGE_CURVE('',#8000,#8248,#8612,.T.);
#8612 = LINE('',#8613,#8614);
#8613 = CARTESIAN_POINT('',(129.5,-75.,-4.5E-02));
#8614 = VECTOR('',#8615,1.);
#8615 = DIRECTION('',(0.,0.,1.));
#8616 = ORIENTED_EDGE('',*,*,#8247,.F.);
#8617 = ORIENTED_EDGE('',*,*,#8611,.F.);
#8618 = CYLINDRICAL_SURFACE('',#8619,0.5);
#8619 = AXIS2_PLACEMENT_3D('',#8620,#8621,#8622);
#8620 = CARTESIAN_POINT('',(129.5,-74.5,-4.5E-02));
#8621 = DIRECTION('',(-0.,-0.,-1.));
#8622 = DIRECTION('',(-0.,-1.,0.));
#8623 = ADVANCED_FACE('',(#8624),#8635,.F.);
#8624 = FACE_BOUND('',#8625,.T.);
#8625 = EDGE_LOOP('',(#8626,#8627,#8633,#8634));
#8626 = ORIENTED_EDGE('',*,*,#8010,.T.);
#8627 = ORIENTED_EDGE('',*,*,#8628,.T.);
#8628 = EDGE_CURVE('',#8011,#8259,#8629,.T.);
#8629 = LINE('',#8630,#8631);
#8630 = CARTESIAN_POINT('',(131.,-73.025,-4.5E-02));
#8631 = VECTOR('',#8632,1.);
#8632 = DIRECTION('',(0.,0.,1.));
#8633 = ORIENTED_EDGE('',*,*,#8258,.F.);
#8634 = ORIENTED_EDGE('',*,*,#8628,.F.);
#8635 = CYLINDRICAL_SURFACE('',#8636,0.575);
#8636 = AXIS2_PLACEMENT_3D('',#8637,#8638,#8639);
#8637 = CARTESIAN_POINT('',(131.,-72.45,-4.5E-02));
#8638 = DIRECTION('',(-0.,-0.,-1.));
#8639 = DIRECTION('',(-0.,-1.,0.));
#8640 = ( GEOMETRIC_REPRESENTATION_CONTEXT(3) 
GLOBAL_UNCERTAINTY_ASSIGNED_CONTEXT((#8644)) 
GLOBAL_UNIT_ASSIGNED_CONTEXT((#8641,#8642,#8643)) REPRESENTATION_CONTEXT
('Context #1','3D Context with UNIT and UNCERTAINTY') );
#8641 = ( LENGTH_UNIT() NAMED_UNIT(*) SI_UNIT(.MILLI.,.METRE.) );
#8642 = ( NAMED_UNIT(*) PLANE_ANGLE_UNIT() SI_UNIT($,.RADIAN.) );
#8643 = ( NAMED_UNIT(*) SI_UNIT($,.STERADIAN.) SOLID_ANGLE_UNIT() );
#8644 = UNCERTAINTY_MEASURE_WITH_UNIT(LENGTH_MEASURE(1.E-07),#8641,
  'distance_accuracy_value','confusion accuracy');
#8645 = CONTEXT_DEPENDENT_SHAPE_REPRESENTATION(#8646,#8648);
#8646 = ( REPRESENTATION_RELATIONSHIP('','',#7670,#10) 
REPRESENTATION_RELATIONSHIP_WITH_TRANSFORMATION(#8647) 
SHAPE_REPRESENTATION_RELATIONSHIP() );
#8647 = ITEM_DEFINED_TRANSFORMATION('','',#11,#35);
#8648 = PRODUCT_DEFINITION_SHAPE('Placement','Placement of an item',
  #8649);
#8649 = NEXT_ASSEMBLY_USAGE_OCCURRENCE('10','=>[0:1:1:10]','',#5,#7665,$
  );
#8650 = PRODUCT_RELATED_PRODUCT_CATEGORY('part',$,(#7667));
#8651 = MECHANICAL_DESIGN_GEOMETRIC_PRESENTATION_REPRESENTATION('',(
    #8652,#8660,#8667,#8674,#8681,#8688,#8695,#8702,#8710,#8717,#8724,
    #8731,#8738,#8745,#8753,#8760,#8767,#8774,#8781,#8788,#8795,#8802,
    #8809,#8816,#8823,#8830),#866);
#8652 = STYLED_ITEM('color',(#8653),#78);
#8653 = PRESENTATION_STYLE_ASSIGNMENT((#8654));
#8654 = SURFACE_STYLE_USAGE(.BOTH.,#8655);
#8655 = SURFACE_SIDE_STYLE('',(#8656));
#8656 = SURFACE_STYLE_FILL_AREA(#8657);
#8657 = FILL_AREA_STYLE('',(#8658));
#8658 = FILL_AREA_STYLE_COLOUR('',#8659);
#8659 = COLOUR_RGB('',0.823999987314,0.819999987296,0.781000009244);
#8660 = STYLED_ITEM('color',(#8661),#118);
#8661 = PRESENTATION_STYLE_ASSIGNMENT((#8662));
#8662 = SURFACE_STYLE_USAGE(.BOTH.,#8663);
#8663 = SURFACE_SIDE_STYLE('',(#8664));
#8664 = SURFACE_STYLE_FILL_AREA(#8665);
#8665 = FILL_AREA_STYLE('',(#8666));
#8666 = FILL_AREA_STYLE_COLOUR('',#8659);
#8667 = STYLED_ITEM('color',(#8668),#201);
#8668 = PRESENTATION_STYLE_ASSIGNMENT((#8669));
#8669 = SURFACE_STYLE_USAGE(.BOTH.,#8670);
#8670 = SURFACE_SIDE_STYLE('',(#8671));
#8671 = SURFACE_STYLE_FILL_AREA(#8672);
#8672 = FILL_AREA_STYLE('',(#8673));
#8673 = FILL_AREA_STYLE_COLOUR('',#8659);
#8674 = STYLED_ITEM('color',(#8675),#226);
#8675 = PRESENTATION_STYLE_ASSIGNMENT((#8676));
#8676 = SURFACE_STYLE_USAGE(.BOTH.,#8677);
#8677 = SURFACE_SIDE_STYLE('',(#8678));
#8678 = SURFACE_STYLE_FILL_AREA(#8679);
#8679 = FILL_AREA_STYLE('',(#8680));
#8680 = FILL_AREA_STYLE_COLOUR('',#8659);
#8681 = STYLED_ITEM('color',(#8682),#251);
#8682 = PRESENTATION_STYLE_ASSIGNMENT((#8683));
#8683 = SURFACE_STYLE_USAGE(.BOTH.,#8684);
#8684 = SURFACE_SIDE_STYLE('',(#8685));
#8685 = SURFACE_STYLE_FILL_AREA(#8686);
#8686 = FILL_AREA_STYLE('',(#8687));
#8687 = FILL_AREA_STYLE_COLOUR('',#8659);
#8688 = STYLED_ITEM('color',(#8689),#318);
#8689 = PRESENTATION_STYLE_ASSIGNMENT((#8690));
#8690 = SURFACE_STYLE_USAGE(.BOTH.,#8691);
#8691 = SURFACE_SIDE_STYLE('',(#8692));
#8692 = SURFACE_STYLE_FILL_AREA(#8693);
#8693 = FILL_AREA_STYLE('',(#8694));
#8694 = FILL_AREA_STYLE_COLOUR('',#8659);
#8695 = STYLED_ITEM('color',(#8696),#335);
#8696 = PRESENTATION_STYLE_ASSIGNMENT((#8697));
#8697 = SURFACE_STYLE_USAGE(.BOTH.,#8698);
#8698 = SURFACE_SIDE_STYLE('',(#8699));
#8699 = SURFACE_STYLE_FILL_AREA(#8700);
#8700 = FILL_AREA_STYLE('',(#8701));
#8701 = FILL_AREA_STYLE_COLOUR('',#8659);
#8702 = STYLED_ITEM('color',(#8703),#352);
#8703 = PRESENTATION_STYLE_ASSIGNMENT((#8704));
#8704 = SURFACE_STYLE_USAGE(.BOTH.,#8705);
#8705 = SURFACE_SIDE_STYLE('',(#8706));
#8706 = SURFACE_STYLE_FILL_AREA(#8707);
#8707 = FILL_AREA_STYLE('',(#8708));
#8708 = FILL_AREA_STYLE_COLOUR('',#8709);
#8709 = COLOUR_RGB('',0.894999966383,0.890999961016,0.813000030345);
#8710 = STYLED_ITEM('color',(#8711),#401);
#8711 = PRESENTATION_STYLE_ASSIGNMENT((#8712));
#8712 = SURFACE_STYLE_USAGE(.BOTH.,#8713);
#8713 = SURFACE_SIDE_STYLE('',(#8714));
#8714 = SURFACE_STYLE_FILL_AREA(#8715);
#8715 = FILL_AREA_STYLE('',(#8716));
#8716 = FILL_AREA_STYLE_COLOUR('',#8659);
#8717 = STYLED_ITEM('color',(#8718),#418);
#8718 = PRESENTATION_STYLE_ASSIGNMENT((#8719));
#8719 = SURFACE_STYLE_USAGE(.BOTH.,#8720);
#8720 = SURFACE_SIDE_STYLE('',(#8721));
#8721 = SURFACE_STYLE_FILL_AREA(#8722);
#8722 = FILL_AREA_STYLE('',(#8723));
#8723 = FILL_AREA_STYLE_COLOUR('',#8659);
#8724 = STYLED_ITEM('color',(#8725),#435);
#8725 = PRESENTATION_STYLE_ASSIGNMENT((#8726));
#8726 = SURFACE_STYLE_USAGE(.BOTH.,#8727);
#8727 = SURFACE_SIDE_STYLE('',(#8728));
#8728 = SURFACE_STYLE_FILL_AREA(#8729);
#8729 = FILL_AREA_STYLE('',(#8730));
#8730 = FILL_AREA_STYLE_COLOUR('',#8709);
#8731 = STYLED_ITEM('color',(#8732),#484);
#8732 = PRESENTATION_STYLE_ASSIGNMENT((#8733));
#8733 = SURFACE_STYLE_USAGE(.BOTH.,#8734);
#8734 = SURFACE_SIDE_STYLE('',(#8735));
#8735 = SURFACE_STYLE_FILL_AREA(#8736);
#8736 = FILL_AREA_STYLE('',(#8737));
#8737 = FILL_AREA_STYLE_COLOUR('',#8709);
#8738 = STYLED_ITEM('color',(#8739),#501);
#8739 = PRESENTATION_STYLE_ASSIGNMENT((#8740));
#8740 = SURFACE_STYLE_USAGE(.BOTH.,#8741);
#8741 = SURFACE_SIDE_STYLE('',(#8742));
#8742 = SURFACE_STYLE_FILL_AREA(#8743);
#8743 = FILL_AREA_STYLE('',(#8744));
#8744 = FILL_AREA_STYLE_COLOUR('',#8659);
#8745 = STYLED_ITEM('color',(#8746),#570);
#8746 = PRESENTATION_STYLE_ASSIGNMENT((#8747));
#8747 = SURFACE_STYLE_USAGE(.BOTH.,#8748);
#8748 = SURFACE_SIDE_STYLE('',(#8749));
#8749 = SURFACE_STYLE_FILL_AREA(#8750);
#8750 = FILL_AREA_STYLE('',(#8751));
#8751 = FILL_AREA_STYLE_COLOUR('',#8752);
#8752 = COLOUR_RGB('',8.200000279077E-02,8.600000121357E-02,
  9.399999706163E-02);
#8753 = STYLED_ITEM('color',(#8754),#601);
#8754 = PRESENTATION_STYLE_ASSIGNMENT((#8755));
#8755 = SURFACE_STYLE_USAGE(.BOTH.,#8756);
#8756 = SURFACE_SIDE_STYLE('',(#8757));
#8757 = SURFACE_STYLE_FILL_AREA(#8758);
#8758 = FILL_AREA_STYLE('',(#8759));
#8759 = FILL_AREA_STYLE_COLOUR('',#8752);
#8760 = STYLED_ITEM('color',(#8761),#625);
#8761 = PRESENTATION_STYLE_ASSIGNMENT((#8762));
#8762 = SURFACE_STYLE_USAGE(.BOTH.,#8763);
#8763 = SURFACE_SIDE_STYLE('',(#8764));
#8764 = SURFACE_STYLE_FILL_AREA(#8765);
#8765 = FILL_AREA_STYLE('',(#8766));
#8766 = FILL_AREA_STYLE_COLOUR('',#8659);
#8767 = STYLED_ITEM('color',(#8768),#694);
#8768 = PRESENTATION_STYLE_ASSIGNMENT((#8769));
#8769 = SURFACE_STYLE_USAGE(.BOTH.,#8770);
#8770 = SURFACE_SIDE_STYLE('',(#8771));
#8771 = SURFACE_STYLE_FILL_AREA(#8772);
#8772 = FILL_AREA_STYLE('',(#8773));
#8773 = FILL_AREA_STYLE_COLOUR('',#8752);
#8774 = STYLED_ITEM('color',(#8775),#718);
#8775 = PRESENTATION_STYLE_ASSIGNMENT((#8776));
#8776 = SURFACE_STYLE_USAGE(.BOTH.,#8777);
#8777 = SURFACE_SIDE_STYLE('',(#8778));
#8778 = SURFACE_STYLE_FILL_AREA(#8779);
#8779 = FILL_AREA_STYLE('',(#8780));
#8780 = FILL_AREA_STYLE_COLOUR('',#8659);
#8781 = STYLED_ITEM('color',(#8782),#735);
#8782 = PRESENTATION_STYLE_ASSIGNMENT((#8783));
#8783 = SURFACE_STYLE_USAGE(.BOTH.,#8784);
#8784 = SURFACE_SIDE_STYLE('',(#8785));
#8785 = SURFACE_STYLE_FILL_AREA(#8786);
#8786 = FILL_AREA_STYLE('',(#8787));
#8787 = FILL_AREA_STYLE_COLOUR('',#8659);
#8788 = STYLED_ITEM('color',(#8789),#752);
#8789 = PRESENTATION_STYLE_ASSIGNMENT((#8790));
#8790 = SURFACE_STYLE_USAGE(.BOTH.,#8791);
#8791 = SURFACE_SIDE_STYLE('',(#8792));
#8792 = SURFACE_STYLE_FILL_AREA(#8793);
#8793 = FILL_AREA_STYLE('',(#8794));
#8794 = FILL_AREA_STYLE_COLOUR('',#8659);
#8795 = STYLED_ITEM('color',(#8796),#769);
#8796 = PRESENTATION_STYLE_ASSIGNMENT((#8797));
#8797 = SURFACE_STYLE_USAGE(.BOTH.,#8798);
#8798 = SURFACE_SIDE_STYLE('',(#8799));
#8799 = SURFACE_STYLE_FILL_AREA(#8800);
#8800 = FILL_AREA_STYLE('',(#8801));
#8801 = FILL_AREA_STYLE_COLOUR('',#8659);
#8802 = STYLED_ITEM('color',(#8803),#786);
#8803 = PRESENTATION_STYLE_ASSIGNMENT((#8804));
#8804 = SURFACE_STYLE_USAGE(.BOTH.,#8805);
#8805 = SURFACE_SIDE_STYLE('',(#8806));
#8806 = SURFACE_STYLE_FILL_AREA(#8807);
#8807 = FILL_AREA_STYLE('',(#8808));
#8808 = FILL_AREA_STYLE_COLOUR('',#8659);
#8809 = STYLED_ITEM('color',(#8810),#803);
#8810 = PRESENTATION_STYLE_ASSIGNMENT((#8811));
#8811 = SURFACE_STYLE_USAGE(.BOTH.,#8812);
#8812 = SURFACE_SIDE_STYLE('',(#8813));
#8813 = SURFACE_STYLE_FILL_AREA(#8814);
#8814 = FILL_AREA_STYLE('',(#8815));
#8815 = FILL_AREA_STYLE_COLOUR('',#8659);
#8816 = STYLED_ITEM('color',(#8817),#820);
#8817 = PRESENTATION_STYLE_ASSIGNMENT((#8818));
#8818 = SURFACE_STYLE_USAGE(.BOTH.,#8819);
#8819 = SURFACE_SIDE_STYLE('',(#8820));
#8820 = SURFACE_STYLE_FILL_AREA(#8821);
#8821 = FILL_AREA_STYLE('',(#8822));
#8822 = FILL_AREA_STYLE_COLOUR('',#8659);
#8823 = STYLED_ITEM('color',(#8824),#837);
#8824 = PRESENTATION_STYLE_ASSIGNMENT((#8825));
#8825 = SURFACE_STYLE_USAGE(.BOTH.,#8826);
#8826 = SURFACE_SIDE_STYLE('',(#8827));
#8827 = SURFACE_STYLE_FILL_AREA(#8828);
#8828 = FILL_AREA_STYLE('',(#8829));
#8829 = FILL_AREA_STYLE_COLOUR('',#8752);
#8830 = STYLED_ITEM('color',(#8831),#854);
#8831 = PRESENTATION_STYLE_ASSIGNMENT((#8832));
#8832 = SURFACE_STYLE_USAGE(.BOTH.,#8833);
#8833 = SURFACE_SIDE_STYLE('',(#8834));
#8834 = SURFACE_STYLE_FILL_AREA(#8835);
#8835 = FILL_AREA_STYLE('',(#8836));
#8836 = FILL_AREA_STYLE_COLOUR('',#8752);
#8837 = MECHANICAL_DESIGN_GEOMETRIC_PRESENTATION_REPRESENTATION('',(
    #8838,#8846,#8853,#8860,#8867,#8874,#8881,#8888,#8895,#8902,#8909,
    #8916,#8923,#8930,#8937,#8944,#8951,#8958,#8965,#8972,#8979,#8986,
    #8993,#9001,#9008,#9015,#9022,#9029,#9036,#9043,#9050,#9057,#9064,
    #9071,#9078,#9085,#9092,#9099,#9106,#9113,#9120,#9127,#9134,#9141,
    #9148,#9155,#9162,#9169,#9176,#9183,#9190,#9197,#9204,#9211,#9218,
    #9225,#9232,#9239,#9246,#9253,#9260,#9267,#9274,#9281,#9288,#9295,
    #9302,#9309,#9316,#9323,#9330,#9337,#9344,#9351,#9358,#9365),#3014);
#8838 = STYLED_ITEM('color',(#8839),#910);
#8839 = PRESENTATION_STYLE_ASSIGNMENT((#8840));
#8840 = SURFACE_STYLE_USAGE(.BOTH.,#8841);
#8841 = SURFACE_SIDE_STYLE('',(#8842));
#8842 = SURFACE_STYLE_FILL_AREA(#8843);
#8843 = FILL_AREA_STYLE('',(#8844));
#8844 = FILL_AREA_STYLE_COLOUR('',#8845);
#8845 = COLOUR_RGB('',0.147999998088,0.144999993226,0.144999993226);
#8846 = STYLED_ITEM('color',(#8847),#950);
#8847 = PRESENTATION_STYLE_ASSIGNMENT((#8848));
#8848 = SURFACE_STYLE_USAGE(.BOTH.,#8849);
#8849 = SURFACE_SIDE_STYLE('',(#8850));
#8850 = SURFACE_STYLE_FILL_AREA(#8851);
#8851 = FILL_AREA_STYLE('',(#8852));
#8852 = FILL_AREA_STYLE_COLOUR('',#8845);
#8853 = STYLED_ITEM('color',(#8854),#981);
#8854 = PRESENTATION_STYLE_ASSIGNMENT((#8855));
#8855 = SURFACE_STYLE_USAGE(.BOTH.,#8856);
#8856 = SURFACE_SIDE_STYLE('',(#8857));
#8857 = SURFACE_STYLE_FILL_AREA(#8858);
#8858 = FILL_AREA_STYLE('',(#8859));
#8859 = FILL_AREA_STYLE_COLOUR('',#8845);
#8860 = STYLED_ITEM('color',(#8861),#1012);
#8861 = PRESENTATION_STYLE_ASSIGNMENT((#8862));
#8862 = SURFACE_STYLE_USAGE(.BOTH.,#8863);
#8863 = SURFACE_SIDE_STYLE('',(#8864));
#8864 = SURFACE_STYLE_FILL_AREA(#8865);
#8865 = FILL_AREA_STYLE('',(#8866));
#8866 = FILL_AREA_STYLE_COLOUR('',#8845);
#8867 = STYLED_ITEM('color',(#8868),#1259);
#8868 = PRESENTATION_STYLE_ASSIGNMENT((#8869));
#8869 = SURFACE_STYLE_USAGE(.BOTH.,#8870);
#8870 = SURFACE_SIDE_STYLE('',(#8871));
#8871 = SURFACE_STYLE_FILL_AREA(#8872);
#8872 = FILL_AREA_STYLE('',(#8873));
#8873 = FILL_AREA_STYLE_COLOUR('',#8845);
#8874 = STYLED_ITEM('color',(#8875),#1506);
#8875 = PRESENTATION_STYLE_ASSIGNMENT((#8876));
#8876 = SURFACE_STYLE_USAGE(.BOTH.,#8877);
#8877 = SURFACE_SIDE_STYLE('',(#8878));
#8878 = SURFACE_STYLE_FILL_AREA(#8879);
#8879 = FILL_AREA_STYLE('',(#8880));
#8880 = FILL_AREA_STYLE_COLOUR('',#8845);
#8881 = STYLED_ITEM('color',(#8882),#1523);
#8882 = PRESENTATION_STYLE_ASSIGNMENT((#8883));
#8883 = SURFACE_STYLE_USAGE(.BOTH.,#8884);
#8884 = SURFACE_SIDE_STYLE('',(#8885));
#8885 = SURFACE_STYLE_FILL_AREA(#8886);
#8886 = FILL_AREA_STYLE('',(#8887));
#8887 = FILL_AREA_STYLE_COLOUR('',#8845);
#8888 = STYLED_ITEM('color',(#8889),#1540);
#8889 = PRESENTATION_STYLE_ASSIGNMENT((#8890));
#8890 = SURFACE_STYLE_USAGE(.BOTH.,#8891);
#8891 = SURFACE_SIDE_STYLE('',(#8892));
#8892 = SURFACE_STYLE_FILL_AREA(#8893);
#8893 = FILL_AREA_STYLE('',(#8894));
#8894 = FILL_AREA_STYLE_COLOUR('',#8845);
#8895 = STYLED_ITEM('color',(#8896),#1557);
#8896 = PRESENTATION_STYLE_ASSIGNMENT((#8897));
#8897 = SURFACE_STYLE_USAGE(.BOTH.,#8898);
#8898 = SURFACE_SIDE_STYLE('',(#8899));
#8899 = SURFACE_STYLE_FILL_AREA(#8900);
#8900 = FILL_AREA_STYLE('',(#8901));
#8901 = FILL_AREA_STYLE_COLOUR('',#8845);
#8902 = STYLED_ITEM('color',(#8903),#1574);
#8903 = PRESENTATION_STYLE_ASSIGNMENT((#8904));
#8904 = SURFACE_STYLE_USAGE(.BOTH.,#8905);
#8905 = SURFACE_SIDE_STYLE('',(#8906));
#8906 = SURFACE_STYLE_FILL_AREA(#8907);
#8907 = FILL_AREA_STYLE('',(#8908));
#8908 = FILL_AREA_STYLE_COLOUR('',#8845);
#8909 = STYLED_ITEM('color',(#8910),#1591);
#8910 = PRESENTATION_STYLE_ASSIGNMENT((#8911));
#8911 = SURFACE_STYLE_USAGE(.BOTH.,#8912);
#8912 = SURFACE_SIDE_STYLE('',(#8913));
#8913 = SURFACE_STYLE_FILL_AREA(#8914);
#8914 = FILL_AREA_STYLE('',(#8915));
#8915 = FILL_AREA_STYLE_COLOUR('',#8845);
#8916 = STYLED_ITEM('color',(#8917),#1608);
#8917 = PRESENTATION_STYLE_ASSIGNMENT((#8918));
#8918 = SURFACE_STYLE_USAGE(.BOTH.,#8919);
#8919 = SURFACE_SIDE_STYLE('',(#8920));
#8920 = SURFACE_STYLE_FILL_AREA(#8921);
#8921 = FILL_AREA_STYLE('',(#8922));
#8922 = FILL_AREA_STYLE_COLOUR('',#8845);
#8923 = STYLED_ITEM('color',(#8924),#1625);
#8924 = PRESENTATION_STYLE_ASSIGNMENT((#8925));
#8925 = SURFACE_STYLE_USAGE(.BOTH.,#8926);
#8926 = SURFACE_SIDE_STYLE('',(#8927));
#8927 = SURFACE_STYLE_FILL_AREA(#8928);
#8928 = FILL_AREA_STYLE('',(#8929));
#8929 = FILL_AREA_STYLE_COLOUR('',#8845);
#8930 = STYLED_ITEM('color',(#8931),#1642);
#8931 = PRESENTATION_STYLE_ASSIGNMENT((#8932));
#8932 = SURFACE_STYLE_USAGE(.BOTH.,#8933);
#8933 = SURFACE_SIDE_STYLE('',(#8934));
#8934 = SURFACE_STYLE_FILL_AREA(#8935);
#8935 = FILL_AREA_STYLE('',(#8936));
#8936 = FILL_AREA_STYLE_COLOUR('',#8845);
#8937 = STYLED_ITEM('color',(#8938),#1659);
#8938 = PRESENTATION_STYLE_ASSIGNMENT((#8939));
#8939 = SURFACE_STYLE_USAGE(.BOTH.,#8940);
#8940 = SURFACE_SIDE_STYLE('',(#8941));
#8941 = SURFACE_STYLE_FILL_AREA(#8942);
#8942 = FILL_AREA_STYLE('',(#8943));
#8943 = FILL_AREA_STYLE_COLOUR('',#8845);
#8944 = STYLED_ITEM('color',(#8945),#1676);
#8945 = PRESENTATION_STYLE_ASSIGNMENT((#8946));
#8946 = SURFACE_STYLE_USAGE(.BOTH.,#8947);
#8947 = SURFACE_SIDE_STYLE('',(#8948));
#8948 = SURFACE_STYLE_FILL_AREA(#8949);
#8949 = FILL_AREA_STYLE('',(#8950));
#8950 = FILL_AREA_STYLE_COLOUR('',#8845);
#8951 = STYLED_ITEM('color',(#8952),#1693);
#8952 = PRESENTATION_STYLE_ASSIGNMENT((#8953));
#8953 = SURFACE_STYLE_USAGE(.BOTH.,#8954);
#8954 = SURFACE_SIDE_STYLE('',(#8955));
#8955 = SURFACE_STYLE_FILL_AREA(#8956);
#8956 = FILL_AREA_STYLE('',(#8957));
#8957 = FILL_AREA_STYLE_COLOUR('',#8845);
#8958 = STYLED_ITEM('color',(#8959),#1710);
#8959 = PRESENTATION_STYLE_ASSIGNMENT((#8960));
#8960 = SURFACE_STYLE_USAGE(.BOTH.,#8961);
#8961 = SURFACE_SIDE_STYLE('',(#8962));
#8962 = SURFACE_STYLE_FILL_AREA(#8963);
#8963 = FILL_AREA_STYLE('',(#8964));
#8964 = FILL_AREA_STYLE_COLOUR('',#8845);
#8965 = STYLED_ITEM('color',(#8966),#1727);
#8966 = PRESENTATION_STYLE_ASSIGNMENT((#8967));
#8967 = SURFACE_STYLE_USAGE(.BOTH.,#8968);
#8968 = SURFACE_SIDE_STYLE('',(#8969));
#8969 = SURFACE_STYLE_FILL_AREA(#8970);
#8970 = FILL_AREA_STYLE('',(#8971));
#8971 = FILL_AREA_STYLE_COLOUR('',#8845);
#8972 = STYLED_ITEM('color',(#8973),#1744);
#8973 = PRESENTATION_STYLE_ASSIGNMENT((#8974));
#8974 = SURFACE_STYLE_USAGE(.BOTH.,#8975);
#8975 = SURFACE_SIDE_STYLE('',(#8976));
#8976 = SURFACE_STYLE_FILL_AREA(#8977);
#8977 = FILL_AREA_STYLE('',(#8978));
#8978 = FILL_AREA_STYLE_COLOUR('',#8845);
#8979 = STYLED_ITEM('color',(#8980),#1761);
#8980 = PRESENTATION_STYLE_ASSIGNMENT((#8981));
#8981 = SURFACE_STYLE_USAGE(.BOTH.,#8982);
#8982 = SURFACE_SIDE_STYLE('',(#8983));
#8983 = SURFACE_STYLE_FILL_AREA(#8984);
#8984 = FILL_AREA_STYLE('',(#8985));
#8985 = FILL_AREA_STYLE_COLOUR('',#8845);
#8986 = STYLED_ITEM('color',(#8987),#1778);
#8987 = PRESENTATION_STYLE_ASSIGNMENT((#8988));
#8988 = SURFACE_STYLE_USAGE(.BOTH.,#8989);
#8989 = SURFACE_SIDE_STYLE('',(#8990));
#8990 = SURFACE_STYLE_FILL_AREA(#8991);
#8991 = FILL_AREA_STYLE('',(#8992));
#8992 = FILL_AREA_STYLE_COLOUR('',#8845);
#8993 = STYLED_ITEM('color',(#8994),#1790);
#8994 = PRESENTATION_STYLE_ASSIGNMENT((#8995));
#8995 = SURFACE_STYLE_USAGE(.BOTH.,#8996);
#8996 = SURFACE_SIDE_STYLE('',(#8997));
#8997 = SURFACE_STYLE_FILL_AREA(#8998);
#8998 = FILL_AREA_STYLE('',(#8999));
#8999 = FILL_AREA_STYLE_COLOUR('',#9000);
#9000 = COLOUR_RGB('',0.859000020776,0.737999965183,0.495999988746);
#9001 = STYLED_ITEM('color',(#9002),#1821);
#9002 = PRESENTATION_STYLE_ASSIGNMENT((#9003));
#9003 = SURFACE_STYLE_USAGE(.BOTH.,#9004);
#9004 = SURFACE_SIDE_STYLE('',(#9005));
#9005 = SURFACE_STYLE_FILL_AREA(#9006);
#9006 = FILL_AREA_STYLE('',(#9007));
#9007 = FILL_AREA_STYLE_COLOUR('',#9000);
#9008 = STYLED_ITEM('color',(#9009),#1845);
#9009 = PRESENTATION_STYLE_ASSIGNMENT((#9010));
#9010 = SURFACE_STYLE_USAGE(.BOTH.,#9011);
#9011 = SURFACE_SIDE_STYLE('',(#9012));
#9012 = SURFACE_STYLE_FILL_AREA(#9013);
#9013 = FILL_AREA_STYLE('',(#9014));
#9014 = FILL_AREA_STYLE_COLOUR('',#9000);
#9015 = STYLED_ITEM('color',(#9016),#1869);
#9016 = PRESENTATION_STYLE_ASSIGNMENT((#9017));
#9017 = SURFACE_STYLE_USAGE(.BOTH.,#9018);
#9018 = SURFACE_SIDE_STYLE('',(#9019));
#9019 = SURFACE_STYLE_FILL_AREA(#9020);
#9020 = FILL_AREA_STYLE('',(#9021));
#9021 = FILL_AREA_STYLE_COLOUR('',#9000);
#9022 = STYLED_ITEM('color',(#9023),#1886);
#9023 = PRESENTATION_STYLE_ASSIGNMENT((#9024));
#9024 = SURFACE_STYLE_USAGE(.BOTH.,#9025);
#9025 = SURFACE_SIDE_STYLE('',(#9026));
#9026 = SURFACE_STYLE_FILL_AREA(#9027);
#9027 = FILL_AREA_STYLE('',(#9028));
#9028 = FILL_AREA_STYLE_COLOUR('',#9000);
#9029 = STYLED_ITEM('color',(#9030),#1917);
#9030 = PRESENTATION_STYLE_ASSIGNMENT((#9031));
#9031 = SURFACE_STYLE_USAGE(.BOTH.,#9032);
#9032 = SURFACE_SIDE_STYLE('',(#9033));
#9033 = SURFACE_STYLE_FILL_AREA(#9034);
#9034 = FILL_AREA_STYLE('',(#9035));
#9035 = FILL_AREA_STYLE_COLOUR('',#9000);
#9036 = STYLED_ITEM('color',(#9037),#1941);
#9037 = PRESENTATION_STYLE_ASSIGNMENT((#9038));
#9038 = SURFACE_STYLE_USAGE(.BOTH.,#9039);
#9039 = SURFACE_SIDE_STYLE('',(#9040));
#9040 = SURFACE_STYLE_FILL_AREA(#9041);
#9041 = FILL_AREA_STYLE('',(#9042));
#9042 = FILL_AREA_STYLE_COLOUR('',#9000);
#9043 = STYLED_ITEM('color',(#9044),#1965);
#9044 = PRESENTATION_STYLE_ASSIGNMENT((#9045));
#9045 = SURFACE_STYLE_USAGE(.BOTH.,#9046);
#9046 = SURFACE_SIDE_STYLE('',(#9047));
#9047 = SURFACE_STYLE_FILL_AREA(#9048);
#9048 = FILL_AREA_STYLE('',(#9049));
#9049 = FILL_AREA_STYLE_COLOUR('',#9000);
#9050 = STYLED_ITEM('color',(#9051),#1982);
#9051 = PRESENTATION_STYLE_ASSIGNMENT((#9052));
#9052 = SURFACE_STYLE_USAGE(.BOTH.,#9053);
#9053 = SURFACE_SIDE_STYLE('',(#9054));
#9054 = SURFACE_STYLE_FILL_AREA(#9055);
#9055 = FILL_AREA_STYLE('',(#9056));
#9056 = FILL_AREA_STYLE_COLOUR('',#9000);
#9057 = STYLED_ITEM('color',(#9058),#2013);
#9058 = PRESENTATION_STYLE_ASSIGNMENT((#9059));
#9059 = SURFACE_STYLE_USAGE(.BOTH.,#9060);
#9060 = SURFACE_SIDE_STYLE('',(#9061));
#9061 = SURFACE_STYLE_FILL_AREA(#9062);
#9062 = FILL_AREA_STYLE('',(#9063));
#9063 = FILL_AREA_STYLE_COLOUR('',#9000);
#9064 = STYLED_ITEM('color',(#9065),#2037);
#9065 = PRESENTATION_STYLE_ASSIGNMENT((#9066));
#9066 = SURFACE_STYLE_USAGE(.BOTH.,#9067);
#9067 = SURFACE_SIDE_STYLE('',(#9068));
#9068 = SURFACE_STYLE_FILL_AREA(#9069);
#9069 = FILL_AREA_STYLE('',(#9070));
#9070 = FILL_AREA_STYLE_COLOUR('',#9000);
#9071 = STYLED_ITEM('color',(#9072),#2061);
#9072 = PRESENTATION_STYLE_ASSIGNMENT((#9073));
#9073 = SURFACE_STYLE_USAGE(.BOTH.,#9074);
#9074 = SURFACE_SIDE_STYLE('',(#9075));
#9075 = SURFACE_STYLE_FILL_AREA(#9076);
#9076 = FILL_AREA_STYLE('',(#9077));
#9077 = FILL_AREA_STYLE_COLOUR('',#9000);
#9078 = STYLED_ITEM('color',(#9079),#2078);
#9079 = PRESENTATION_STYLE_ASSIGNMENT((#9080));
#9080 = SURFACE_STYLE_USAGE(.BOTH.,#9081);
#9081 = SURFACE_SIDE_STYLE('',(#9082));
#9082 = SURFACE_STYLE_FILL_AREA(#9083);
#9083 = FILL_AREA_STYLE('',(#9084));
#9084 = FILL_AREA_STYLE_COLOUR('',#9000);
#9085 = STYLED_ITEM('color',(#9086),#2109);
#9086 = PRESENTATION_STYLE_ASSIGNMENT((#9087));
#9087 = SURFACE_STYLE_USAGE(.BOTH.,#9088);
#9088 = SURFACE_SIDE_STYLE('',(#9089));
#9089 = SURFACE_STYLE_FILL_AREA(#9090);
#9090 = FILL_AREA_STYLE('',(#9091));
#9091 = FILL_AREA_STYLE_COLOUR('',#9000);
#9092 = STYLED_ITEM('color',(#9093),#2133);
#9093 = PRESENTATION_STYLE_ASSIGNMENT((#9094));
#9094 = SURFACE_STYLE_USAGE(.BOTH.,#9095);
#9095 = SURFACE_SIDE_STYLE('',(#9096));
#9096 = SURFACE_STYLE_FILL_AREA(#9097);
#9097 = FILL_AREA_STYLE('',(#9098));
#9098 = FILL_AREA_STYLE_COLOUR('',#9000);
#9099 = STYLED_ITEM('color',(#9100),#2157);
#9100 = PRESENTATION_STYLE_ASSIGNMENT((#9101));
#9101 = SURFACE_STYLE_USAGE(.BOTH.,#9102);
#9102 = SURFACE_SIDE_STYLE('',(#9103));
#9103 = SURFACE_STYLE_FILL_AREA(#9104);
#9104 = FILL_AREA_STYLE('',(#9105));
#9105 = FILL_AREA_STYLE_COLOUR('',#9000);
#9106 = STYLED_ITEM('color',(#9107),#2174);
#9107 = PRESENTATION_STYLE_ASSIGNMENT((#9108));
#9108 = SURFACE_STYLE_USAGE(.BOTH.,#9109);
#9109 = SURFACE_SIDE_STYLE('',(#9110));
#9110 = SURFACE_STYLE_FILL_AREA(#9111);
#9111 = FILL_AREA_STYLE('',(#9112));
#9112 = FILL_AREA_STYLE_COLOUR('',#9000);
#9113 = STYLED_ITEM('color',(#9114),#2205);
#9114 = PRESENTATION_STYLE_ASSIGNMENT((#9115));
#9115 = SURFACE_STYLE_USAGE(.BOTH.,#9116);
#9116 = SURFACE_SIDE_STYLE('',(#9117));
#9117 = SURFACE_STYLE_FILL_AREA(#9118);
#9118 = FILL_AREA_STYLE('',(#9119));
#9119 = FILL_AREA_STYLE_COLOUR('',#9000);
#9120 = STYLED_ITEM('color',(#9121),#2229);
#9121 = PRESENTATION_STYLE_ASSIGNMENT((#9122));
#9122 = SURFACE_STYLE_USAGE(.BOTH.,#9123);
#9123 = SURFACE_SIDE_STYLE('',(#9124));
#9124 = SURFACE_STYLE_FILL_AREA(#9125);
#9125 = FILL_AREA_STYLE('',(#9126));
#9126 = FILL_AREA_STYLE_COLOUR('',#9000);
#9127 = STYLED_ITEM('color',(#9128),#2253);
#9128 = PRESENTATION_STYLE_ASSIGNMENT((#9129));
#9129 = SURFACE_STYLE_USAGE(.BOTH.,#9130);
#9130 = SURFACE_SIDE_STYLE('',(#9131));
#9131 = SURFACE_STYLE_FILL_AREA(#9132);
#9132 = FILL_AREA_STYLE('',(#9133));
#9133 = FILL_AREA_STYLE_COLOUR('',#9000);
#9134 = STYLED_ITEM('color',(#9135),#2270);
#9135 = PRESENTATION_STYLE_ASSIGNMENT((#9136));
#9136 = SURFACE_STYLE_USAGE(.BOTH.,#9137);
#9137 = SURFACE_SIDE_STYLE('',(#9138));
#9138 = SURFACE_STYLE_FILL_AREA(#9139);
#9139 = FILL_AREA_STYLE('',(#9140));
#9140 = FILL_AREA_STYLE_COLOUR('',#9000);
#9141 = STYLED_ITEM('color',(#9142),#2301);
#9142 = PRESENTATION_STYLE_ASSIGNMENT((#9143));
#9143 = SURFACE_STYLE_USAGE(.BOTH.,#9144);
#9144 = SURFACE_SIDE_STYLE('',(#9145));
#9145 = SURFACE_STYLE_FILL_AREA(#9146);
#9146 = FILL_AREA_STYLE('',(#9147));
#9147 = FILL_AREA_STYLE_COLOUR('',#9000);
#9148 = STYLED_ITEM('color',(#9149),#2325);
#9149 = PRESENTATION_STYLE_ASSIGNMENT((#9150));
#9150 = SURFACE_STYLE_USAGE(.BOTH.,#9151);
#9151 = SURFACE_SIDE_STYLE('',(#9152));
#9152 = SURFACE_STYLE_FILL_AREA(#9153);
#9153 = FILL_AREA_STYLE('',(#9154));
#9154 = FILL_AREA_STYLE_COLOUR('',#9000);
#9155 = STYLED_ITEM('color',(#9156),#2349);
#9156 = PRESENTATION_STYLE_ASSIGNMENT((#9157));
#9157 = SURFACE_STYLE_USAGE(.BOTH.,#9158);
#9158 = SURFACE_SIDE_STYLE('',(#9159));
#9159 = SURFACE_STYLE_FILL_AREA(#9160);
#9160 = FILL_AREA_STYLE('',(#9161));
#9161 = FILL_AREA_STYLE_COLOUR('',#9000);
#9162 = STYLED_ITEM('color',(#9163),#2366);
#9163 = PRESENTATION_STYLE_ASSIGNMENT((#9164));
#9164 = SURFACE_STYLE_USAGE(.BOTH.,#9165);
#9165 = SURFACE_SIDE_STYLE('',(#9166));
#9166 = SURFACE_STYLE_FILL_AREA(#9167);
#9167 = FILL_AREA_STYLE('',(#9168));
#9168 = FILL_AREA_STYLE_COLOUR('',#9000);
#9169 = STYLED_ITEM('color',(#9170),#2397);
#9170 = PRESENTATION_STYLE_ASSIGNMENT((#9171));
#9171 = SURFACE_STYLE_USAGE(.BOTH.,#9172);
#9172 = SURFACE_SIDE_STYLE('',(#9173));
#9173 = SURFACE_STYLE_FILL_AREA(#9174);
#9174 = FILL_AREA_STYLE('',(#9175));
#9175 = FILL_AREA_STYLE_COLOUR('',#9000);
#9176 = STYLED_ITEM('color',(#9177),#2421);
#9177 = PRESENTATION_STYLE_ASSIGNMENT((#9178));
#9178 = SURFACE_STYLE_USAGE(.BOTH.,#9179);
#9179 = SURFACE_SIDE_STYLE('',(#9180));
#9180 = SURFACE_STYLE_FILL_AREA(#9181);
#9181 = FILL_AREA_STYLE('',(#9182));
#9182 = FILL_AREA_STYLE_COLOUR('',#9000);
#9183 = STYLED_ITEM('color',(#9184),#2445);
#9184 = PRESENTATION_STYLE_ASSIGNMENT((#9185));
#9185 = SURFACE_STYLE_USAGE(.BOTH.,#9186);
#9186 = SURFACE_SIDE_STYLE('',(#9187));
#9187 = SURFACE_STYLE_FILL_AREA(#9188);
#9188 = FILL_AREA_STYLE('',(#9189));
#9189 = FILL_AREA_STYLE_COLOUR('',#9000);
#9190 = STYLED_ITEM('color',(#9191),#2462);
#9191 = PRESENTATION_STYLE_ASSIGNMENT((#9192));
#9192 = SURFACE_STYLE_USAGE(.BOTH.,#9193);
#9193 = SURFACE_SIDE_STYLE('',(#9194));
#9194 = SURFACE_STYLE_FILL_AREA(#9195);
#9195 = FILL_AREA_STYLE('',(#9196));
#9196 = FILL_AREA_STYLE_COLOUR('',#9000);
#9197 = STYLED_ITEM('color',(#9198),#2493);
#9198 = PRESENTATION_STYLE_ASSIGNMENT((#9199));
#9199 = SURFACE_STYLE_USAGE(.BOTH.,#9200);
#9200 = SURFACE_SIDE_STYLE('',(#9201));
#9201 = SURFACE_STYLE_FILL_AREA(#9202);
#9202 = FILL_AREA_STYLE('',(#9203));
#9203 = FILL_AREA_STYLE_COLOUR('',#9000);
#9204 = STYLED_ITEM('color',(#9205),#2517);
#9205 = PRESENTATION_STYLE_ASSIGNMENT((#9206));
#9206 = SURFACE_STYLE_USAGE(.BOTH.,#9207);
#9207 = SURFACE_SIDE_STYLE('',(#9208));
#9208 = SURFACE_STYLE_FILL_AREA(#9209);
#9209 = FILL_AREA_STYLE('',(#9210));
#9210 = FILL_AREA_STYLE_COLOUR('',#9000);
#9211 = STYLED_ITEM('color',(#9212),#2541);
#9212 = PRESENTATION_STYLE_ASSIGNMENT((#9213));
#9213 = SURFACE_STYLE_USAGE(.BOTH.,#9214);
#9214 = SURFACE_SIDE_STYLE('',(#9215));
#9215 = SURFACE_STYLE_FILL_AREA(#9216);
#9216 = FILL_AREA_STYLE('',(#9217));
#9217 = FILL_AREA_STYLE_COLOUR('',#9000);
#9218 = STYLED_ITEM('color',(#9219),#2558);
#9219 = PRESENTATION_STYLE_ASSIGNMENT((#9220));
#9220 = SURFACE_STYLE_USAGE(.BOTH.,#9221);
#9221 = SURFACE_SIDE_STYLE('',(#9222));
#9222 = SURFACE_STYLE_FILL_AREA(#9223);
#9223 = FILL_AREA_STYLE('',(#9224));
#9224 = FILL_AREA_STYLE_COLOUR('',#9000);
#9225 = STYLED_ITEM('color',(#9226),#2589);
#9226 = PRESENTATION_STYLE_ASSIGNMENT((#9227));
#9227 = SURFACE_STYLE_USAGE(.BOTH.,#9228);
#9228 = SURFACE_SIDE_STYLE('',(#9229));
#9229 = SURFACE_STYLE_FILL_AREA(#9230);
#9230 = FILL_AREA_STYLE('',(#9231));
#9231 = FILL_AREA_STYLE_COLOUR('',#9000);
#9232 = STYLED_ITEM('color',(#9233),#2613);
#9233 = PRESENTATION_STYLE_ASSIGNMENT((#9234));
#9234 = SURFACE_STYLE_USAGE(.BOTH.,#9235);
#9235 = SURFACE_SIDE_STYLE('',(#9236));
#9236 = SURFACE_STYLE_FILL_AREA(#9237);
#9237 = FILL_AREA_STYLE('',(#9238));
#9238 = FILL_AREA_STYLE_COLOUR('',#9000);
#9239 = STYLED_ITEM('color',(#9240),#2637);
#9240 = PRESENTATION_STYLE_ASSIGNMENT((#9241));
#9241 = SURFACE_STYLE_USAGE(.BOTH.,#9242);
#9242 = SURFACE_SIDE_STYLE('',(#9243));
#9243 = SURFACE_STYLE_FILL_AREA(#9244);
#9244 = FILL_AREA_STYLE('',(#9245));
#9245 = FILL_AREA_STYLE_COLOUR('',#9000);
#9246 = STYLED_ITEM('color',(#9247),#2654);
#9247 = PRESENTATION_STYLE_ASSIGNMENT((#9248));
#9248 = SURFACE_STYLE_USAGE(.BOTH.,#9249);
#9249 = SURFACE_SIDE_STYLE('',(#9250));
#9250 = SURFACE_STYLE_FILL_AREA(#9251);
#9251 = FILL_AREA_STYLE('',(#9252));
#9252 = FILL_AREA_STYLE_COLOUR('',#9000);
#9253 = STYLED_ITEM('color',(#9254),#2685);
#9254 = PRESENTATION_STYLE_ASSIGNMENT((#9255));
#9255 = SURFACE_STYLE_USAGE(.BOTH.,#9256);
#9256 = SURFACE_SIDE_STYLE('',(#9257));
#9257 = SURFACE_STYLE_FILL_AREA(#9258);
#9258 = FILL_AREA_STYLE('',(#9259));
#9259 = FILL_AREA_STYLE_COLOUR('',#9000);
#9260 = STYLED_ITEM('color',(#9261),#2709);
#9261 = PRESENTATION_STYLE_ASSIGNMENT((#9262));
#9262 = SURFACE_STYLE_USAGE(.BOTH.,#9263);
#9263 = SURFACE_SIDE_STYLE('',(#9264));
#9264 = SURFACE_STYLE_FILL_AREA(#9265);
#9265 = FILL_AREA_STYLE('',(#9266));
#9266 = FILL_AREA_STYLE_COLOUR('',#9000);
#9267 = STYLED_ITEM('color',(#9268),#2733);
#9268 = PRESENTATION_STYLE_ASSIGNMENT((#9269));
#9269 = SURFACE_STYLE_USAGE(.BOTH.,#9270);
#9270 = SURFACE_SIDE_STYLE('',(#9271));
#9271 = SURFACE_STYLE_FILL_AREA(#9272);
#9272 = FILL_AREA_STYLE('',(#9273));
#9273 = FILL_AREA_STYLE_COLOUR('',#9000);
#9274 = STYLED_ITEM('color',(#9275),#2750);
#9275 = PRESENTATION_STYLE_ASSIGNMENT((#9276));
#9276 = SURFACE_STYLE_USAGE(.BOTH.,#9277);
#9277 = SURFACE_SIDE_STYLE('',(#9278));
#9278 = SURFACE_STYLE_FILL_AREA(#9279);
#9279 = FILL_AREA_STYLE('',(#9280));
#9280 = FILL_AREA_STYLE_COLOUR('',#9000);
#9281 = STYLED_ITEM('color',(#9282),#2781);
#9282 = PRESENTATION_STYLE_ASSIGNMENT((#9283));
#9283 = SURFACE_STYLE_USAGE(.BOTH.,#9284);
#9284 = SURFACE_SIDE_STYLE('',(#9285));
#9285 = SURFACE_STYLE_FILL_AREA(#9286);
#9286 = FILL_AREA_STYLE('',(#9287));
#9287 = FILL_AREA_STYLE_COLOUR('',#9000);
#9288 = STYLED_ITEM('color',(#9289),#2805);
#9289 = PRESENTATION_STYLE_ASSIGNMENT((#9290));
#9290 = SURFACE_STYLE_USAGE(.BOTH.,#9291);
#9291 = SURFACE_SIDE_STYLE('',(#9292));
#9292 = SURFACE_STYLE_FILL_AREA(#9293);
#9293 = FILL_AREA_STYLE('',(#9294));
#9294 = FILL_AREA_STYLE_COLOUR('',#9000);
#9295 = STYLED_ITEM('color',(#9296),#2829);
#9296 = PRESENTATION_STYLE_ASSIGNMENT((#9297));
#9297 = SURFACE_STYLE_USAGE(.BOTH.,#9298);
#9298 = SURFACE_SIDE_STYLE('',(#9299));
#9299 = SURFACE_STYLE_FILL_AREA(#9300);
#9300 = FILL_AREA_STYLE('',(#9301));
#9301 = FILL_AREA_STYLE_COLOUR('',#9000);
#9302 = STYLED_ITEM('color',(#9303),#2846);
#9303 = PRESENTATION_STYLE_ASSIGNMENT((#9304));
#9304 = SURFACE_STYLE_USAGE(.BOTH.,#9305);
#9305 = SURFACE_SIDE_STYLE('',(#9306));
#9306 = SURFACE_STYLE_FILL_AREA(#9307);
#9307 = FILL_AREA_STYLE('',(#9308));
#9308 = FILL_AREA_STYLE_COLOUR('',#9000);
#9309 = STYLED_ITEM('color',(#9310),#2877);
#9310 = PRESENTATION_STYLE_ASSIGNMENT((#9311));
#9311 = SURFACE_STYLE_USAGE(.BOTH.,#9312);
#9312 = SURFACE_SIDE_STYLE('',(#9313));
#9313 = SURFACE_STYLE_FILL_AREA(#9314);
#9314 = FILL_AREA_STYLE('',(#9315));
#9315 = FILL_AREA_STYLE_COLOUR('',#9000);
#9316 = STYLED_ITEM('color',(#9317),#2901);
#9317 = PRESENTATION_STYLE_ASSIGNMENT((#9318));
#9318 = SURFACE_STYLE_USAGE(.BOTH.,#9319);
#9319 = SURFACE_SIDE_STYLE('',(#9320));
#9320 = SURFACE_STYLE_FILL_AREA(#9321);
#9321 = FILL_AREA_STYLE('',(#9322));
#9322 = FILL_AREA_STYLE_COLOUR('',#9000);
#9323 = STYLED_ITEM('color',(#9324),#2925);
#9324 = PRESENTATION_STYLE_ASSIGNMENT((#9325));
#9325 = SURFACE_STYLE_USAGE(.BOTH.,#9326);
#9326 = SURFACE_SIDE_STYLE('',(#9327));
#9327 = SURFACE_STYLE_FILL_AREA(#9328);
#9328 = FILL_AREA_STYLE('',(#9329));
#9329 = FILL_AREA_STYLE_COLOUR('',#9000);
#9330 = STYLED_ITEM('color',(#9331),#2942);
#9331 = PRESENTATION_STYLE_ASSIGNMENT((#9332));
#9332 = SURFACE_STYLE_USAGE(.BOTH.,#9333);
#9333 = SURFACE_SIDE_STYLE('',(#9334));
#9334 = SURFACE_STYLE_FILL_AREA(#9335);
#9335 = FILL_AREA_STYLE('',(#9336));
#9336 = FILL_AREA_STYLE_COLOUR('',#9000);
#9337 = STYLED_ITEM('color',(#9338),#2954);
#9338 = PRESENTATION_STYLE_ASSIGNMENT((#9339));
#9339 = SURFACE_STYLE_USAGE(.BOTH.,#9340);
#9340 = SURFACE_SIDE_STYLE('',(#9341));
#9341 = SURFACE_STYLE_FILL_AREA(#9342);
#9342 = FILL_AREA_STYLE('',(#9343));
#9343 = FILL_AREA_STYLE_COLOUR('',#9000);
#9344 = STYLED_ITEM('color',(#9345),#2966);
#9345 = PRESENTATION_STYLE_ASSIGNMENT((#9346));
#9346 = SURFACE_STYLE_USAGE(.BOTH.,#9347);
#9347 = SURFACE_SIDE_STYLE('',(#9348));
#9348 = SURFACE_STYLE_FILL_AREA(#9349);
#9349 = FILL_AREA_STYLE('',(#9350));
#9350 = FILL_AREA_STYLE_COLOUR('',#9000);
#9351 = STYLED_ITEM('color',(#9352),#2978);
#9352 = PRESENTATION_STYLE_ASSIGNMENT((#9353));
#9353 = SURFACE_STYLE_USAGE(.BOTH.,#9354);
#9354 = SURFACE_SIDE_STYLE('',(#9355));
#9355 = SURFACE_STYLE_FILL_AREA(#9356);
#9356 = FILL_AREA_STYLE('',(#9357));
#9357 = FILL_AREA_STYLE_COLOUR('',#9000);
#9358 = STYLED_ITEM('color',(#9359),#2990);
#9359 = PRESENTATION_STYLE_ASSIGNMENT((#9360));
#9360 = SURFACE_STYLE_USAGE(.BOTH.,#9361);
#9361 = SURFACE_SIDE_STYLE('',(#9362));
#9362 = SURFACE_STYLE_FILL_AREA(#9363);
#9363 = FILL_AREA_STYLE('',(#9364));
#9364 = FILL_AREA_STYLE_COLOUR('',#9000);
#9365 = STYLED_ITEM('color',(#9366),#3002);
#9366 = PRESENTATION_STYLE_ASSIGNMENT((#9367));
#9367 = SURFACE_STYLE_USAGE(.BOTH.,#9368);
#9368 = SURFACE_SIDE_STYLE('',(#9369));
#9369 = SURFACE_STYLE_FILL_AREA(#9370);
#9370 = FILL_AREA_STYLE('',(#9371));
#9371 = FILL_AREA_STYLE_COLOUR('',#9000);
#9372 = MECHANICAL_DESIGN_GEOMETRIC_PRESENTATION_REPRESENTATION('',(
    #9373),#8640);
#9373 = STYLED_ITEM('color',(#9374),#7671);
#9374 = PRESENTATION_STYLE_ASSIGNMENT((#9375));
#9375 = SURFACE_STYLE_USAGE(.BOTH.,#9376);
#9376 = SURFACE_SIDE_STYLE('',(#9377));
#9377 = SURFACE_STYLE_FILL_AREA(#9378);
#9378 = FILL_AREA_STYLE('',(#9379));
#9379 = FILL_AREA_STYLE_COLOUR('',#9380);
#9380 = COLOUR_RGB('',0.313304153717,0.484529207832,0.410020903123);
#9381 = MECHANICAL_DESIGN_GEOMETRIC_PRESENTATION_REPRESENTATION('',(
    #9382,#9390,#9398,#9405,#9412,#9419,#9426,#9433,#9440,#9447,#9455,
    #9462,#9469,#9476,#9483,#9490,#9497,#9504,#9511,#9518,#9525,#9532,
    #9539,#9546,#9553,#9560,#9567,#9574,#9581,#9588,#9595,#9602,#9609,
    #9616,#9623,#9630,#9637,#9644),#7652);
#9382 = STYLED_ITEM('color',(#9383),#6682);
#9383 = PRESENTATION_STYLE_ASSIGNMENT((#9384));
#9384 = SURFACE_STYLE_USAGE(.BOTH.,#9385);
#9385 = SURFACE_SIDE_STYLE('',(#9386));
#9386 = SURFACE_STYLE_FILL_AREA(#9387);
#9387 = FILL_AREA_STYLE('',(#9388));
#9388 = FILL_AREA_STYLE_COLOUR('',#9389);
#9389 = COLOUR_RGB('',0.800000010877,0.800000010877,0.800000010877);
#9390 = OVER_RIDING_STYLED_ITEM('overriding color',(#9391),#6684,#9382);
#9391 = PRESENTATION_STYLE_ASSIGNMENT((#9392));
#9392 = SURFACE_STYLE_USAGE(.BOTH.,#9393);
#9393 = SURFACE_SIDE_STYLE('',(#9394));
#9394 = SURFACE_STYLE_FILL_AREA(#9395);
#9395 = FILL_AREA_STYLE('',(#9396));
#9396 = FILL_AREA_STYLE_COLOUR('',#9397);
#9397 = COLOUR_RGB('',0.1599999992,0.1599999992,0.1599999992);
#9398 = OVER_RIDING_STYLED_ITEM('overriding color',(#9399),#6724,#9382);
#9399 = PRESENTATION_STYLE_ASSIGNMENT((#9400));
#9400 = SURFACE_STYLE_USAGE(.BOTH.,#9401);
#9401 = SURFACE_SIDE_STYLE('',(#9402));
#9402 = SURFACE_STYLE_FILL_AREA(#9403);
#9403 = FILL_AREA_STYLE('',(#9404));
#9404 = FILL_AREA_STYLE_COLOUR('',#9397);
#9405 = OVER_RIDING_STYLED_ITEM('overriding color',(#9406),#6755,#9382);
#9406 = PRESENTATION_STYLE_ASSIGNMENT((#9407));
#9407 = SURFACE_STYLE_USAGE(.BOTH.,#9408);
#9408 = SURFACE_SIDE_STYLE('',(#9409));
#9409 = SURFACE_STYLE_FILL_AREA(#9410);
#9410 = FILL_AREA_STYLE('',(#9411));
#9411 = FILL_AREA_STYLE_COLOUR('',#9397);
#9412 = OVER_RIDING_STYLED_ITEM('overriding color',(#9413),#6786,#9382);
#9413 = PRESENTATION_STYLE_ASSIGNMENT((#9414));
#9414 = SURFACE_STYLE_USAGE(.BOTH.,#9415);
#9415 = SURFACE_SIDE_STYLE('',(#9416));
#9416 = SURFACE_STYLE_FILL_AREA(#9417);
#9417 = FILL_AREA_STYLE('',(#9418));
#9418 = FILL_AREA_STYLE_COLOUR('',#9397);
#9419 = OVER_RIDING_STYLED_ITEM('overriding color',(#9420),#6814,#9382);
#9420 = PRESENTATION_STYLE_ASSIGNMENT((#9421));
#9421 = SURFACE_STYLE_USAGE(.BOTH.,#9422);
#9422 = SURFACE_SIDE_STYLE('',(#9423));
#9423 = SURFACE_STYLE_FILL_AREA(#9424);
#9424 = FILL_AREA_STYLE('',(#9425));
#9425 = FILL_AREA_STYLE_COLOUR('',#9397);
#9426 = OVER_RIDING_STYLED_ITEM('overriding color',(#9427),#6842,#9382);
#9427 = PRESENTATION_STYLE_ASSIGNMENT((#9428));
#9428 = SURFACE_STYLE_USAGE(.BOTH.,#9429);
#9429 = SURFACE_SIDE_STYLE('',(#9430));
#9430 = SURFACE_STYLE_FILL_AREA(#9431);
#9431 = FILL_AREA_STYLE('',(#9432));
#9432 = FILL_AREA_STYLE_COLOUR('',#9397);
#9433 = OVER_RIDING_STYLED_ITEM('overriding color',(#9434),#6854,#9382);
#9434 = PRESENTATION_STYLE_ASSIGNMENT((#9435));
#9435 = SURFACE_STYLE_USAGE(.BOTH.,#9436);
#9436 = SURFACE_SIDE_STYLE('',(#9437));
#9437 = SURFACE_STYLE_FILL_AREA(#9438);
#9438 = FILL_AREA_STYLE('',(#9439));
#9439 = FILL_AREA_STYLE_COLOUR('',#9397);
#9440 = STYLED_ITEM('color',(#9441),#6871);
#9441 = PRESENTATION_STYLE_ASSIGNMENT((#9442));
#9442 = SURFACE_STYLE_USAGE(.BOTH.,#9443);
#9443 = SURFACE_SIDE_STYLE('',(#9444));
#9444 = SURFACE_STYLE_FILL_AREA(#9445);
#9445 = FILL_AREA_STYLE('',(#9446));
#9446 = FILL_AREA_STYLE_COLOUR('',#9389);
#9447 = OVER_RIDING_STYLED_ITEM('overriding color',(#9448),#6873,#9440);
#9448 = PRESENTATION_STYLE_ASSIGNMENT((#9449));
#9449 = SURFACE_STYLE_USAGE(.BOTH.,#9450);
#9450 = SURFACE_SIDE_STYLE('',(#9451));
#9451 = SURFACE_STYLE_FILL_AREA(#9452);
#9452 = FILL_AREA_STYLE('',(#9453));
#9453 = FILL_AREA_STYLE_COLOUR('',#9454);
#9454 = COLOUR_RGB('',0.372321987396,0.371574020205,0.373173001298);
#9455 = OVER_RIDING_STYLED_ITEM('overriding color',(#9456),#6913,#9440);
#9456 = PRESENTATION_STYLE_ASSIGNMENT((#9457));
#9457 = SURFACE_STYLE_USAGE(.BOTH.,#9458);
#9458 = SURFACE_SIDE_STYLE('',(#9459));
#9459 = SURFACE_STYLE_FILL_AREA(#9460);
#9460 = FILL_AREA_STYLE('',(#9461));
#9461 = FILL_AREA_STYLE_COLOUR('',#9454);
#9462 = OVER_RIDING_STYLED_ITEM('overriding color',(#9463),#6980,#9440);
#9463 = PRESENTATION_STYLE_ASSIGNMENT((#9464));
#9464 = SURFACE_STYLE_USAGE(.BOTH.,#9465);
#9465 = SURFACE_SIDE_STYLE('',(#9466));
#9466 = SURFACE_STYLE_FILL_AREA(#9467);
#9467 = FILL_AREA_STYLE('',(#9468));
#9468 = FILL_AREA_STYLE_COLOUR('',#9454);
#9469 = OVER_RIDING_STYLED_ITEM('overriding color',(#9470),#7005,#9440);
#9470 = PRESENTATION_STYLE_ASSIGNMENT((#9471));
#9471 = SURFACE_STYLE_USAGE(.BOTH.,#9472);
#9472 = SURFACE_SIDE_STYLE('',(#9473));
#9473 = SURFACE_STYLE_FILL_AREA(#9474);
#9474 = FILL_AREA_STYLE('',(#9475));
#9475 = FILL_AREA_STYLE_COLOUR('',#9454);
#9476 = OVER_RIDING_STYLED_ITEM('overriding color',(#9477),#7030,#9440);
#9477 = PRESENTATION_STYLE_ASSIGNMENT((#9478));
#9478 = SURFACE_STYLE_USAGE(.BOTH.,#9479);
#9479 = SURFACE_SIDE_STYLE('',(#9480));
#9480 = SURFACE_STYLE_FILL_AREA(#9481);
#9481 = FILL_AREA_STYLE('',(#9482));
#9482 = FILL_AREA_STYLE_COLOUR('',#9454);
#9483 = OVER_RIDING_STYLED_ITEM('overriding color',(#9484),#7151,#9440);
#9484 = PRESENTATION_STYLE_ASSIGNMENT((#9485));
#9485 = SURFACE_STYLE_USAGE(.BOTH.,#9486);
#9486 = SURFACE_SIDE_STYLE('',(#9487));
#9487 = SURFACE_STYLE_FILL_AREA(#9488);
#9488 = FILL_AREA_STYLE('',(#9489));
#9489 = FILL_AREA_STYLE_COLOUR('',#9454);
#9490 = OVER_RIDING_STYLED_ITEM('overriding color',(#9491),#7168,#9440);
#9491 = PRESENTATION_STYLE_ASSIGNMENT((#9492));
#9492 = SURFACE_STYLE_USAGE(.BOTH.,#9493);
#9493 = SURFACE_SIDE_STYLE('',(#9494));
#9494 = SURFACE_STYLE_FILL_AREA(#9495);
#9495 = FILL_AREA_STYLE('',(#9496));
#9496 = FILL_AREA_STYLE_COLOUR('',#9454);
#9497 = OVER_RIDING_STYLED_ITEM('overriding color',(#9498),#7185,#9440);
#9498 = PRESENTATION_STYLE_ASSIGNMENT((#9499));
#9499 = SURFACE_STYLE_USAGE(.BOTH.,#9500);
#9500 = SURFACE_SIDE_STYLE('',(#9501));
#9501 = SURFACE_STYLE_FILL_AREA(#9502);
#9502 = FILL_AREA_STYLE('',(#9503));
#9503 = FILL_AREA_STYLE_COLOUR('',#9454);
#9504 = OVER_RIDING_STYLED_ITEM('overriding color',(#9505),#7202,#9440);
#9505 = PRESENTATION_STYLE_ASSIGNMENT((#9506));
#9506 = SURFACE_STYLE_USAGE(.BOTH.,#9507);
#9507 = SURFACE_SIDE_STYLE('',(#9508));
#9508 = SURFACE_STYLE_FILL_AREA(#9509);
#9509 = FILL_AREA_STYLE('',(#9510));
#9510 = FILL_AREA_STYLE_COLOUR('',#9454);
#9511 = OVER_RIDING_STYLED_ITEM('overriding color',(#9512),#7219,#9440);
#9512 = PRESENTATION_STYLE_ASSIGNMENT((#9513));
#9513 = SURFACE_STYLE_USAGE(.BOTH.,#9514);
#9514 = SURFACE_SIDE_STYLE('',(#9515));
#9515 = SURFACE_STYLE_FILL_AREA(#9516);
#9516 = FILL_AREA_STYLE('',(#9517));
#9517 = FILL_AREA_STYLE_COLOUR('',#9454);
#9518 = OVER_RIDING_STYLED_ITEM('overriding color',(#9519),#7231,#9440);
#9519 = PRESENTATION_STYLE_ASSIGNMENT((#9520));
#9520 = SURFACE_STYLE_USAGE(.BOTH.,#9521);
#9521 = SURFACE_SIDE_STYLE('',(#9522));
#9522 = SURFACE_STYLE_FILL_AREA(#9523);
#9523 = FILL_AREA_STYLE('',(#9524));
#9524 = FILL_AREA_STYLE_COLOUR('',#9454);
#9525 = OVER_RIDING_STYLED_ITEM('overriding color',(#9526),#7262,#9440);
#9526 = PRESENTATION_STYLE_ASSIGNMENT((#9527));
#9527 = SURFACE_STYLE_USAGE(.BOTH.,#9528);
#9528 = SURFACE_SIDE_STYLE('',(#9529));
#9529 = SURFACE_STYLE_FILL_AREA(#9530);
#9530 = FILL_AREA_STYLE('',(#9531));
#9531 = FILL_AREA_STYLE_COLOUR('',#9454);
#9532 = OVER_RIDING_STYLED_ITEM('overriding color',(#9533),#7287,#9440);
#9533 = PRESENTATION_STYLE_ASSIGNMENT((#9534));
#9534 = SURFACE_STYLE_USAGE(.BOTH.,#9535);
#9535 = SURFACE_SIDE_STYLE('',(#9536));
#9536 = SURFACE_STYLE_FILL_AREA(#9537);
#9537 = FILL_AREA_STYLE('',(#9538));
#9538 = FILL_AREA_STYLE_COLOUR('',#9454);
#9539 = OVER_RIDING_STYLED_ITEM('overriding color',(#9540),#7312,#9440);
#9540 = PRESENTATION_STYLE_ASSIGNMENT((#9541));
#9541 = SURFACE_STYLE_USAGE(.BOTH.,#9542);
#9542 = SURFACE_SIDE_STYLE('',(#9543));
#9543 = SURFACE_STYLE_FILL_AREA(#9544);
#9544 = FILL_AREA_STYLE('',(#9545));
#9545 = FILL_AREA_STYLE_COLOUR('',#9454);
#9546 = OVER_RIDING_STYLED_ITEM('overriding color',(#9547),#7336,#9440);
#9547 = PRESENTATION_STYLE_ASSIGNMENT((#9548));
#9548 = SURFACE_STYLE_USAGE(.BOTH.,#9549);
#9549 = SURFACE_SIDE_STYLE('',(#9550));
#9550 = SURFACE_STYLE_FILL_AREA(#9551);
#9551 = FILL_AREA_STYLE('',(#9552));
#9552 = FILL_AREA_STYLE_COLOUR('',#9454);
#9553 = OVER_RIDING_STYLED_ITEM('overriding color',(#9554),#7360,#9440);
#9554 = PRESENTATION_STYLE_ASSIGNMENT((#9555));
#9555 = SURFACE_STYLE_USAGE(.BOTH.,#9556);
#9556 = SURFACE_SIDE_STYLE('',(#9557));
#9557 = SURFACE_STYLE_FILL_AREA(#9558);
#9558 = FILL_AREA_STYLE('',(#9559));
#9559 = FILL_AREA_STYLE_COLOUR('',#9454);
#9560 = OVER_RIDING_STYLED_ITEM('overriding color',(#9561),#7385,#9440);
#9561 = PRESENTATION_STYLE_ASSIGNMENT((#9562));
#9562 = SURFACE_STYLE_USAGE(.BOTH.,#9563);
#9563 = SURFACE_SIDE_STYLE('',(#9564));
#9564 = SURFACE_STYLE_FILL_AREA(#9565);
#9565 = FILL_AREA_STYLE('',(#9566));
#9566 = FILL_AREA_STYLE_COLOUR('',#9454);
#9567 = OVER_RIDING_STYLED_ITEM('overriding color',(#9568),#7410,#9440);
#9568 = PRESENTATION_STYLE_ASSIGNMENT((#9569));
#9569 = SURFACE_STYLE_USAGE(.BOTH.,#9570);
#9570 = SURFACE_SIDE_STYLE('',(#9571));
#9571 = SURFACE_STYLE_FILL_AREA(#9572);
#9572 = FILL_AREA_STYLE('',(#9573));
#9573 = FILL_AREA_STYLE_COLOUR('',#9454);
#9574 = OVER_RIDING_STYLED_ITEM('overriding color',(#9575),#7427,#9440);
#9575 = PRESENTATION_STYLE_ASSIGNMENT((#9576));
#9576 = SURFACE_STYLE_USAGE(.BOTH.,#9577);
#9577 = SURFACE_SIDE_STYLE('',(#9578));
#9578 = SURFACE_STYLE_FILL_AREA(#9579);
#9579 = FILL_AREA_STYLE('',(#9580));
#9580 = FILL_AREA_STYLE_COLOUR('',#9454);
#9581 = OVER_RIDING_STYLED_ITEM('overriding color',(#9582),#7460,#9440);
#9582 = PRESENTATION_STYLE_ASSIGNMENT((#9583));
#9583 = SURFACE_STYLE_USAGE(.BOTH.,#9584);
#9584 = SURFACE_SIDE_STYLE('',(#9585));
#9585 = SURFACE_STYLE_FILL_AREA(#9586);
#9586 = FILL_AREA_STYLE('',(#9587));
#9587 = FILL_AREA_STYLE_COLOUR('',#9454);
#9588 = OVER_RIDING_STYLED_ITEM('overriding color',(#9589),#7477,#9440);
#9589 = PRESENTATION_STYLE_ASSIGNMENT((#9590));
#9590 = SURFACE_STYLE_USAGE(.BOTH.,#9591);
#9591 = SURFACE_SIDE_STYLE('',(#9592));
#9592 = SURFACE_STYLE_FILL_AREA(#9593);
#9593 = FILL_AREA_STYLE('',(#9594));
#9594 = FILL_AREA_STYLE_COLOUR('',#9454);
#9595 = OVER_RIDING_STYLED_ITEM('overriding color',(#9596),#7494,#9440);
#9596 = PRESENTATION_STYLE_ASSIGNMENT((#9597));
#9597 = SURFACE_STYLE_USAGE(.BOTH.,#9598);
#9598 = SURFACE_SIDE_STYLE('',(#9599));
#9599 = SURFACE_STYLE_FILL_AREA(#9600);
#9600 = FILL_AREA_STYLE('',(#9601));
#9601 = FILL_AREA_STYLE_COLOUR('',#9454);
#9602 = OVER_RIDING_STYLED_ITEM('overriding color',(#9603),#7519,#9440);
#9603 = PRESENTATION_STYLE_ASSIGNMENT((#9604));
#9604 = SURFACE_STYLE_USAGE(.BOTH.,#9605);
#9605 = SURFACE_SIDE_STYLE('',(#9606));
#9606 = SURFACE_STYLE_FILL_AREA(#9607);
#9607 = FILL_AREA_STYLE('',(#9608));
#9608 = FILL_AREA_STYLE_COLOUR('',#9454);
#9609 = OVER_RIDING_STYLED_ITEM('overriding color',(#9610),#7544,#9440);
#9610 = PRESENTATION_STYLE_ASSIGNMENT((#9611));
#9611 = SURFACE_STYLE_USAGE(.BOTH.,#9612);
#9612 = SURFACE_SIDE_STYLE('',(#9613));
#9613 = SURFACE_STYLE_FILL_AREA(#9614);
#9614 = FILL_AREA_STYLE('',(#9615));
#9615 = FILL_AREA_STYLE_COLOUR('',#9454);
#9616 = OVER_RIDING_STYLED_ITEM('overriding color',(#9617),#7561,#9440);
#9617 = PRESENTATION_STYLE_ASSIGNMENT((#9618));
#9618 = SURFACE_STYLE_USAGE(.BOTH.,#9619);
#9619 = SURFACE_SIDE_STYLE('',(#9620));
#9620 = SURFACE_STYLE_FILL_AREA(#9621);
#9621 = FILL_AREA_STYLE('',(#9622));
#9622 = FILL_AREA_STYLE_COLOUR('',#9454);
#9623 = OVER_RIDING_STYLED_ITEM('overriding color',(#9624),#7578,#9440);
#9624 = PRESENTATION_STYLE_ASSIGNMENT((#9625));
#9625 = SURFACE_STYLE_USAGE(.BOTH.,#9626);
#9626 = SURFACE_SIDE_STYLE('',(#9627));
#9627 = SURFACE_STYLE_FILL_AREA(#9628);
#9628 = FILL_AREA_STYLE('',(#9629));
#9629 = FILL_AREA_STYLE_COLOUR('',#9454);
#9630 = OVER_RIDING_STYLED_ITEM('overriding color',(#9631),#7595,#9440);
#9631 = PRESENTATION_STYLE_ASSIGNMENT((#9632));
#9632 = SURFACE_STYLE_USAGE(.BOTH.,#9633);
#9633 = SURFACE_SIDE_STYLE('',(#9634));
#9634 = SURFACE_STYLE_FILL_AREA(#9635);
#9635 = FILL_AREA_STYLE('',(#9636));
#9636 = FILL_AREA_STYLE_COLOUR('',#9454);
#9637 = OVER_RIDING_STYLED_ITEM('overriding color',(#9638),#7618,#9440);
#9638 = PRESENTATION_STYLE_ASSIGNMENT((#9639));
#9639 = SURFACE_STYLE_USAGE(.BOTH.,#9640);
#9640 = SURFACE_SIDE_STYLE('',(#9641));
#9641 = SURFACE_STYLE_FILL_AREA(#9642);
#9642 = FILL_AREA_STYLE('',(#9643));
#9643 = FILL_AREA_STYLE_COLOUR('',#9454);
#9644 = OVER_RIDING_STYLED_ITEM('overriding color',(#9645),#7643,#9440);
#9645 = PRESENTATION_STYLE_ASSIGNMENT((#9646));
#9646 = SURFACE_STYLE_USAGE(.BOTH.,#9647);
#9647 = SURFACE_SIDE_STYLE('',(#9648));
#9648 = SURFACE_STYLE_FILL_AREA(#9649);
#9649 = FILL_AREA_STYLE('',(#9650));
#9650 = FILL_AREA_STYLE_COLOUR('',#8845);
#9651 = MECHANICAL_DESIGN_GEOMETRIC_PRESENTATION_REPRESENTATION('',(
    #9652,#9659,#9666,#9673,#9680,#9687,#9694,#9701,#9708,#9715,#9722,
    #9729,#9736,#9743,#9751,#9758,#9765,#9772,#9779,#9786,#9793,#9800,
    #9807,#9814,#9821,#9828,#9835,#9842,#9849,#9856,#9863,#9870,#9877,
    #9884,#9891,#9898,#9905,#9912,#9919,#9926,#9933,#9940,#9947,#9954,
    #9961,#9968,#9975,#9982,#9989,#9996,#10003,#10010,#10017,#10024,
    #10031,#10038,#10045,#10052,#10059,#10066,#10073,#10080,#10087,
    #10094,#10101,#10108,#10115,#10122,#10129,#10136,#10143,#10150,
    #10157,#10164,#10171,#10178,#10185,#10192,#10199,#10206,#10213,
    #10220,#10227,#10234,#10241,#10248,#10255,#10262,#10269,#10276,
    #10283,#10290,#10297,#10304,#10311,#10318,#10325,#10332,#10339,
    #10346),#6640);
#9652 = STYLED_ITEM('color',(#9653),#3063);
#9653 = PRESENTATION_STYLE_ASSIGNMENT((#9654));
#9654 = SURFACE_STYLE_USAGE(.BOTH.,#9655);
#9655 = SURFACE_SIDE_STYLE('',(#9656));
#9656 = SURFACE_STYLE_FILL_AREA(#9657);
#9657 = FILL_AREA_STYLE('',(#9658));
#9658 = FILL_AREA_STYLE_COLOUR('',#8709);
#9659 = STYLED_ITEM('color',(#9660),#3122);
#9660 = PRESENTATION_STYLE_ASSIGNMENT((#9661));
#9661 = SURFACE_STYLE_USAGE(.BOTH.,#9662);
#9662 = SURFACE_SIDE_STYLE('',(#9663));
#9663 = SURFACE_STYLE_FILL_AREA(#9664);
#9664 = FILL_AREA_STYLE('',(#9665));
#9665 = FILL_AREA_STYLE_COLOUR('',#8709);
#9666 = STYLED_ITEM('color',(#9667),#3147);
#9667 = PRESENTATION_STYLE_ASSIGNMENT((#9668));
#9668 = SURFACE_STYLE_USAGE(.BOTH.,#9669);
#9669 = SURFACE_SIDE_STYLE('',(#9670));
#9670 = SURFACE_STYLE_FILL_AREA(#9671);
#9671 = FILL_AREA_STYLE('',(#9672));
#9672 = FILL_AREA_STYLE_COLOUR('',#8709);
#9673 = STYLED_ITEM('color',(#9674),#3180);
#9674 = PRESENTATION_STYLE_ASSIGNMENT((#9675));
#9675 = SURFACE_STYLE_USAGE(.BOTH.,#9676);
#9676 = SURFACE_SIDE_STYLE('',(#9677));
#9677 = SURFACE_STYLE_FILL_AREA(#9678);
#9678 = FILL_AREA_STYLE('',(#9679));
#9679 = FILL_AREA_STYLE_COLOUR('',#8709);
#9680 = STYLED_ITEM('color',(#9681),#3205);
#9681 = PRESENTATION_STYLE_ASSIGNMENT((#9682));
#9682 = SURFACE_STYLE_USAGE(.BOTH.,#9683);
#9683 = SURFACE_SIDE_STYLE('',(#9684));
#9684 = SURFACE_STYLE_FILL_AREA(#9685);
#9685 = FILL_AREA_STYLE('',(#9686));
#9686 = FILL_AREA_STYLE_COLOUR('',#8709);
#9687 = STYLED_ITEM('color',(#9688),#3230);
#9688 = PRESENTATION_STYLE_ASSIGNMENT((#9689));
#9689 = SURFACE_STYLE_USAGE(.BOTH.,#9690);
#9690 = SURFACE_SIDE_STYLE('',(#9691));
#9691 = SURFACE_STYLE_FILL_AREA(#9692);
#9692 = FILL_AREA_STYLE('',(#9693));
#9693 = FILL_AREA_STYLE_COLOUR('',#8709);
#9694 = STYLED_ITEM('color',(#9695),#3255);
#9695 = PRESENTATION_STYLE_ASSIGNMENT((#9696));
#9696 = SURFACE_STYLE_USAGE(.BOTH.,#9697);
#9697 = SURFACE_SIDE_STYLE('',(#9698));
#9698 = SURFACE_STYLE_FILL_AREA(#9699);
#9699 = FILL_AREA_STYLE('',(#9700));
#9700 = FILL_AREA_STYLE_COLOUR('',#8709);
#9701 = STYLED_ITEM('color',(#9702),#3272);
#9702 = PRESENTATION_STYLE_ASSIGNMENT((#9703));
#9703 = SURFACE_STYLE_USAGE(.BOTH.,#9704);
#9704 = SURFACE_SIDE_STYLE('',(#9705));
#9705 = SURFACE_STYLE_FILL_AREA(#9706);
#9706 = FILL_AREA_STYLE('',(#9707));
#9707 = FILL_AREA_STYLE_COLOUR('',#8709);
#9708 = STYLED_ITEM('color',(#9709),#3297);
#9709 = PRESENTATION_STYLE_ASSIGNMENT((#9710));
#9710 = SURFACE_STYLE_USAGE(.BOTH.,#9711);
#9711 = SURFACE_SIDE_STYLE('',(#9712));
#9712 = SURFACE_STYLE_FILL_AREA(#9713);
#9713 = FILL_AREA_STYLE('',(#9714));
#9714 = FILL_AREA_STYLE_COLOUR('',#8709);
#9715 = STYLED_ITEM('color',(#9716),#3344);
#9716 = PRESENTATION_STYLE_ASSIGNMENT((#9717));
#9717 = SURFACE_STYLE_USAGE(.BOTH.,#9718);
#9718 = SURFACE_SIDE_STYLE('',(#9719));
#9719 = SURFACE_STYLE_FILL_AREA(#9720);
#9720 = FILL_AREA_STYLE('',(#9721));
#9721 = FILL_AREA_STYLE_COLOUR('',#8709);
#9722 = STYLED_ITEM('color',(#9723),#3566);
#9723 = PRESENTATION_STYLE_ASSIGNMENT((#9724));
#9724 = SURFACE_STYLE_USAGE(.BOTH.,#9725);
#9725 = SURFACE_SIDE_STYLE('',(#9726));
#9726 = SURFACE_STYLE_FILL_AREA(#9727);
#9727 = FILL_AREA_STYLE('',(#9728));
#9728 = FILL_AREA_STYLE_COLOUR('',#8709);
#9729 = STYLED_ITEM('color',(#9730),#3590);
#9730 = PRESENTATION_STYLE_ASSIGNMENT((#9731));
#9731 = SURFACE_STYLE_USAGE(.BOTH.,#9732);
#9732 = SURFACE_SIDE_STYLE('',(#9733));
#9733 = SURFACE_STYLE_FILL_AREA(#9734);
#9734 = FILL_AREA_STYLE('',(#9735));
#9735 = FILL_AREA_STYLE_COLOUR('',#8709);
#9736 = STYLED_ITEM('color',(#9737),#3614);
#9737 = PRESENTATION_STYLE_ASSIGNMENT((#9738));
#9738 = SURFACE_STYLE_USAGE(.BOTH.,#9739);
#9739 = SURFACE_SIDE_STYLE('',(#9740));
#9740 = SURFACE_STYLE_FILL_AREA(#9741);
#9741 = FILL_AREA_STYLE('',(#9742));
#9742 = FILL_AREA_STYLE_COLOUR('',#8709);
#9743 = STYLED_ITEM('color',(#9744),#3836);
#9744 = PRESENTATION_STYLE_ASSIGNMENT((#9745));
#9745 = SURFACE_STYLE_USAGE(.BOTH.,#9746);
#9746 = SURFACE_SIDE_STYLE('',(#9747));
#9747 = SURFACE_STYLE_FILL_AREA(#9748);
#9748 = FILL_AREA_STYLE('',(#9749));
#9749 = FILL_AREA_STYLE_COLOUR('',#9750);
#9750 = COLOUR_RGB('',0.136999991899,0.40200001271,0.726999997272);
#9751 = STYLED_ITEM('color',(#9752),#3845);
#9752 = PRESENTATION_STYLE_ASSIGNMENT((#9753));
#9753 = SURFACE_STYLE_USAGE(.BOTH.,#9754);
#9754 = SURFACE_SIDE_STYLE('',(#9755));
#9755 = SURFACE_STYLE_FILL_AREA(#9756);
#9756 = FILL_AREA_STYLE('',(#9757));
#9757 = FILL_AREA_STYLE_COLOUR('',#8709);
#9758 = STYLED_ITEM('color',(#9759),#3856);
#9759 = PRESENTATION_STYLE_ASSIGNMENT((#9760));
#9760 = SURFACE_STYLE_USAGE(.BOTH.,#9761);
#9761 = SURFACE_SIDE_STYLE('',(#9762));
#9762 = SURFACE_STYLE_FILL_AREA(#9763);
#9763 = FILL_AREA_STYLE('',(#9764));
#9764 = FILL_AREA_STYLE_COLOUR('',#8709);
#9765 = STYLED_ITEM('color',(#9766),#4210);
#9766 = PRESENTATION_STYLE_ASSIGNMENT((#9767));
#9767 = SURFACE_STYLE_USAGE(.BOTH.,#9768);
#9768 = SURFACE_SIDE_STYLE('',(#9769));
#9769 = SURFACE_STYLE_FILL_AREA(#9770);
#9770 = FILL_AREA_STYLE('',(#9771));
#9771 = FILL_AREA_STYLE_COLOUR('',#8659);
#9772 = STYLED_ITEM('color',(#9773),#4318);
#9773 = PRESENTATION_STYLE_ASSIGNMENT((#9774));
#9774 = SURFACE_STYLE_USAGE(.BOTH.,#9775);
#9775 = SURFACE_SIDE_STYLE('',(#9776));
#9776 = SURFACE_STYLE_FILL_AREA(#9777);
#9777 = FILL_AREA_STYLE('',(#9778));
#9778 = FILL_AREA_STYLE_COLOUR('',#8659);
#9779 = STYLED_ITEM('color',(#9780),#4343);
#9780 = PRESENTATION_STYLE_ASSIGNMENT((#9781));
#9781 = SURFACE_STYLE_USAGE(.BOTH.,#9782);
#9782 = SURFACE_SIDE_STYLE('',(#9783));
#9783 = SURFACE_STYLE_FILL_AREA(#9784);
#9784 = FILL_AREA_STYLE('',(#9785));
#9785 = FILL_AREA_STYLE_COLOUR('',#8659);
#9786 = STYLED_ITEM('color',(#9787),#4443);
#9787 = PRESENTATION_STYLE_ASSIGNMENT((#9788));
#9788 = SURFACE_STYLE_USAGE(.BOTH.,#9789);
#9789 = SURFACE_SIDE_STYLE('',(#9790));
#9790 = SURFACE_STYLE_FILL_AREA(#9791);
#9791 = FILL_AREA_STYLE('',(#9792));
#9792 = FILL_AREA_STYLE_COLOUR('',#8659);
#9793 = STYLED_ITEM('color',(#9794),#4551);
#9794 = PRESENTATION_STYLE_ASSIGNMENT((#9795));
#9795 = SURFACE_STYLE_USAGE(.BOTH.,#9796);
#9796 = SURFACE_SIDE_STYLE('',(#9797));
#9797 = SURFACE_STYLE_FILL_AREA(#9798);
#9798 = FILL_AREA_STYLE('',(#9799));
#9799 = FILL_AREA_STYLE_COLOUR('',#8659);
#9800 = STYLED_ITEM('color',(#9801),#4576);
#9801 = PRESENTATION_STYLE_ASSIGNMENT((#9802));
#9802 = SURFACE_STYLE_USAGE(.BOTH.,#9803);
#9803 = SURFACE_SIDE_STYLE('',(#9804));
#9804 = SURFACE_STYLE_FILL_AREA(#9805);
#9805 = FILL_AREA_STYLE('',(#9806));
#9806 = FILL_AREA_STYLE_COLOUR('',#8659);
#9807 = STYLED_ITEM('color',(#9808),#4676);
#9808 = PRESENTATION_STYLE_ASSIGNMENT((#9809));
#9809 = SURFACE_STYLE_USAGE(.BOTH.,#9810);
#9810 = SURFACE_SIDE_STYLE('',(#9811));
#9811 = SURFACE_STYLE_FILL_AREA(#9812);
#9812 = FILL_AREA_STYLE('',(#9813));
#9813 = FILL_AREA_STYLE_COLOUR('',#8659);
#9814 = STYLED_ITEM('color',(#9815),#4784);
#9815 = PRESENTATION_STYLE_ASSIGNMENT((#9816));
#9816 = SURFACE_STYLE_USAGE(.BOTH.,#9817);
#9817 = SURFACE_SIDE_STYLE('',(#9818));
#9818 = SURFACE_STYLE_FILL_AREA(#9819);
#9819 = FILL_AREA_STYLE('',(#9820));
#9820 = FILL_AREA_STYLE_COLOUR('',#8659);
#9821 = STYLED_ITEM('color',(#9822),#4809);
#9822 = PRESENTATION_STYLE_ASSIGNMENT((#9823));
#9823 = SURFACE_STYLE_USAGE(.BOTH.,#9824);
#9824 = SURFACE_SIDE_STYLE('',(#9825));
#9825 = SURFACE_STYLE_FILL_AREA(#9826);
#9826 = FILL_AREA_STYLE('',(#9827));
#9827 = FILL_AREA_STYLE_COLOUR('',#8659);
#9828 = STYLED_ITEM('color',(#9829),#4909);
#9829 = PRESENTATION_STYLE_ASSIGNMENT((#9830));
#9830 = SURFACE_STYLE_USAGE(.BOTH.,#9831);
#9831 = SURFACE_SIDE_STYLE('',(#9832));
#9832 = SURFACE_STYLE_FILL_AREA(#9833);
#9833 = FILL_AREA_STYLE('',(#9834));
#9834 = FILL_AREA_STYLE_COLOUR('',#8659);
#9835 = STYLED_ITEM('color',(#9836),#4926);
#9836 = PRESENTATION_STYLE_ASSIGNMENT((#9837));
#9837 = SURFACE_STYLE_USAGE(.BOTH.,#9838);
#9838 = SURFACE_SIDE_STYLE('',(#9839));
#9839 = SURFACE_STYLE_FILL_AREA(#9840);
#9840 = FILL_AREA_STYLE('',(#9841));
#9841 = FILL_AREA_STYLE_COLOUR('',#8659);
#9842 = STYLED_ITEM('color',(#9843),#4943);
#9843 = PRESENTATION_STYLE_ASSIGNMENT((#9844));
#9844 = SURFACE_STYLE_USAGE(.BOTH.,#9845);
#9845 = SURFACE_SIDE_STYLE('',(#9846));
#9846 = SURFACE_STYLE_FILL_AREA(#9847);
#9847 = FILL_AREA_STYLE('',(#9848));
#9848 = FILL_AREA_STYLE_COLOUR('',#8659);
#9849 = STYLED_ITEM('color',(#9850),#4960);
#9850 = PRESENTATION_STYLE_ASSIGNMENT((#9851));
#9851 = SURFACE_STYLE_USAGE(.BOTH.,#9852);
#9852 = SURFACE_SIDE_STYLE('',(#9853));
#9853 = SURFACE_STYLE_FILL_AREA(#9854);
#9854 = FILL_AREA_STYLE('',(#9855));
#9855 = FILL_AREA_STYLE_COLOUR('',#8659);
#9856 = STYLED_ITEM('color',(#9857),#4977);
#9857 = PRESENTATION_STYLE_ASSIGNMENT((#9858));
#9858 = SURFACE_STYLE_USAGE(.BOTH.,#9859);
#9859 = SURFACE_SIDE_STYLE('',(#9860));
#9860 = SURFACE_STYLE_FILL_AREA(#9861);
#9861 = FILL_AREA_STYLE('',(#9862));
#9862 = FILL_AREA_STYLE_COLOUR('',#8659);
#9863 = STYLED_ITEM('color',(#9864),#4994);
#9864 = PRESENTATION_STYLE_ASSIGNMENT((#9865));
#9865 = SURFACE_STYLE_USAGE(.BOTH.,#9866);
#9866 = SURFACE_SIDE_STYLE('',(#9867));
#9867 = SURFACE_STYLE_FILL_AREA(#9868);
#9868 = FILL_AREA_STYLE('',(#9869));
#9869 = FILL_AREA_STYLE_COLOUR('',#8659);
#9870 = STYLED_ITEM('color',(#9871),#5011);
#9871 = PRESENTATION_STYLE_ASSIGNMENT((#9872));
#9872 = SURFACE_STYLE_USAGE(.BOTH.,#9873);
#9873 = SURFACE_SIDE_STYLE('',(#9874));
#9874 = SURFACE_STYLE_FILL_AREA(#9875);
#9875 = FILL_AREA_STYLE('',(#9876));
#9876 = FILL_AREA_STYLE_COLOUR('',#8659);
#9877 = STYLED_ITEM('color',(#9878),#5119);
#9878 = PRESENTATION_STYLE_ASSIGNMENT((#9879));
#9879 = SURFACE_STYLE_USAGE(.BOTH.,#9880);
#9880 = SURFACE_SIDE_STYLE('',(#9881));
#9881 = SURFACE_STYLE_FILL_AREA(#9882);
#9882 = FILL_AREA_STYLE('',(#9883));
#9883 = FILL_AREA_STYLE_COLOUR('',#8659);
#9884 = STYLED_ITEM('color',(#9885),#5144);
#9885 = PRESENTATION_STYLE_ASSIGNMENT((#9886));
#9886 = SURFACE_STYLE_USAGE(.BOTH.,#9887);
#9887 = SURFACE_SIDE_STYLE('',(#9888));
#9888 = SURFACE_STYLE_FILL_AREA(#9889);
#9889 = FILL_AREA_STYLE('',(#9890));
#9890 = FILL_AREA_STYLE_COLOUR('',#8659);
#9891 = STYLED_ITEM('color',(#9892),#5244);
#9892 = PRESENTATION_STYLE_ASSIGNMENT((#9893));
#9893 = SURFACE_STYLE_USAGE(.BOTH.,#9894);
#9894 = SURFACE_SIDE_STYLE('',(#9895));
#9895 = SURFACE_STYLE_FILL_AREA(#9896);
#9896 = FILL_AREA_STYLE('',(#9897));
#9897 = FILL_AREA_STYLE_COLOUR('',#8659);
#9898 = STYLED_ITEM('color',(#9899),#5352);
#9899 = PRESENTATION_STYLE_ASSIGNMENT((#9900));
#9900 = SURFACE_STYLE_USAGE(.BOTH.,#9901);
#9901 = SURFACE_SIDE_STYLE('',(#9902));
#9902 = SURFACE_STYLE_FILL_AREA(#9903);
#9903 = FILL_AREA_STYLE('',(#9904));
#9904 = FILL_AREA_STYLE_COLOUR('',#8659);
#9905 = STYLED_ITEM('color',(#9906),#5377);
#9906 = PRESENTATION_STYLE_ASSIGNMENT((#9907));
#9907 = SURFACE_STYLE_USAGE(.BOTH.,#9908);
#9908 = SURFACE_SIDE_STYLE('',(#9909));
#9909 = SURFACE_STYLE_FILL_AREA(#9910);
#9910 = FILL_AREA_STYLE('',(#9911));
#9911 = FILL_AREA_STYLE_COLOUR('',#8659);
#9912 = STYLED_ITEM('color',(#9913),#5477);
#9913 = PRESENTATION_STYLE_ASSIGNMENT((#9914));
#9914 = SURFACE_STYLE_USAGE(.BOTH.,#9915);
#9915 = SURFACE_SIDE_STYLE('',(#9916));
#9916 = SURFACE_STYLE_FILL_AREA(#9917);
#9917 = FILL_AREA_STYLE('',(#9918));
#9918 = FILL_AREA_STYLE_COLOUR('',#8659);
#9919 = STYLED_ITEM('color',(#9920),#5585);
#9920 = PRESENTATION_STYLE_ASSIGNMENT((#9921));
#9921 = SURFACE_STYLE_USAGE(.BOTH.,#9922);
#9922 = SURFACE_SIDE_STYLE('',(#9923));
#9923 = SURFACE_STYLE_FILL_AREA(#9924);
#9924 = FILL_AREA_STYLE('',(#9925));
#9925 = FILL_AREA_STYLE_COLOUR('',#8659);
#9926 = STYLED_ITEM('color',(#9927),#5610);
#9927 = PRESENTATION_STYLE_ASSIGNMENT((#9928));
#9928 = SURFACE_STYLE_USAGE(.BOTH.,#9929);
#9929 = SURFACE_SIDE_STYLE('',(#9930));
#9930 = SURFACE_STYLE_FILL_AREA(#9931);
#9931 = FILL_AREA_STYLE('',(#9932));
#9932 = FILL_AREA_STYLE_COLOUR('',#8659);
#9933 = STYLED_ITEM('color',(#9934),#5710);
#9934 = PRESENTATION_STYLE_ASSIGNMENT((#9935));
#9935 = SURFACE_STYLE_USAGE(.BOTH.,#9936);
#9936 = SURFACE_SIDE_STYLE('',(#9937));
#9937 = SURFACE_STYLE_FILL_AREA(#9938);
#9938 = FILL_AREA_STYLE('',(#9939));
#9939 = FILL_AREA_STYLE_COLOUR('',#8659);
#9940 = STYLED_ITEM('color',(#9941),#5727);
#9941 = PRESENTATION_STYLE_ASSIGNMENT((#9942));
#9942 = SURFACE_STYLE_USAGE(.BOTH.,#9943);
#9943 = SURFACE_SIDE_STYLE('',(#9944));
#9944 = SURFACE_STYLE_FILL_AREA(#9945);
#9945 = FILL_AREA_STYLE('',(#9946));
#9946 = FILL_AREA_STYLE_COLOUR('',#8659);
#9947 = STYLED_ITEM('color',(#9948),#5744);
#9948 = PRESENTATION_STYLE_ASSIGNMENT((#9949));
#9949 = SURFACE_STYLE_USAGE(.BOTH.,#9950);
#9950 = SURFACE_SIDE_STYLE('',(#9951));
#9951 = SURFACE_STYLE_FILL_AREA(#9952);
#9952 = FILL_AREA_STYLE('',(#9953));
#9953 = FILL_AREA_STYLE_COLOUR('',#8659);
#9954 = STYLED_ITEM('color',(#9955),#5761);
#9955 = PRESENTATION_STYLE_ASSIGNMENT((#9956));
#9956 = SURFACE_STYLE_USAGE(.BOTH.,#9957);
#9957 = SURFACE_SIDE_STYLE('',(#9958));
#9958 = SURFACE_STYLE_FILL_AREA(#9959);
#9959 = FILL_AREA_STYLE('',(#9960));
#9960 = FILL_AREA_STYLE_COLOUR('',#8659);
#9961 = STYLED_ITEM('color',(#9962),#5778);
#9962 = PRESENTATION_STYLE_ASSIGNMENT((#9963));
#9963 = SURFACE_STYLE_USAGE(.BOTH.,#9964);
#9964 = SURFACE_SIDE_STYLE('',(#9965));
#9965 = SURFACE_STYLE_FILL_AREA(#9966);
#9966 = FILL_AREA_STYLE('',(#9967));
#9967 = FILL_AREA_STYLE_COLOUR('',#8659);
#9968 = STYLED_ITEM('color',(#9969),#5795);
#9969 = PRESENTATION_STYLE_ASSIGNMENT((#9970));
#9970 = SURFACE_STYLE_USAGE(.BOTH.,#9971);
#9971 = SURFACE_SIDE_STYLE('',(#9972));
#9972 = SURFACE_STYLE_FILL_AREA(#9973);
#9973 = FILL_AREA_STYLE('',(#9974));
#9974 = FILL_AREA_STYLE_COLOUR('',#8659);
#9975 = STYLED_ITEM('color',(#9976),#5812);
#9976 = PRESENTATION_STYLE_ASSIGNMENT((#9977));
#9977 = SURFACE_STYLE_USAGE(.BOTH.,#9978);
#9978 = SURFACE_SIDE_STYLE('',(#9979));
#9979 = SURFACE_STYLE_FILL_AREA(#9980);
#9980 = FILL_AREA_STYLE('',(#9981));
#9981 = FILL_AREA_STYLE_COLOUR('',#8659);
#9982 = STYLED_ITEM('color',(#9983),#5829);
#9983 = PRESENTATION_STYLE_ASSIGNMENT((#9984));
#9984 = SURFACE_STYLE_USAGE(.BOTH.,#9985);
#9985 = SURFACE_SIDE_STYLE('',(#9986));
#9986 = SURFACE_STYLE_FILL_AREA(#9987);
#9987 = FILL_AREA_STYLE('',(#9988));
#9988 = FILL_AREA_STYLE_COLOUR('',#8659);
#9989 = STYLED_ITEM('color',(#9990),#5846);
#9990 = PRESENTATION_STYLE_ASSIGNMENT((#9991));
#9991 = SURFACE_STYLE_USAGE(.BOTH.,#9992);
#9992 = SURFACE_SIDE_STYLE('',(#9993));
#9993 = SURFACE_STYLE_FILL_AREA(#9994);
#9994 = FILL_AREA_STYLE('',(#9995));
#9995 = FILL_AREA_STYLE_COLOUR('',#8659);
#9996 = STYLED_ITEM('color',(#9997),#5863);
#9997 = PRESENTATION_STYLE_ASSIGNMENT((#9998));
#9998 = SURFACE_STYLE_USAGE(.BOTH.,#9999);
#9999 = SURFACE_SIDE_STYLE('',(#10000));
#10000 = SURFACE_STYLE_FILL_AREA(#10001);
#10001 = FILL_AREA_STYLE('',(#10002));
#10002 = FILL_AREA_STYLE_COLOUR('',#8659);
#10003 = STYLED_ITEM('color',(#10004),#5880);
#10004 = PRESENTATION_STYLE_ASSIGNMENT((#10005));
#10005 = SURFACE_STYLE_USAGE(.BOTH.,#10006);
#10006 = SURFACE_SIDE_STYLE('',(#10007));
#10007 = SURFACE_STYLE_FILL_AREA(#10008);
#10008 = FILL_AREA_STYLE('',(#10009));
#10009 = FILL_AREA_STYLE_COLOUR('',#8659);
#10010 = STYLED_ITEM('color',(#10011),#5897);
#10011 = PRESENTATION_STYLE_ASSIGNMENT((#10012));
#10012 = SURFACE_STYLE_USAGE(.BOTH.,#10013);
#10013 = SURFACE_SIDE_STYLE('',(#10014));
#10014 = SURFACE_STYLE_FILL_AREA(#10015);
#10015 = FILL_AREA_STYLE('',(#10016));
#10016 = FILL_AREA_STYLE_COLOUR('',#8659);
#10017 = STYLED_ITEM('color',(#10018),#5914);
#10018 = PRESENTATION_STYLE_ASSIGNMENT((#10019));
#10019 = SURFACE_STYLE_USAGE(.BOTH.,#10020);
#10020 = SURFACE_SIDE_STYLE('',(#10021));
#10021 = SURFACE_STYLE_FILL_AREA(#10022);
#10022 = FILL_AREA_STYLE('',(#10023));
#10023 = FILL_AREA_STYLE_COLOUR('',#8659);
#10024 = STYLED_ITEM('color',(#10025),#5931);
#10025 = PRESENTATION_STYLE_ASSIGNMENT((#10026));
#10026 = SURFACE_STYLE_USAGE(.BOTH.,#10027);
#10027 = SURFACE_SIDE_STYLE('',(#10028));
#10028 = SURFACE_STYLE_FILL_AREA(#10029);
#10029 = FILL_AREA_STYLE('',(#10030));
#10030 = FILL_AREA_STYLE_COLOUR('',#8659);
#10031 = STYLED_ITEM('color',(#10032),#5948);
#10032 = PRESENTATION_STYLE_ASSIGNMENT((#10033));
#10033 = SURFACE_STYLE_USAGE(.BOTH.,#10034);
#10034 = SURFACE_SIDE_STYLE('',(#10035));
#10035 = SURFACE_STYLE_FILL_AREA(#10036);
#10036 = FILL_AREA_STYLE('',(#10037));
#10037 = FILL_AREA_STYLE_COLOUR('',#8659);
#10038 = STYLED_ITEM('color',(#10039),#5965);
#10039 = PRESENTATION_STYLE_ASSIGNMENT((#10040));
#10040 = SURFACE_STYLE_USAGE(.BOTH.,#10041);
#10041 = SURFACE_SIDE_STYLE('',(#10042));
#10042 = SURFACE_STYLE_FILL_AREA(#10043);
#10043 = FILL_AREA_STYLE('',(#10044));
#10044 = FILL_AREA_STYLE_COLOUR('',#8659);
#10045 = STYLED_ITEM('color',(#10046),#5982);
#10046 = PRESENTATION_STYLE_ASSIGNMENT((#10047));
#10047 = SURFACE_STYLE_USAGE(.BOTH.,#10048);
#10048 = SURFACE_SIDE_STYLE('',(#10049));
#10049 = SURFACE_STYLE_FILL_AREA(#10050);
#10050 = FILL_AREA_STYLE('',(#10051));
#10051 = FILL_AREA_STYLE_COLOUR('',#8659);
#10052 = STYLED_ITEM('color',(#10053),#5999);
#10053 = PRESENTATION_STYLE_ASSIGNMENT((#10054));
#10054 = SURFACE_STYLE_USAGE(.BOTH.,#10055);
#10055 = SURFACE_SIDE_STYLE('',(#10056));
#10056 = SURFACE_STYLE_FILL_AREA(#10057);
#10057 = FILL_AREA_STYLE('',(#10058));
#10058 = FILL_AREA_STYLE_COLOUR('',#8659);
#10059 = STYLED_ITEM('color',(#10060),#6016);
#10060 = PRESENTATION_STYLE_ASSIGNMENT((#10061));
#10061 = SURFACE_STYLE_USAGE(.BOTH.,#10062);
#10062 = SURFACE_SIDE_STYLE('',(#10063));
#10063 = SURFACE_STYLE_FILL_AREA(#10064);
#10064 = FILL_AREA_STYLE('',(#10065));
#10065 = FILL_AREA_STYLE_COLOUR('',#8659);
#10066 = STYLED_ITEM('color',(#10067),#6033);
#10067 = PRESENTATION_STYLE_ASSIGNMENT((#10068));
#10068 = SURFACE_STYLE_USAGE(.BOTH.,#10069);
#10069 = SURFACE_SIDE_STYLE('',(#10070));
#10070 = SURFACE_STYLE_FILL_AREA(#10071);
#10071 = FILL_AREA_STYLE('',(#10072));
#10072 = FILL_AREA_STYLE_COLOUR('',#8659);
#10073 = STYLED_ITEM('color',(#10074),#6050);
#10074 = PRESENTATION_STYLE_ASSIGNMENT((#10075));
#10075 = SURFACE_STYLE_USAGE(.BOTH.,#10076);
#10076 = SURFACE_SIDE_STYLE('',(#10077));
#10077 = SURFACE_STYLE_FILL_AREA(#10078);
#10078 = FILL_AREA_STYLE('',(#10079));
#10079 = FILL_AREA_STYLE_COLOUR('',#8659);
#10080 = STYLED_ITEM('color',(#10081),#6067);
#10081 = PRESENTATION_STYLE_ASSIGNMENT((#10082));
#10082 = SURFACE_STYLE_USAGE(.BOTH.,#10083);
#10083 = SURFACE_SIDE_STYLE('',(#10084));
#10084 = SURFACE_STYLE_FILL_AREA(#10085);
#10085 = FILL_AREA_STYLE('',(#10086));
#10086 = FILL_AREA_STYLE_COLOUR('',#8659);
#10087 = STYLED_ITEM('color',(#10088),#6084);
#10088 = PRESENTATION_STYLE_ASSIGNMENT((#10089));
#10089 = SURFACE_STYLE_USAGE(.BOTH.,#10090);
#10090 = SURFACE_SIDE_STYLE('',(#10091));
#10091 = SURFACE_STYLE_FILL_AREA(#10092);
#10092 = FILL_AREA_STYLE('',(#10093));
#10093 = FILL_AREA_STYLE_COLOUR('',#8659);
#10094 = STYLED_ITEM('color',(#10095),#6101);
#10095 = PRESENTATION_STYLE_ASSIGNMENT((#10096));
#10096 = SURFACE_STYLE_USAGE(.BOTH.,#10097);
#10097 = SURFACE_SIDE_STYLE('',(#10098));
#10098 = SURFACE_STYLE_FILL_AREA(#10099);
#10099 = FILL_AREA_STYLE('',(#10100));
#10100 = FILL_AREA_STYLE_COLOUR('',#8659);
#10101 = STYLED_ITEM('color',(#10102),#6118);
#10102 = PRESENTATION_STYLE_ASSIGNMENT((#10103));
#10103 = SURFACE_STYLE_USAGE(.BOTH.,#10104);
#10104 = SURFACE_SIDE_STYLE('',(#10105));
#10105 = SURFACE_STYLE_FILL_AREA(#10106);
#10106 = FILL_AREA_STYLE('',(#10107));
#10107 = FILL_AREA_STYLE_COLOUR('',#8659);
#10108 = STYLED_ITEM('color',(#10109),#6140);
#10109 = PRESENTATION_STYLE_ASSIGNMENT((#10110));
#10110 = SURFACE_STYLE_USAGE(.BOTH.,#10111);
#10111 = SURFACE_SIDE_STYLE('',(#10112));
#10112 = SURFACE_STYLE_FILL_AREA(#10113);
#10113 = FILL_AREA_STYLE('',(#10114));
#10114 = FILL_AREA_STYLE_COLOUR('',#8659);
#10115 = STYLED_ITEM('color',(#10116),#6152);
#10116 = PRESENTATION_STYLE_ASSIGNMENT((#10117));
#10117 = SURFACE_STYLE_USAGE(.BOTH.,#10118);
#10118 = SURFACE_SIDE_STYLE('',(#10119));
#10119 = SURFACE_STYLE_FILL_AREA(#10120);
#10120 = FILL_AREA_STYLE('',(#10121));
#10121 = FILL_AREA_STYLE_COLOUR('',#8659);
#10122 = STYLED_ITEM('color',(#10123),#6164);
#10123 = PRESENTATION_STYLE_ASSIGNMENT((#10124));
#10124 = SURFACE_STYLE_USAGE(.BOTH.,#10125);
#10125 = SURFACE_SIDE_STYLE('',(#10126));
#10126 = SURFACE_STYLE_FILL_AREA(#10127);
#10127 = FILL_AREA_STYLE('',(#10128));
#10128 = FILL_AREA_STYLE_COLOUR('',#8659);
#10129 = STYLED_ITEM('color',(#10130),#6176);
#10130 = PRESENTATION_STYLE_ASSIGNMENT((#10131));
#10131 = SURFACE_STYLE_USAGE(.BOTH.,#10132);
#10132 = SURFACE_SIDE_STYLE('',(#10133));
#10133 = SURFACE_STYLE_FILL_AREA(#10134);
#10134 = FILL_AREA_STYLE('',(#10135));
#10135 = FILL_AREA_STYLE_COLOUR('',#8659);
#10136 = STYLED_ITEM('color',(#10137),#6193);
#10137 = PRESENTATION_STYLE_ASSIGNMENT((#10138));
#10138 = SURFACE_STYLE_USAGE(.BOTH.,#10139);
#10139 = SURFACE_SIDE_STYLE('',(#10140));
#10140 = SURFACE_STYLE_FILL_AREA(#10141);
#10141 = FILL_AREA_STYLE('',(#10142));
#10142 = FILL_AREA_STYLE_COLOUR('',#8659);
#10143 = STYLED_ITEM('color',(#10144),#6205);
#10144 = PRESENTATION_STYLE_ASSIGNMENT((#10145));
#10145 = SURFACE_STYLE_USAGE(.BOTH.,#10146);
#10146 = SURFACE_SIDE_STYLE('',(#10147));
#10147 = SURFACE_STYLE_FILL_AREA(#10148);
#10148 = FILL_AREA_STYLE('',(#10149));
#10149 = FILL_AREA_STYLE_COLOUR('',#8659);
#10150 = STYLED_ITEM('color',(#10151),#6227);
#10151 = PRESENTATION_STYLE_ASSIGNMENT((#10152));
#10152 = SURFACE_STYLE_USAGE(.BOTH.,#10153);
#10153 = SURFACE_SIDE_STYLE('',(#10154));
#10154 = SURFACE_STYLE_FILL_AREA(#10155);
#10155 = FILL_AREA_STYLE('',(#10156));
#10156 = FILL_AREA_STYLE_COLOUR('',#8659);
#10157 = STYLED_ITEM('color',(#10158),#6239);
#10158 = PRESENTATION_STYLE_ASSIGNMENT((#10159));
#10159 = SURFACE_STYLE_USAGE(.BOTH.,#10160);
#10160 = SURFACE_SIDE_STYLE('',(#10161));
#10161 = SURFACE_STYLE_FILL_AREA(#10162);
#10162 = FILL_AREA_STYLE('',(#10163));
#10163 = FILL_AREA_STYLE_COLOUR('',#8659);
#10164 = STYLED_ITEM('color',(#10165),#6251);
#10165 = PRESENTATION_STYLE_ASSIGNMENT((#10166));
#10166 = SURFACE_STYLE_USAGE(.BOTH.,#10167);
#10167 = SURFACE_SIDE_STYLE('',(#10168));
#10168 = SURFACE_STYLE_FILL_AREA(#10169);
#10169 = FILL_AREA_STYLE('',(#10170));
#10170 = FILL_AREA_STYLE_COLOUR('',#8659);
#10171 = STYLED_ITEM('color',(#10172),#6263);
#10172 = PRESENTATION_STYLE_ASSIGNMENT((#10173));
#10173 = SURFACE_STYLE_USAGE(.BOTH.,#10174);
#10174 = SURFACE_SIDE_STYLE('',(#10175));
#10175 = SURFACE_STYLE_FILL_AREA(#10176);
#10176 = FILL_AREA_STYLE('',(#10177));
#10177 = FILL_AREA_STYLE_COLOUR('',#8659);
#10178 = STYLED_ITEM('color',(#10179),#6280);
#10179 = PRESENTATION_STYLE_ASSIGNMENT((#10180));
#10180 = SURFACE_STYLE_USAGE(.BOTH.,#10181);
#10181 = SURFACE_SIDE_STYLE('',(#10182));
#10182 = SURFACE_STYLE_FILL_AREA(#10183);
#10183 = FILL_AREA_STYLE('',(#10184));
#10184 = FILL_AREA_STYLE_COLOUR('',#8659);
#10185 = STYLED_ITEM('color',(#10186),#6292);
#10186 = PRESENTATION_STYLE_ASSIGNMENT((#10187));
#10187 = SURFACE_STYLE_USAGE(.BOTH.,#10188);
#10188 = SURFACE_SIDE_STYLE('',(#10189));
#10189 = SURFACE_STYLE_FILL_AREA(#10190);
#10190 = FILL_AREA_STYLE('',(#10191));
#10191 = FILL_AREA_STYLE_COLOUR('',#8659);
#10192 = STYLED_ITEM('color',(#10193),#6314);
#10193 = PRESENTATION_STYLE_ASSIGNMENT((#10194));
#10194 = SURFACE_STYLE_USAGE(.BOTH.,#10195);
#10195 = SURFACE_SIDE_STYLE('',(#10196));
#10196 = SURFACE_STYLE_FILL_AREA(#10197);
#10197 = FILL_AREA_STYLE('',(#10198));
#10198 = FILL_AREA_STYLE_COLOUR('',#8659);
#10199 = STYLED_ITEM('color',(#10200),#6326);
#10200 = PRESENTATION_STYLE_ASSIGNMENT((#10201));
#10201 = SURFACE_STYLE_USAGE(.BOTH.,#10202);
#10202 = SURFACE_SIDE_STYLE('',(#10203));
#10203 = SURFACE_STYLE_FILL_AREA(#10204);
#10204 = FILL_AREA_STYLE('',(#10205));
#10205 = FILL_AREA_STYLE_COLOUR('',#8659);
#10206 = STYLED_ITEM('color',(#10207),#6338);
#10207 = PRESENTATION_STYLE_ASSIGNMENT((#10208));
#10208 = SURFACE_STYLE_USAGE(.BOTH.,#10209);
#10209 = SURFACE_SIDE_STYLE('',(#10210));
#10210 = SURFACE_STYLE_FILL_AREA(#10211);
#10211 = FILL_AREA_STYLE('',(#10212));
#10212 = FILL_AREA_STYLE_COLOUR('',#8659);
#10213 = STYLED_ITEM('color',(#10214),#6350);
#10214 = PRESENTATION_STYLE_ASSIGNMENT((#10215));
#10215 = SURFACE_STYLE_USAGE(.BOTH.,#10216);
#10216 = SURFACE_SIDE_STYLE('',(#10217));
#10217 = SURFACE_STYLE_FILL_AREA(#10218);
#10218 = FILL_AREA_STYLE('',(#10219));
#10219 = FILL_AREA_STYLE_COLOUR('',#8659);
#10220 = STYLED_ITEM('color',(#10221),#6367);
#10221 = PRESENTATION_STYLE_ASSIGNMENT((#10222));
#10222 = SURFACE_STYLE_USAGE(.BOTH.,#10223);
#10223 = SURFACE_SIDE_STYLE('',(#10224));
#10224 = SURFACE_STYLE_FILL_AREA(#10225);
#10225 = FILL_AREA_STYLE('',(#10226));
#10226 = FILL_AREA_STYLE_COLOUR('',#8659);
#10227 = STYLED_ITEM('color',(#10228),#6379);
#10228 = PRESENTATION_STYLE_ASSIGNMENT((#10229));
#10229 = SURFACE_STYLE_USAGE(.BOTH.,#10230);
#10230 = SURFACE_SIDE_STYLE('',(#10231));
#10231 = SURFACE_STYLE_FILL_AREA(#10232);
#10232 = FILL_AREA_STYLE('',(#10233));
#10233 = FILL_AREA_STYLE_COLOUR('',#8659);
#10234 = STYLED_ITEM('color',(#10235),#6401);
#10235 = PRESENTATION_STYLE_ASSIGNMENT((#10236));
#10236 = SURFACE_STYLE_USAGE(.BOTH.,#10237);
#10237 = SURFACE_SIDE_STYLE('',(#10238));
#10238 = SURFACE_STYLE_FILL_AREA(#10239);
#10239 = FILL_AREA_STYLE('',(#10240));
#10240 = FILL_AREA_STYLE_COLOUR('',#8659);
#10241 = STYLED_ITEM('color',(#10242),#6413);
#10242 = PRESENTATION_STYLE_ASSIGNMENT((#10243));
#10243 = SURFACE_STYLE_USAGE(.BOTH.,#10244);
#10244 = SURFACE_SIDE_STYLE('',(#10245));
#10245 = SURFACE_STYLE_FILL_AREA(#10246);
#10246 = FILL_AREA_STYLE('',(#10247));
#10247 = FILL_AREA_STYLE_COLOUR('',#8659);
#10248 = STYLED_ITEM('color',(#10249),#6425);
#10249 = PRESENTATION_STYLE_ASSIGNMENT((#10250));
#10250 = SURFACE_STYLE_USAGE(.BOTH.,#10251);
#10251 = SURFACE_SIDE_STYLE('',(#10252));
#10252 = SURFACE_STYLE_FILL_AREA(#10253);
#10253 = FILL_AREA_STYLE('',(#10254));
#10254 = FILL_AREA_STYLE_COLOUR('',#8659);
#10255 = STYLED_ITEM('color',(#10256),#6437);
#10256 = PRESENTATION_STYLE_ASSIGNMENT((#10257));
#10257 = SURFACE_STYLE_USAGE(.BOTH.,#10258);
#10258 = SURFACE_SIDE_STYLE('',(#10259));
#10259 = SURFACE_STYLE_FILL_AREA(#10260);
#10260 = FILL_AREA_STYLE('',(#10261));
#10261 = FILL_AREA_STYLE_COLOUR('',#8659);
#10262 = STYLED_ITEM('color',(#10263),#6454);
#10263 = PRESENTATION_STYLE_ASSIGNMENT((#10264));
#10264 = SURFACE_STYLE_USAGE(.BOTH.,#10265);
#10265 = SURFACE_SIDE_STYLE('',(#10266));
#10266 = SURFACE_STYLE_FILL_AREA(#10267);
#10267 = FILL_AREA_STYLE('',(#10268));
#10268 = FILL_AREA_STYLE_COLOUR('',#8659);
#10269 = STYLED_ITEM('color',(#10270),#6466);
#10270 = PRESENTATION_STYLE_ASSIGNMENT((#10271));
#10271 = SURFACE_STYLE_USAGE(.BOTH.,#10272);
#10272 = SURFACE_SIDE_STYLE('',(#10273));
#10273 = SURFACE_STYLE_FILL_AREA(#10274);
#10274 = FILL_AREA_STYLE('',(#10275));
#10275 = FILL_AREA_STYLE_COLOUR('',#8659);
#10276 = STYLED_ITEM('color',(#10277),#6488);
#10277 = PRESENTATION_STYLE_ASSIGNMENT((#10278));
#10278 = SURFACE_STYLE_USAGE(.BOTH.,#10279);
#10279 = SURFACE_SIDE_STYLE('',(#10280));
#10280 = SURFACE_STYLE_FILL_AREA(#10281);
#10281 = FILL_AREA_STYLE('',(#10282));
#10282 = FILL_AREA_STYLE_COLOUR('',#8659);
#10283 = STYLED_ITEM('color',(#10284),#6500);
#10284 = PRESENTATION_STYLE_ASSIGNMENT((#10285));
#10285 = SURFACE_STYLE_USAGE(.BOTH.,#10286);
#10286 = SURFACE_SIDE_STYLE('',(#10287));
#10287 = SURFACE_STYLE_FILL_AREA(#10288);
#10288 = FILL_AREA_STYLE('',(#10289));
#10289 = FILL_AREA_STYLE_COLOUR('',#8659);
#10290 = STYLED_ITEM('color',(#10291),#6512);
#10291 = PRESENTATION_STYLE_ASSIGNMENT((#10292));
#10292 = SURFACE_STYLE_USAGE(.BOTH.,#10293);
#10293 = SURFACE_SIDE_STYLE('',(#10294));
#10294 = SURFACE_STYLE_FILL_AREA(#10295);
#10295 = FILL_AREA_STYLE('',(#10296));
#10296 = FILL_AREA_STYLE_COLOUR('',#8659);
#10297 = STYLED_ITEM('color',(#10298),#6524);
#10298 = PRESENTATION_STYLE_ASSIGNMENT((#10299));
#10299 = SURFACE_STYLE_USAGE(.BOTH.,#10300);
#10300 = SURFACE_SIDE_STYLE('',(#10301));
#10301 = SURFACE_STYLE_FILL_AREA(#10302);
#10302 = FILL_AREA_STYLE('',(#10303));
#10303 = FILL_AREA_STYLE_COLOUR('',#8659);
#10304 = STYLED_ITEM('color',(#10305),#6541);
#10305 = PRESENTATION_STYLE_ASSIGNMENT((#10306));
#10306 = SURFACE_STYLE_USAGE(.BOTH.,#10307);
#10307 = SURFACE_SIDE_STYLE('',(#10308));
#10308 = SURFACE_STYLE_FILL_AREA(#10309);
#10309 = FILL_AREA_STYLE('',(#10310));
#10310 = FILL_AREA_STYLE_COLOUR('',#8659);
#10311 = STYLED_ITEM('color',(#10312),#6553);
#10312 = PRESENTATION_STYLE_ASSIGNMENT((#10313));
#10313 = SURFACE_STYLE_USAGE(.BOTH.,#10314);
#10314 = SURFACE_SIDE_STYLE('',(#10315));
#10315 = SURFACE_STYLE_FILL_AREA(#10316);
#10316 = FILL_AREA_STYLE('',(#10317));
#10317 = FILL_AREA_STYLE_COLOUR('',#8659);
#10318 = STYLED_ITEM('color',(#10319),#6575);
#10319 = PRESENTATION_STYLE_ASSIGNMENT((#10320));
#10320 = SURFACE_STYLE_USAGE(.BOTH.,#10321);
#10321 = SURFACE_SIDE_STYLE('',(#10322));
#10322 = SURFACE_STYLE_FILL_AREA(#10323);
#10323 = FILL_AREA_STYLE('',(#10324));
#10324 = FILL_AREA_STYLE_COLOUR('',#8659);
#10325 = STYLED_ITEM('color',(#10326),#6587);
#10326 = PRESENTATION_STYLE_ASSIGNMENT((#10327));
#10327 = SURFACE_STYLE_USAGE(.BOTH.,#10328);
#10328 = SURFACE_SIDE_STYLE('',(#10329));
#10329 = SURFACE_STYLE_FILL_AREA(#10330);
#10330 = FILL_AREA_STYLE('',(#10331));
#10331 = FILL_AREA_STYLE_COLOUR('',#8659);
#10332 = STYLED_ITEM('color',(#10333),#6599);
#10333 = PRESENTATION_STYLE_ASSIGNMENT((#10334));
#10334 = SURFACE_STYLE_USAGE(.BOTH.,#10335);
#10335 = SURFACE_SIDE_STYLE('',(#10336));
#10336 = SURFACE_STYLE_FILL_AREA(#10337);
#10337 = FILL_AREA_STYLE('',(#10338));
#10338 = FILL_AREA_STYLE_COLOUR('',#8659);
#10339 = STYLED_ITEM('color',(#10340),#6611);
#10340 = PRESENTATION_STYLE_ASSIGNMENT((#10341));
#10341 = SURFACE_STYLE_USAGE(.BOTH.,#10342);
#10342 = SURFACE_SIDE_STYLE('',(#10343));
#10343 = SURFACE_STYLE_FILL_AREA(#10344);
#10344 = FILL_AREA_STYLE('',(#10345));
#10345 = FILL_AREA_STYLE_COLOUR('',#8659);
#10346 = STYLED_ITEM('color',(#10347),#6628);
#10347 = PRESENTATION_STYLE_ASSIGNMENT((#10348));
#10348 = SURFACE_STYLE_USAGE(.BOTH.,#10349);
#10349 = SURFACE_SIDE_STYLE('',(#10350));
#10350 = SURFACE_STYLE_FILL_AREA(#10351);
#10351 = FILL_AREA_STYLE('',(#10352));
#10352 = FILL_AREA_STYLE_COLOUR('',#8659);
ENDSEC;
END-ISO-10303-21;
