ISO-10303-21;
HEADER;
/* Generated by software containing ST-Developer
 * from STEP Tools, Inc. (www.steptools.com) 
 */

FILE_DESCRIPTION(
/* description */ ('KiCad electronic assembly',
'CAx-IF Rec.Pracs.---Representation and Presentation of Product Manufa
cturing Information (PMI)---4.0---2014-10-13'),
/* implementation_level */ '2;1');

FILE_NAME(
/* name */ '514_pcb_sensing_enclosure v12.step',
/* time_stamp */ '2025-02-23T15:02:02-08:00',
/* author */ (''),
/* organization */ (''),
/* preprocessor_version */ 'ST-DEVELOPER v20',
/* originating_system */ 'Autodesk Translation Framework v13.20.0.188',

/* authorisation */ '');

FILE_SCHEMA (('AP242_MANAGED_MODEL_BASED_3D_ENGINEERING_MIM_LF { 1 0 10303 442 1 1 4 }'));
ENDSEC;

DATA;
#10=MECHANICAL_DESIGN_GEOMETRIC_PRESENTATION_REPRESENTATION('',(#80,#81,
#82,#83,#84,#85,#86,#87),#3787);
#11=ITEM_DEFINED_TRANSFORMATION($,$,#1959,#2204);
#12=ITEM_DEFINED_TRANSFORMATION($,$,#2024,#2205);
#13=ITEM_DEFINED_TRANSFORMATION($,$,#2025,#2206);
#14=ITEM_DEFINED_TRANSFORMATION($,$,#2026,#2207);
#15=(
REPRESENTATION_RELATIONSHIP($,$,#3807,#3806)
REPRESENTATION_RELATIONSHIP_WITH_TRANSFORMATION(#11)
SHAPE_REPRESENTATION_RELATIONSHIP()
);
#16=(
REPRESENTATION_RELATIONSHIP($,$,#3808,#3806)
REPRESENTATION_RELATIONSHIP_WITH_TRANSFORMATION(#12)
SHAPE_REPRESENTATION_RELATIONSHIP()
);
#17=(
REPRESENTATION_RELATIONSHIP($,$,#3809,#3806)
REPRESENTATION_RELATIONSHIP_WITH_TRANSFORMATION(#13)
SHAPE_REPRESENTATION_RELATIONSHIP()
);
#18=(
REPRESENTATION_RELATIONSHIP($,$,#3810,#3806)
REPRESENTATION_RELATIONSHIP_WITH_TRANSFORMATION(#14)
SHAPE_REPRESENTATION_RELATIONSHIP()
);
#19=CONTEXT_DEPENDENT_SHAPE_REPRESENTATION(#15,#3802);
#20=CONTEXT_DEPENDENT_SHAPE_REPRESENTATION(#16,#3803);
#21=CONTEXT_DEPENDENT_SHAPE_REPRESENTATION(#17,#3804);
#22=CONTEXT_DEPENDENT_SHAPE_REPRESENTATION(#18,#3805);
#23=NEXT_ASSEMBLY_USAGE_OCCURRENCE('514_pcb_PCB:1','514_pcb_PCB:1',
'514_pcb_PCB:1',#3812,#3813,'514_pcb_PCB:1');
#24=NEXT_ASSEMBLY_USAGE_OCCURRENCE('Component10:1','Component10:1',
'Component10:1',#3812,#3814,'Component10:1');
#25=NEXT_ASSEMBLY_USAGE_OCCURRENCE('Component11:1','Component11:1',
'Component11:1',#3812,#3815,'Component11:1');
#26=NEXT_ASSEMBLY_USAGE_OCCURRENCE('Component12:1','Component12:1',
'Component12:1',#3812,#3816,'Component12:1');
#27=TOROIDAL_SURFACE('',#2179,0.75,0.25);
#28=TOROIDAL_SURFACE('',#2186,0.75,0.25);
#29=TOROIDAL_SURFACE('',#2195,0.75,0.25);
#30=TOROIDAL_SURFACE('',#2199,0.75,0.25);
#31=SPHERICAL_SURFACE('',#2159,0.25);
#32=SPHERICAL_SURFACE('',#2163,0.25);
#33=SPHERICAL_SURFACE('',#2167,0.25);
#34=SPHERICAL_SURFACE('',#2169,0.25);
#35=(
BOUNDED_SURFACE()
B_SPLINE_SURFACE(1,2,((#3123,#3124,#3125,#3126,#3127,#3128,#3129,#3130,
#3131),(#3132,#3133,#3134,#3135,#3136,#3137,#3138,#3139,#3140)),
 .UNSPECIFIED.,.F.,.T.,.F.)
B_SPLINE_SURFACE_WITH_KNOTS((2,2),(3,2,2,2,3),(5.6282469616863E-18,0.0624367307308138),
(-3.14159265358979,-1.5707963267949,0.,1.5707963267949,3.14159265358979),
 .UNSPECIFIED.)
GEOMETRIC_REPRESENTATION_ITEM()
RATIONAL_B_SPLINE_SURFACE(((1.,0.707106781186548,1.,0.707106781186548,1.,
0.707106781186548,1.,0.707106781186548,1.),(1.,0.707106781186548,1.,0.707106781186548,
1.,0.707106781186548,1.,0.707106781186548,1.)))
REPRESENTATION_ITEM('')
SURFACE()
);
#36=(
BOUNDED_SURFACE()
B_SPLINE_SURFACE(1,2,((#3212,#3213,#3214,#3215,#3216,#3217,#3218,#3219,
#3220),(#3221,#3222,#3223,#3224,#3225,#3226,#3227,#3228,#3229)),
 .UNSPECIFIED.,.F.,.T.,.F.)
B_SPLINE_SURFACE_WITH_KNOTS((2,2),(3,2,2,2,3),(-1.45129553548056E-17,0.19358142417395),
(-3.14159265358979,-1.5707963267949,0.,1.5707963267949,3.14159265358979),
 .UNSPECIFIED.)
GEOMETRIC_REPRESENTATION_ITEM()
RATIONAL_B_SPLINE_SURFACE(((1.,0.707106781186548,1.,0.707106781186548,1.,
0.707106781186548,1.,0.707106781186548,1.),(1.,0.707106781186548,1.,0.707106781186548,
1.,0.707106781186548,1.,0.707106781186548,1.)))
REPRESENTATION_ITEM('')
SURFACE()
);
#37=(
BOUNDED_SURFACE()
B_SPLINE_SURFACE(1,2,((#3288,#3289,#3290,#3291,#3292,#3293,#3294,#3295,
#3296),(#3297,#3298,#3299,#3300,#3301,#3302,#3303,#3304,#3305)),
 .UNSPECIFIED.,.F.,.T.,.F.)
B_SPLINE_SURFACE_WITH_KNOTS((2,2),(3,2,2,2,3),(-1.40335399229517E-17,0.249472184924255),
(-3.14159265358979,-1.5707963267949,0.,1.5707963267949,3.14159265358979),
 .UNSPECIFIED.)
GEOMETRIC_REPRESENTATION_ITEM()
RATIONAL_B_SPLINE_SURFACE(((1.,0.707106781186548,1.,0.707106781186548,1.,
0.707106781186548,1.,0.707106781186548,1.),(1.,0.707106781186548,1.,0.707106781186548,
1.,0.707106781186548,1.,0.707106781186548,1.)))
REPRESENTATION_ITEM('')
SURFACE()
);
#38=ELLIPSE('',#2044,80.0810667290815,51.8458321287244);
#39=ELLIPSE('',#2045,80.0810667290815,51.8458321287244);
#40=ELLIPSE('',#2082,80.1692581722986,51.9340235719416);
#41=ELLIPSE('',#2083,77.4867736613055,49.2515390609485);
#42=ELLIPSE('',#2084,77.4867736613055,49.2515390609485);
#43=ELLIPSE('',#2085,77.4867736613055,49.2515390609485);
#44=ELLIPSE('',#2086,77.4867736613055,49.2515390609485);
#45=ELLIPSE('',#2087,77.4867736613055,49.2515390609485);
#46=ELLIPSE('',#2088,77.4867736613055,49.2515390609485);
#47=ELLIPSE('',#2090,80.1692581722986,51.9340235719416);
#48=ELLIPSE('',#2094,80.1692581722986,51.9340235719416);
#49=ELLIPSE('',#2095,80.1692581722986,51.9340235719416);
#50=ELLIPSE('',#2113,80.1692581722986,51.9340235719416);
#51=ELLIPSE('',#2114,80.1692581722986,51.9340235719416);
#52=B_SPLINE_CURVE_WITH_KNOTS('',3,(#3039,#3040,#3041,#3042,#3043,#3044,
#3045,#3046,#3047,#3048,#3049,#3050,#3051,#3052,#3053,#3054,#3055,#3056,
#3057,#3058,#3059,#3060,#3061,#3062),.UNSPECIFIED.,.T.,.F.,(4,1,1,1,1,1,
1,1,1,1,1,1,1,1,1,1,1,1,1,1,1,4),(-3.14159265358979,-2.69279370307697,-2.46839422782055,
-2.24399475256414,-1.94479545222225,-1.64559615188037,-1.34639685153848,
-1.0471975511966,-0.747998250854713,-0.448798950512828,-0.149599650170943,
0.149599650170943,0.448798950512828,0.747998250854713,1.0471975511966,1.34639685153848,
1.49599650170943,1.64559615188037,1.94479545222225,2.24399475256414,2.69279370307697,
3.14159265358979),.UNSPECIFIED.);
#53=B_SPLINE_CURVE_WITH_KNOTS('',1,(#3064,#3065),.UNSPECIFIED.,.F.,.F.,
(2,2),(-0.0645271413913171,-0.0387162848347712),.UNSPECIFIED.);
#54=B_SPLINE_CURVE_WITH_KNOTS('',3,(#3066,#3067,#3068,#3069,#3070,#3071,
#3072,#3073,#3074,#3075,#3076,#3077,#3078,#3079,#3080,#3081,#3082,#3083,
#3084,#3085,#3086,#3087,#3088,#3089),.UNSPECIFIED.,.T.,.F.,(4,1,1,1,1,1,
1,1,1,1,1,1,1,1,1,1,1,1,1,1,1,4),(-3.14159265358979,-2.69279370307697,-2.46839422782055,
-2.24399475256414,-1.94479545222225,-1.64559615188037,-1.34639685153848,
-1.0471975511966,-0.747998250854713,-0.448798950512828,-0.149599650170943,
0.149599650170943,0.448798950512828,0.747998250854713,1.0471975511966,1.34639685153848,
1.49599650170943,1.64559615188037,1.94479545222225,2.24399475256414,2.69279370307697,
3.14159265358979),.UNSPECIFIED.);
#55=B_SPLINE_CURVE_WITH_KNOTS('',3,(#3428,#3429,#3430,#3431,#3432,#3433,
#3434,#3435,#3436),.UNSPECIFIED.,.F.,.F.,(4,1,2,1,1,4),(-0.37315566462669,
-0.292008332491976,-0.210861000357263,-0.084344400142905,-0.0421722000714525,
0.),.UNSPECIFIED.);
#56=B_SPLINE_CURVE_WITH_KNOTS('',3,(#3439,#3440,#3441,#3442,#3443,#3444,
#3445,#3446,#3447),.UNSPECIFIED.,.F.,.F.,(4,1,1,2,1,4),(0.,0.0421722000714525,
0.084344400142905,0.210861000357263,0.292008332491976,0.37315566462669),
 .UNSPECIFIED.);
#57=B_SPLINE_CURVE_WITH_KNOTS('',3,(#3476,#3477,#3478,#3479),
 .UNSPECIFIED.,.F.,.F.,(4,4),(-0.478932792390026,0.),.UNSPECIFIED.);
#58=B_SPLINE_CURVE_WITH_KNOTS('',3,(#3481,#3482,#3483,#3484),
 .UNSPECIFIED.,.F.,.F.,(4,4),(0.,0.478932792390026),.UNSPECIFIED.);
#59=B_SPLINE_CURVE_WITH_KNOTS('',3,(#3531,#3532,#3533,#3534,#3535,#3536,
#3537,#3538),.UNSPECIFIED.,.F.,.F.,(4,1,2,1,4),(-0.373155664629591,-0.246639064415204,
-0.162294664272279,-0.0811473321361396,0.),.UNSPECIFIED.);
#60=B_SPLINE_CURVE_WITH_KNOTS('',3,(#3540,#3541,#3542,#3543,#3544,#3545,
#3546,#3547),.UNSPECIFIED.,.F.,.F.,(4,1,2,1,4),(0.,0.0811473321361396,0.162294664272279,
0.246639064415204,0.373155664629591),.UNSPECIFIED.);
#61=B_SPLINE_CURVE_WITH_KNOTS('',3,(#3573,#3574,#3575,#3576),
 .UNSPECIFIED.,.F.,.F.,(4,4),(-0.478932792390022,0.),.UNSPECIFIED.);
#62=B_SPLINE_CURVE_WITH_KNOTS('',3,(#3578,#3579,#3580,#3581),
 .UNSPECIFIED.,.F.,.F.,(4,4),(0.,0.478932792390022),.UNSPECIFIED.);
#63=B_SPLINE_SURFACE_WITH_KNOTS('',1,3,((#2990,#2991,#2992,#2993,#2994,
#2995,#2996,#2997,#2998,#2999,#3000,#3001,#3002,#3003,#3004,#3005,#3006,
#3007,#3008,#3009,#3010,#3011,#3012,#3013),(#3014,#3015,#3016,#3017,#3018,
#3019,#3020,#3021,#3022,#3023,#3024,#3025,#3026,#3027,#3028,#3029,#3030,
#3031,#3032,#3033,#3034,#3035,#3036,#3037)),.UNSPECIFIED.,.F.,.T.,.F.,(2,
2),(4,1,1,1,1,1,1,1,1,1,1,1,1,1,1,1,1,1,1,1,1,4),(0.0387162848347712,0.0645271413913171),
(-3.14159265358979,-2.69279370307697,-2.46839422782055,-2.24399475256414,
-1.94479545222225,-1.64559615188037,-1.34639685153848,-1.0471975511966,
-0.747998250854713,-0.448798950512828,-0.149599650170943,0.149599650170943,
0.448798950512828,0.747998250854713,1.0471975511966,1.34639685153848,1.49599650170943,
1.64559615188037,1.94479545222225,2.24399475256414,2.69279370307697,3.14159265358979),
 .UNSPECIFIED.);
#64=B_SPLINE_SURFACE_WITH_KNOTS('',3,3,((#3379,#3380,#3381,#3382,#3383,
#3384,#3385,#3386,#3387),(#3388,#3389,#3390,#3391,#3392,#3393,#3394,#3395,
#3396),(#3397,#3398,#3399,#3400,#3401,#3402,#3403,#3404,#3405),(#3406,#3407,
#3408,#3409,#3410,#3411,#3412,#3413,#3414),(#3415,#3416,#3417,#3418,#3419,
#3420,#3421,#3422,#3423)),.UNSPECIFIED.,.F.,.F.,.F.,(4,1,4),(4,1,1,2,1,
4),(0.,0.5,1.),(0.,0.0421722000714525,0.084344400142905,0.210861000357263,
0.292008332491976,0.37315566462669),.UNSPECIFIED.);
#65=B_SPLINE_SURFACE_WITH_KNOTS('',3,3,((#3448,#3449,#3450,#3451),(#3452,
#3453,#3454,#3455),(#3456,#3457,#3458,#3459),(#3460,#3461,#3462,#3463),
(#3464,#3465,#3466,#3467),(#3468,#3469,#3470,#3471)),.UNSPECIFIED.,.F.,
 .F.,.F.,(4,1,1,4),(4,4),(0.,0.285714285714286,0.571428571428571,1.),(0.,
0.478932792390026),.UNSPECIFIED.);
#66=B_SPLINE_SURFACE_WITH_KNOTS('',3,3,((#3487,#3488,#3489,#3490,#3491,
#3492,#3493,#3494),(#3495,#3496,#3497,#3498,#3499,#3500,#3501,#3502),(#3503,
#3504,#3505,#3506,#3507,#3508,#3509,#3510),(#3511,#3512,#3513,#3514,#3515,
#3516,#3517,#3518),(#3519,#3520,#3521,#3522,#3523,#3524,#3525,#3526)),
 .UNSPECIFIED.,.F.,.F.,.F.,(4,1,4),(4,1,2,1,4),(0.,0.5,1.),(0.,0.0811473321361396,
0.162294664272279,0.246639064415204,0.373155664629591),.UNSPECIFIED.);
#67=B_SPLINE_SURFACE_WITH_KNOTS('',3,3,((#3550,#3551,#3552,#3553),(#3554,
#3555,#3556,#3557),(#3558,#3559,#3560,#3561),(#3562,#3563,#3564,#3565),
(#3566,#3567,#3568,#3569)),.UNSPECIFIED.,.F.,.F.,.F.,(4,1,4),(4,4),(0.,
0.5,1.),(0.,0.478932792390022),.UNSPECIFIED.);
#68=B_SPLINE_SURFACE_WITH_KNOTS('',3,3,((#3608,#3609,#3610,#3611,#3612,
#3613,#3614,#3615,#3616,#3617,#3618),(#3619,#3620,#3621,#3622,#3623,#3624,
#3625,#3626,#3627,#3628,#3629),(#3630,#3631,#3632,#3633,#3634,#3635,#3636,
#3637,#3638,#3639,#3640),(#3641,#3642,#3643,#3644,#3645,#3646,#3647,#3648,
#3649,#3650,#3651),(#3652,#3653,#3654,#3655,#3656,#3657,#3658,#3659,#3660,
#3661,#3662),(#3663,#3664,#3665,#3666,#3667,#3668,#3669,#3670,#3671,#3672,
#3673),(#3674,#3675,#3676,#3677,#3678,#3679,#3680,#3681,#3682,#3683,#3684),
(#3685,#3686,#3687,#3688,#3689,#3690,#3691,#3692,#3693,#3694,#3695),(#3696,
#3697,#3698,#3699,#3700,#3701,#3702,#3703,#3704,#3705,#3706),(#3707,#3708,
#3709,#3710,#3711,#3712,#3713,#3714,#3715,#3716,#3717),(#3718,#3719,#3720,
#3721,#3722,#3723,#3724,#3725,#3726,#3727,#3728)),.UNSPECIFIED.,.F.,.F.,
 .F.,(4,3,1,3,4),(4,3,1,3,4),(-1.33599088361666,0.,0.5,1.,2.20014573810475),
(-1.0013882023193,0.,0.5,1.,1.985843259667),.UNSPECIFIED.);
#69=ORIENTED_CLOSED_SHELL('',*,#1902,.F.);
#70=ORIENTED_CLOSED_SHELL('',*,#1904,.F.);
#71=ORIENTED_CLOSED_SHELL('',*,#1905,.F.);
#72=ORIENTED_CLOSED_SHELL('',*,#1906,.F.);
#73=BREP_WITH_VOIDS('Body1',#1903,(#69,#70,#71,#72));
#74=SHAPE_REPRESENTATION_RELATIONSHIP('SRR','None',#3807,#77);
#75=SHAPE_REPRESENTATION_RELATIONSHIP('SRR','None',#3810,#78);
#76=SHAPE_REPRESENTATION_RELATIONSHIP('SRR','None',#3806,#79);
#77=ADVANCED_BREP_SHAPE_REPRESENTATION('',(#88),#3783);
#78=ADVANCED_BREP_SHAPE_REPRESENTATION('',(#73),#3786);
#79=ADVANCED_BREP_SHAPE_REPRESENTATION('',(#89,#90,#91,#92,#93,#94),#3782);
#80=STYLED_ITEM('',(#3836),#88);
#81=STYLED_ITEM('',(#3835),#73);
#82=STYLED_ITEM('',(#3835),#89);
#83=STYLED_ITEM('',(#3835),#90);
#84=STYLED_ITEM('',(#3835),#91);
#85=STYLED_ITEM('',(#3835),#92);
#86=STYLED_ITEM('',(#3835),#93);
#87=STYLED_ITEM('',(#3835),#94);
#88=MANIFOLD_SOLID_BREP('Body1',#1901);
#89=MANIFOLD_SOLID_BREP('Body2',#1907);
#90=MANIFOLD_SOLID_BREP('Body3',#1908);
#91=MANIFOLD_SOLID_BREP('Body12',#1909);
#92=MANIFOLD_SOLID_BREP('Body13',#1910);
#93=MANIFOLD_SOLID_BREP('Body14',#1911);
#94=MANIFOLD_SOLID_BREP('Body17',#1912);
#95=FACE_BOUND('',#333,.T.);
#96=FACE_BOUND('',#334,.T.);
#97=FACE_BOUND('',#335,.T.);
#98=FACE_BOUND('',#336,.T.);
#99=FACE_BOUND('',#337,.T.);
#100=FACE_BOUND('',#338,.T.);
#101=FACE_BOUND('',#339,.T.);
#102=FACE_BOUND('',#340,.T.);
#103=FACE_BOUND('',#341,.T.);
#104=FACE_BOUND('',#342,.T.);
#105=FACE_BOUND('',#343,.T.);
#106=FACE_BOUND('',#344,.T.);
#107=FACE_BOUND('',#345,.T.);
#108=FACE_BOUND('',#346,.T.);
#109=FACE_BOUND('',#347,.T.);
#110=FACE_BOUND('',#348,.T.);
#111=FACE_BOUND('',#349,.T.);
#112=FACE_BOUND('',#350,.T.);
#113=FACE_BOUND('',#351,.T.);
#114=FACE_BOUND('',#353,.T.);
#115=FACE_BOUND('',#354,.T.);
#116=FACE_BOUND('',#355,.T.);
#117=FACE_BOUND('',#356,.T.);
#118=FACE_BOUND('',#357,.T.);
#119=FACE_BOUND('',#358,.T.);
#120=FACE_BOUND('',#359,.T.);
#121=FACE_BOUND('',#360,.T.);
#122=FACE_BOUND('',#361,.T.);
#123=FACE_BOUND('',#362,.T.);
#124=FACE_BOUND('',#363,.T.);
#125=FACE_BOUND('',#364,.T.);
#126=FACE_BOUND('',#365,.T.);
#127=FACE_BOUND('',#366,.T.);
#128=FACE_BOUND('',#367,.T.);
#129=FACE_BOUND('',#368,.T.);
#130=FACE_BOUND('',#369,.T.);
#131=FACE_BOUND('',#370,.T.);
#132=FACE_BOUND('',#371,.T.);
#133=FACE_BOUND('',#402,.T.);
#134=FACE_BOUND('',#403,.T.);
#135=FACE_BOUND('',#406,.T.);
#136=FACE_BOUND('',#412,.T.);
#137=FACE_BOUND('',#413,.T.);
#138=FACE_BOUND('',#414,.T.);
#139=FACE_BOUND('',#415,.T.);
#140=FACE_BOUND('',#416,.T.);
#141=FACE_BOUND('',#417,.T.);
#142=FACE_BOUND('',#444,.T.);
#143=FACE_BOUND('',#445,.T.);
#144=FACE_BOUND('',#446,.T.);
#145=FACE_BOUND('',#447,.T.);
#146=FACE_BOUND('',#449,.T.);
#147=FACE_BOUND('',#450,.T.);
#148=FACE_BOUND('',#451,.T.);
#149=FACE_BOUND('',#452,.T.);
#150=FACE_BOUND('',#455,.T.);
#151=FACE_BOUND('',#459,.T.);
#152=FACE_BOUND('',#463,.T.);
#153=FACE_BOUND('',#465,.T.);
#154=FACE_BOUND('',#469,.T.);
#155=FACE_BOUND('',#471,.T.);
#156=FACE_BOUND('',#474,.T.);
#157=FACE_BOUND('',#478,.T.);
#158=PLANE('',#1963);
#159=PLANE('',#1964);
#160=PLANE('',#1965);
#161=PLANE('',#1966);
#162=PLANE('',#1967);
#163=PLANE('',#1968);
#164=PLANE('',#1969);
#165=PLANE('',#1970);
#166=PLANE('',#1988);
#167=PLANE('',#2006);
#168=PLANE('',#2030);
#169=PLANE('',#2031);
#170=PLANE('',#2035);
#171=PLANE('',#2039);
#172=PLANE('',#2040);
#173=PLANE('',#2041);
#174=PLANE('',#2042);
#175=PLANE('',#2043);
#176=PLANE('',#2046);
#177=PLANE('',#2050);
#178=PLANE('',#2054);
#179=PLANE('',#2055);
#180=PLANE('',#2057);
#181=PLANE('',#2063);
#182=PLANE('',#2064);
#183=PLANE('',#2065);
#184=PLANE('',#2069);
#185=PLANE('',#2070);
#186=PLANE('',#2074);
#187=PLANE('',#2081);
#188=PLANE('',#2089);
#189=PLANE('',#2092);
#190=PLANE('',#2112);
#191=PLANE('',#2115);
#192=PLANE('',#2116);
#193=PLANE('',#2120);
#194=PLANE('',#2127);
#195=PLANE('',#2134);
#196=PLANE('',#2135);
#197=PLANE('',#2142);
#198=PLANE('',#2143);
#199=PLANE('',#2147);
#200=PLANE('',#2154);
#201=PLANE('',#2173);
#202=PLANE('',#2178);
#203=PLANE('',#2190);
#204=PLANE('',#2200);
#205=PLANE('',#2201);
#206=FACE_OUTER_BOUND('',#324,.T.);
#207=FACE_OUTER_BOUND('',#325,.T.);
#208=FACE_OUTER_BOUND('',#326,.T.);
#209=FACE_OUTER_BOUND('',#327,.T.);
#210=FACE_OUTER_BOUND('',#328,.T.);
#211=FACE_OUTER_BOUND('',#329,.T.);
#212=FACE_OUTER_BOUND('',#330,.T.);
#213=FACE_OUTER_BOUND('',#331,.T.);
#214=FACE_OUTER_BOUND('',#332,.T.);
#215=FACE_OUTER_BOUND('',#352,.T.);
#216=FACE_OUTER_BOUND('',#372,.T.);
#217=FACE_OUTER_BOUND('',#373,.T.);
#218=FACE_OUTER_BOUND('',#374,.T.);
#219=FACE_OUTER_BOUND('',#375,.T.);
#220=FACE_OUTER_BOUND('',#376,.T.);
#221=FACE_OUTER_BOUND('',#377,.T.);
#222=FACE_OUTER_BOUND('',#378,.T.);
#223=FACE_OUTER_BOUND('',#379,.T.);
#224=FACE_OUTER_BOUND('',#380,.T.);
#225=FACE_OUTER_BOUND('',#381,.T.);
#226=FACE_OUTER_BOUND('',#382,.T.);
#227=FACE_OUTER_BOUND('',#383,.T.);
#228=FACE_OUTER_BOUND('',#384,.T.);
#229=FACE_OUTER_BOUND('',#385,.T.);
#230=FACE_OUTER_BOUND('',#386,.T.);
#231=FACE_OUTER_BOUND('',#387,.T.);
#232=FACE_OUTER_BOUND('',#388,.T.);
#233=FACE_OUTER_BOUND('',#389,.T.);
#234=FACE_OUTER_BOUND('',#390,.T.);
#235=FACE_OUTER_BOUND('',#391,.T.);
#236=FACE_OUTER_BOUND('',#392,.T.);
#237=FACE_OUTER_BOUND('',#393,.T.);
#238=FACE_OUTER_BOUND('',#394,.T.);
#239=FACE_OUTER_BOUND('',#395,.T.);
#240=FACE_OUTER_BOUND('',#396,.T.);
#241=FACE_OUTER_BOUND('',#397,.T.);
#242=FACE_OUTER_BOUND('',#398,.T.);
#243=FACE_OUTER_BOUND('',#399,.T.);
#244=FACE_OUTER_BOUND('',#400,.T.);
#245=FACE_OUTER_BOUND('',#401,.T.);
#246=FACE_OUTER_BOUND('',#404,.T.);
#247=FACE_OUTER_BOUND('',#405,.T.);
#248=FACE_OUTER_BOUND('',#407,.T.);
#249=FACE_OUTER_BOUND('',#408,.T.);
#250=FACE_OUTER_BOUND('',#409,.T.);
#251=FACE_OUTER_BOUND('',#410,.T.);
#252=FACE_OUTER_BOUND('',#411,.T.);
#253=FACE_OUTER_BOUND('',#418,.T.);
#254=FACE_OUTER_BOUND('',#419,.T.);
#255=FACE_OUTER_BOUND('',#420,.T.);
#256=FACE_OUTER_BOUND('',#421,.T.);
#257=FACE_OUTER_BOUND('',#422,.T.);
#258=FACE_OUTER_BOUND('',#423,.T.);
#259=FACE_OUTER_BOUND('',#424,.T.);
#260=FACE_OUTER_BOUND('',#425,.T.);
#261=FACE_OUTER_BOUND('',#426,.T.);
#262=FACE_OUTER_BOUND('',#427,.T.);
#263=FACE_OUTER_BOUND('',#428,.T.);
#264=FACE_OUTER_BOUND('',#429,.T.);
#265=FACE_OUTER_BOUND('',#430,.T.);
#266=FACE_OUTER_BOUND('',#431,.T.);
#267=FACE_OUTER_BOUND('',#432,.T.);
#268=FACE_OUTER_BOUND('',#433,.T.);
#269=FACE_OUTER_BOUND('',#434,.T.);
#270=FACE_OUTER_BOUND('',#435,.T.);
#271=FACE_OUTER_BOUND('',#436,.T.);
#272=FACE_OUTER_BOUND('',#437,.T.);
#273=FACE_OUTER_BOUND('',#438,.T.);
#274=FACE_OUTER_BOUND('',#439,.T.);
#275=FACE_OUTER_BOUND('',#440,.T.);
#276=FACE_OUTER_BOUND('',#441,.T.);
#277=FACE_OUTER_BOUND('',#442,.T.);
#278=FACE_OUTER_BOUND('',#443,.T.);
#279=FACE_OUTER_BOUND('',#448,.T.);
#280=FACE_OUTER_BOUND('',#453,.T.);
#281=FACE_OUTER_BOUND('',#454,.T.);
#282=FACE_OUTER_BOUND('',#456,.T.);
#283=FACE_OUTER_BOUND('',#457,.T.);
#284=FACE_OUTER_BOUND('',#458,.T.);
#285=FACE_OUTER_BOUND('',#460,.T.);
#286=FACE_OUTER_BOUND('',#461,.T.);
#287=FACE_OUTER_BOUND('',#462,.T.);
#288=FACE_OUTER_BOUND('',#464,.T.);
#289=FACE_OUTER_BOUND('',#466,.T.);
#290=FACE_OUTER_BOUND('',#467,.T.);
#291=FACE_OUTER_BOUND('',#468,.T.);
#292=FACE_OUTER_BOUND('',#470,.T.);
#293=FACE_OUTER_BOUND('',#472,.T.);
#294=FACE_OUTER_BOUND('',#473,.T.);
#295=FACE_OUTER_BOUND('',#475,.T.);
#296=FACE_OUTER_BOUND('',#476,.T.);
#297=FACE_OUTER_BOUND('',#477,.T.);
#298=FACE_OUTER_BOUND('',#479,.T.);
#299=FACE_OUTER_BOUND('',#480,.T.);
#300=FACE_OUTER_BOUND('',#481,.T.);
#301=FACE_OUTER_BOUND('',#482,.T.);
#302=FACE_OUTER_BOUND('',#483,.T.);
#303=FACE_OUTER_BOUND('',#484,.T.);
#304=FACE_OUTER_BOUND('',#485,.T.);
#305=FACE_OUTER_BOUND('',#486,.T.);
#306=FACE_OUTER_BOUND('',#487,.T.);
#307=FACE_OUTER_BOUND('',#488,.T.);
#308=FACE_OUTER_BOUND('',#489,.T.);
#309=FACE_OUTER_BOUND('',#490,.T.);
#310=FACE_OUTER_BOUND('',#491,.T.);
#311=FACE_OUTER_BOUND('',#492,.T.);
#312=FACE_OUTER_BOUND('',#493,.T.);
#313=FACE_OUTER_BOUND('',#494,.T.);
#314=FACE_OUTER_BOUND('',#495,.T.);
#315=FACE_OUTER_BOUND('',#496,.T.);
#316=FACE_OUTER_BOUND('',#497,.T.);
#317=FACE_OUTER_BOUND('',#498,.T.);
#318=FACE_OUTER_BOUND('',#499,.T.);
#319=FACE_OUTER_BOUND('',#500,.T.);
#320=FACE_OUTER_BOUND('',#501,.T.);
#321=FACE_OUTER_BOUND('',#502,.T.);
#322=FACE_OUTER_BOUND('',#503,.T.);
#323=FACE_OUTER_BOUND('',#504,.T.);
#324=EDGE_LOOP('',(#1236,#1237,#1238,#1239));
#325=EDGE_LOOP('',(#1240,#1241,#1242,#1243));
#326=EDGE_LOOP('',(#1244,#1245,#1246,#1247));
#327=EDGE_LOOP('',(#1248,#1249,#1250,#1251));
#328=EDGE_LOOP('',(#1252,#1253,#1254,#1255));
#329=EDGE_LOOP('',(#1256,#1257,#1258,#1259));
#330=EDGE_LOOP('',(#1260,#1261,#1262,#1263));
#331=EDGE_LOOP('',(#1264,#1265,#1266,#1267));
#332=EDGE_LOOP('',(#1268,#1269,#1270,#1271));
#333=EDGE_LOOP('',(#1272));
#334=EDGE_LOOP('',(#1273,#1274,#1275,#1276));
#335=EDGE_LOOP('',(#1277));
#336=EDGE_LOOP('',(#1278));
#337=EDGE_LOOP('',(#1279));
#338=EDGE_LOOP('',(#1280));
#339=EDGE_LOOP('',(#1281));
#340=EDGE_LOOP('',(#1282));
#341=EDGE_LOOP('',(#1283));
#342=EDGE_LOOP('',(#1284));
#343=EDGE_LOOP('',(#1285));
#344=EDGE_LOOP('',(#1286));
#345=EDGE_LOOP('',(#1287));
#346=EDGE_LOOP('',(#1288));
#347=EDGE_LOOP('',(#1289));
#348=EDGE_LOOP('',(#1290));
#349=EDGE_LOOP('',(#1291));
#350=EDGE_LOOP('',(#1292));
#351=EDGE_LOOP('',(#1293));
#352=EDGE_LOOP('',(#1294,#1295,#1296,#1297));
#353=EDGE_LOOP('',(#1298));
#354=EDGE_LOOP('',(#1299,#1300,#1301,#1302));
#355=EDGE_LOOP('',(#1303));
#356=EDGE_LOOP('',(#1304));
#357=EDGE_LOOP('',(#1305));
#358=EDGE_LOOP('',(#1306));
#359=EDGE_LOOP('',(#1307));
#360=EDGE_LOOP('',(#1308));
#361=EDGE_LOOP('',(#1309));
#362=EDGE_LOOP('',(#1310));
#363=EDGE_LOOP('',(#1311));
#364=EDGE_LOOP('',(#1312));
#365=EDGE_LOOP('',(#1313));
#366=EDGE_LOOP('',(#1314));
#367=EDGE_LOOP('',(#1315));
#368=EDGE_LOOP('',(#1316));
#369=EDGE_LOOP('',(#1317));
#370=EDGE_LOOP('',(#1318));
#371=EDGE_LOOP('',(#1319));
#372=EDGE_LOOP('',(#1320,#1321,#1322,#1323));
#373=EDGE_LOOP('',(#1324,#1325,#1326,#1327));
#374=EDGE_LOOP('',(#1328,#1329,#1330,#1331));
#375=EDGE_LOOP('',(#1332,#1333,#1334,#1335));
#376=EDGE_LOOP('',(#1336,#1337,#1338,#1339));
#377=EDGE_LOOP('',(#1340,#1341,#1342,#1343));
#378=EDGE_LOOP('',(#1344,#1345,#1346,#1347));
#379=EDGE_LOOP('',(#1348,#1349,#1350,#1351));
#380=EDGE_LOOP('',(#1352,#1353,#1354,#1355));
#381=EDGE_LOOP('',(#1356,#1357,#1358,#1359));
#382=EDGE_LOOP('',(#1360,#1361,#1362,#1363));
#383=EDGE_LOOP('',(#1364,#1365,#1366,#1367));
#384=EDGE_LOOP('',(#1368,#1369,#1370,#1371));
#385=EDGE_LOOP('',(#1372,#1373,#1374,#1375));
#386=EDGE_LOOP('',(#1376,#1377,#1378,#1379));
#387=EDGE_LOOP('',(#1380,#1381,#1382,#1383));
#388=EDGE_LOOP('',(#1384,#1385,#1386,#1387));
#389=EDGE_LOOP('',(#1388,#1389,#1390,#1391));
#390=EDGE_LOOP('',(#1392,#1393,#1394,#1395));
#391=EDGE_LOOP('',(#1396));
#392=EDGE_LOOP('',(#1397));
#393=EDGE_LOOP('',(#1398,#1399,#1400,#1401));
#394=EDGE_LOOP('',(#1402));
#395=EDGE_LOOP('',(#1403,#1404,#1405,#1406));
#396=EDGE_LOOP('',(#1407,#1408,#1409,#1410));
#397=EDGE_LOOP('',(#1411,#1412,#1413,#1414));
#398=EDGE_LOOP('',(#1415,#1416,#1417,#1418));
#399=EDGE_LOOP('',(#1419,#1420,#1421,#1422));
#400=EDGE_LOOP('',(#1423,#1424,#1425,#1426));
#401=EDGE_LOOP('',(#1427));
#402=EDGE_LOOP('',(#1428));
#403=EDGE_LOOP('',(#1429,#1430,#1431,#1432));
#404=EDGE_LOOP('',(#1433,#1434,#1435,#1436));
#405=EDGE_LOOP('',(#1437));
#406=EDGE_LOOP('',(#1438));
#407=EDGE_LOOP('',(#1439,#1440,#1441,#1442));
#408=EDGE_LOOP('',(#1443));
#409=EDGE_LOOP('',(#1444,#1445,#1446,#1447));
#410=EDGE_LOOP('',(#1448));
#411=EDGE_LOOP('',(#1449));
#412=EDGE_LOOP('',(#1450));
#413=EDGE_LOOP('',(#1451));
#414=EDGE_LOOP('',(#1452));
#415=EDGE_LOOP('',(#1453));
#416=EDGE_LOOP('',(#1454,#1455,#1456,#1457));
#417=EDGE_LOOP('',(#1458));
#418=EDGE_LOOP('',(#1459));
#419=EDGE_LOOP('',(#1460,#1461,#1462,#1463));
#420=EDGE_LOOP('',(#1464,#1465,#1466,#1467));
#421=EDGE_LOOP('',(#1468));
#422=EDGE_LOOP('',(#1469));
#423=EDGE_LOOP('',(#1470));
#424=EDGE_LOOP('',(#1471,#1472,#1473,#1474));
#425=EDGE_LOOP('',(#1475));
#426=EDGE_LOOP('',(#1476));
#427=EDGE_LOOP('',(#1477,#1478,#1479,#1480));
#428=EDGE_LOOP('',(#1481));
#429=EDGE_LOOP('',(#1482,#1483,#1484,#1485));
#430=EDGE_LOOP('',(#1486,#1487,#1488,#1489));
#431=EDGE_LOOP('',(#1490,#1491,#1492,#1493));
#432=EDGE_LOOP('',(#1494,#1495,#1496,#1497,#1498,#1499,#1500,#1501,#1502,
#1503,#1504,#1505));
#433=EDGE_LOOP('',(#1506,#1507,#1508,#1509));
#434=EDGE_LOOP('',(#1510,#1511,#1512,#1513,#1514,#1515));
#435=EDGE_LOOP('',(#1516,#1517,#1518,#1519));
#436=EDGE_LOOP('',(#1520,#1521,#1522,#1523));
#437=EDGE_LOOP('',(#1524,#1525,#1526,#1527));
#438=EDGE_LOOP('',(#1528,#1529,#1530,#1531));
#439=EDGE_LOOP('',(#1532,#1533,#1534,#1535));
#440=EDGE_LOOP('',(#1536,#1537,#1538,#1539));
#441=EDGE_LOOP('',(#1540,#1541,#1542,#1543));
#442=EDGE_LOOP('',(#1544,#1545,#1546,#1547,#1548,#1549,#1550,#1551,#1552,
#1553,#1554,#1555));
#443=EDGE_LOOP('',(#1556));
#444=EDGE_LOOP('',(#1557));
#445=EDGE_LOOP('',(#1558));
#446=EDGE_LOOP('',(#1559));
#447=EDGE_LOOP('',(#1560));
#448=EDGE_LOOP('',(#1561));
#449=EDGE_LOOP('',(#1562));
#450=EDGE_LOOP('',(#1563));
#451=EDGE_LOOP('',(#1564));
#452=EDGE_LOOP('',(#1565));
#453=EDGE_LOOP('',(#1566,#1567,#1568,#1569));
#454=EDGE_LOOP('',(#1570));
#455=EDGE_LOOP('',(#1571,#1572));
#456=EDGE_LOOP('',(#1573,#1574,#1575,#1576));
#457=EDGE_LOOP('',(#1577,#1578,#1579,#1580));
#458=EDGE_LOOP('',(#1581));
#459=EDGE_LOOP('',(#1582,#1583));
#460=EDGE_LOOP('',(#1584,#1585,#1586,#1587));
#461=EDGE_LOOP('',(#1588,#1589,#1590,#1591));
#462=EDGE_LOOP('',(#1592));
#463=EDGE_LOOP('',(#1593));
#464=EDGE_LOOP('',(#1594));
#465=EDGE_LOOP('',(#1595));
#466=EDGE_LOOP('',(#1596,#1597,#1598,#1599));
#467=EDGE_LOOP('',(#1600,#1601,#1602,#1603));
#468=EDGE_LOOP('',(#1604));
#469=EDGE_LOOP('',(#1605));
#470=EDGE_LOOP('',(#1606));
#471=EDGE_LOOP('',(#1607));
#472=EDGE_LOOP('',(#1608,#1609,#1610,#1611));
#473=EDGE_LOOP('',(#1612));
#474=EDGE_LOOP('',(#1613,#1614));
#475=EDGE_LOOP('',(#1615,#1616,#1617,#1618));
#476=EDGE_LOOP('',(#1619,#1620,#1621,#1622));
#477=EDGE_LOOP('',(#1623));
#478=EDGE_LOOP('',(#1624,#1625));
#479=EDGE_LOOP('',(#1626,#1627,#1628,#1629));
#480=EDGE_LOOP('',(#1630,#1631,#1632,#1633));
#481=EDGE_LOOP('',(#1634,#1635,#1636));
#482=EDGE_LOOP('',(#1637,#1638,#1639,#1640));
#483=EDGE_LOOP('',(#1641,#1642,#1643));
#484=EDGE_LOOP('',(#1644,#1645,#1646,#1647));
#485=EDGE_LOOP('',(#1648,#1649,#1650));
#486=EDGE_LOOP('',(#1651,#1652,#1653));
#487=EDGE_LOOP('',(#1654,#1655,#1656,#1657));
#488=EDGE_LOOP('',(#1658,#1659,#1660,#1661,#1662,#1663));
#489=EDGE_LOOP('',(#1664,#1665,#1666,#1667));
#490=EDGE_LOOP('',(#1668,#1669,#1670,#1671));
#491=EDGE_LOOP('',(#1672,#1673,#1674,#1675));
#492=EDGE_LOOP('',(#1676,#1677,#1678,#1679));
#493=EDGE_LOOP('',(#1680,#1681,#1682,#1683));
#494=EDGE_LOOP('',(#1684,#1685,#1686,#1687));
#495=EDGE_LOOP('',(#1688,#1689,#1690,#1691));
#496=EDGE_LOOP('',(#1692,#1693,#1694,#1695));
#497=EDGE_LOOP('',(#1696,#1697,#1698,#1699));
#498=EDGE_LOOP('',(#1700,#1701,#1702,#1703));
#499=EDGE_LOOP('',(#1704,#1705,#1706,#1707));
#500=EDGE_LOOP('',(#1708,#1709,#1710,#1711));
#501=EDGE_LOOP('',(#1712,#1713,#1714,#1715));
#502=EDGE_LOOP('',(#1716,#1717,#1718,#1719,#1720,#1721));
#503=EDGE_LOOP('',(#1722,#1723,#1724,#1725));
#504=EDGE_LOOP('',(#1726,#1727,#1728,#1729));
#505=LINE('',#2818,#609);
#506=LINE('',#2823,#610);
#507=LINE('',#2825,#611);
#508=LINE('',#2827,#612);
#509=LINE('',#2828,#613);
#510=LINE('',#2831,#614);
#511=LINE('',#2833,#615);
#512=LINE('',#2834,#616);
#513=LINE('',#2837,#617);
#514=LINE('',#2839,#618);
#515=LINE('',#2840,#619);
#516=LINE('',#2842,#620);
#517=LINE('',#2843,#621);
#518=LINE('',#2847,#622);
#519=LINE('',#2849,#623);
#520=LINE('',#2851,#624);
#521=LINE('',#2852,#625);
#522=LINE('',#2856,#626);
#523=LINE('',#2857,#627);
#524=LINE('',#2858,#628);
#525=LINE('',#2861,#629);
#526=LINE('',#2863,#630);
#527=LINE('',#2864,#631);
#528=LINE('',#2866,#632);
#529=LINE('',#2902,#633);
#530=LINE('',#2939,#634);
#531=LINE('',#2941,#635);
#532=LINE('',#2943,#636);
#533=LINE('',#2945,#637);
#534=LINE('',#2947,#638);
#535=LINE('',#2949,#639);
#536=LINE('',#2951,#640);
#537=LINE('',#2953,#641);
#538=LINE('',#2955,#642);
#539=LINE('',#2957,#643);
#540=LINE('',#2959,#644);
#541=LINE('',#2961,#645);
#542=LINE('',#2963,#646);
#543=LINE('',#2965,#647);
#544=LINE('',#2967,#648);
#545=LINE('',#2969,#649);
#546=LINE('',#2971,#650);
#547=LINE('',#2979,#651);
#548=LINE('',#2987,#652);
#549=LINE('',#3094,#653);
#550=LINE('',#3099,#654);
#551=LINE('',#3101,#655);
#552=LINE('',#3103,#656);
#553=LINE('',#3104,#657);
#554=LINE('',#3107,#658);
#555=LINE('',#3109,#659);
#556=LINE('',#3110,#660);
#557=LINE('',#3113,#661);
#558=LINE('',#3115,#662);
#559=LINE('',#3116,#663);
#560=LINE('',#3118,#664);
#561=LINE('',#3119,#665);
#562=LINE('',#3142,#666);
#563=LINE('',#3149,#667);
#564=LINE('',#3156,#668);
#565=LINE('',#3166,#669);
#566=LINE('',#3171,#670);
#567=LINE('',#3181,#671);
#568=LINE('',#3188,#672);
#569=LINE('',#3194,#673);
#570=LINE('',#3198,#674);
#571=LINE('',#3203,#675);
#572=LINE('',#3207,#676);
#573=LINE('',#3233,#677);
#574=LINE('',#3237,#678);
#575=LINE('',#3241,#679);
#576=LINE('',#3258,#680);
#577=LINE('',#3264,#681);
#578=LINE('',#3270,#682);
#579=LINE('',#3276,#683);
#580=LINE('',#3280,#684);
#581=LINE('',#3285,#685);
#582=LINE('',#3308,#686);
#583=LINE('',#3314,#687);
#584=LINE('',#3318,#688);
#585=LINE('',#3328,#689);
#586=LINE('',#3335,#690);
#587=LINE('',#3341,#691);
#588=LINE('',#3349,#692);
#589=LINE('',#3355,#693);
#590=LINE('',#3362,#694);
#591=LINE('',#3366,#695);
#592=LINE('',#3376,#696);
#593=LINE('',#3588,#697);
#594=LINE('',#3591,#698);
#595=LINE('',#3594,#699);
#596=LINE('',#3598,#700);
#597=LINE('',#3602,#701);
#598=LINE('',#3606,#702);
#599=LINE('',#3607,#703);
#600=LINE('',#3739,#704);
#601=LINE('',#3742,#705);
#602=LINE('',#3752,#706);
#603=LINE('',#3753,#707);
#604=LINE('',#3754,#708);
#605=LINE('',#3759,#709);
#606=LINE('',#3766,#710);
#607=LINE('',#3768,#711);
#608=LINE('',#3769,#712);
#609=VECTOR('',#2216,3.94161442088881);
#610=VECTOR('',#2221,10.);
#611=VECTOR('',#2222,10.);
#612=VECTOR('',#2223,10.);
#613=VECTOR('',#2224,10.);
#614=VECTOR('',#2227,10.);
#615=VECTOR('',#2228,10.);
#616=VECTOR('',#2229,10.);
#617=VECTOR('',#2232,10.);
#618=VECTOR('',#2233,10.);
#619=VECTOR('',#2234,10.);
#620=VECTOR('',#2237,10.);
#621=VECTOR('',#2238,10.);
#622=VECTOR('',#2241,1.);
#623=VECTOR('',#2242,1.);
#624=VECTOR('',#2243,1.);
#625=VECTOR('',#2244,1.);
#626=VECTOR('',#2247,1.);
#627=VECTOR('',#2248,1.);
#628=VECTOR('',#2249,1.);
#629=VECTOR('',#2252,1.);
#630=VECTOR('',#2253,1.);
#631=VECTOR('',#2254,1.);
#632=VECTOR('',#2257,1.);
#633=VECTOR('',#2294,1.);
#634=VECTOR('',#2333,0.4445);
#635=VECTOR('',#2336,0.4445);
#636=VECTOR('',#2339,0.4445);
#637=VECTOR('',#2342,0.4445);
#638=VECTOR('',#2345,0.4445);
#639=VECTOR('',#2348,0.4445);
#640=VECTOR('',#2351,0.4445);
#641=VECTOR('',#2354,0.4445);
#642=VECTOR('',#2357,0.4445);
#643=VECTOR('',#2360,0.4445);
#644=VECTOR('',#2363,0.4445);
#645=VECTOR('',#2366,0.4445);
#646=VECTOR('',#2369,0.4445);
#647=VECTOR('',#2372,0.4445);
#648=VECTOR('',#2375,0.5);
#649=VECTOR('',#2378,0.5);
#650=VECTOR('',#2381,0.575);
#651=VECTOR('',#2392,2.5);
#652=VECTOR('',#2403,2.5);
#653=VECTOR('',#2412,3.94161442088881);
#654=VECTOR('',#2417,10.);
#655=VECTOR('',#2418,10.);
#656=VECTOR('',#2419,10.);
#657=VECTOR('',#2420,10.);
#658=VECTOR('',#2423,10.);
#659=VECTOR('',#2424,10.);
#660=VECTOR('',#2425,10.);
#661=VECTOR('',#2428,10.);
#662=VECTOR('',#2429,10.);
#663=VECTOR('',#2430,10.);
#664=VECTOR('',#2433,10.);
#665=VECTOR('',#2434,10.);
#666=VECTOR('',#2439,80.0810667290815);
#667=VECTOR('',#2448,2.5);
#668=VECTOR('',#2457,2.5);
#669=VECTOR('',#2472,2.5);
#670=VECTOR('',#2477,2.5);
#671=VECTOR('',#2492,2.5);
#672=VECTOR('',#2501,2.5);
#673=VECTOR('',#2508,10.);
#674=VECTOR('',#2511,10.);
#675=VECTOR('',#2516,10.);
#676=VECTOR('',#2519,10.);
#677=VECTOR('',#2530,10.);
#678=VECTOR('',#2533,10.);
#679=VECTOR('',#2536,77.4867736613055);
#680=VECTOR('',#2559,3.00015);
#681=VECTOR('',#2566,3.00015);
#682=VECTOR('',#2573,3.00015);
#683=VECTOR('',#2580,3.00015);
#684=VECTOR('',#2585,10.);
#685=VECTOR('',#2592,10.);
#686=VECTOR('',#2599,80.1692581722986);
#687=VECTOR('',#2606,10.);
#688=VECTOR('',#2609,10.);
#689=VECTOR('',#2624,4.49999999999999);
#690=VECTOR('',#2633,2.5);
#691=VECTOR('',#2640,4.49999999999999);
#692=VECTOR('',#2651,3.00015);
#693=VECTOR('',#2658,4.49999999999999);
#694=VECTOR('',#2667,10.);
#695=VECTOR('',#2670,10.);
#696=VECTOR('',#2685,4.49999999999999);
#697=VECTOR('',#2724,0.25);
#698=VECTOR('',#2727,0.25);
#699=VECTOR('',#2730,10.);
#700=VECTOR('',#2733,10.);
#701=VECTOR('',#2738,10.);
#702=VECTOR('',#2743,0.25);
#703=VECTOR('',#2744,10.);
#704=VECTOR('',#2757,10.);
#705=VECTOR('',#2760,10.);
#706=VECTOR('',#2771,10.);
#707=VECTOR('',#2772,10.);
#708=VECTOR('',#2773,10.);
#709=VECTOR('',#2782,10.);
#710=VECTOR('',#2795,10.);
#711=VECTOR('',#2798,0.25);
#712=VECTOR('',#2799,10.);
#713=CIRCLE('',#1961,3.94161442088881);
#714=CIRCLE('',#1962,3.94161442088881);
#715=CIRCLE('',#1971,0.4445);
#716=CIRCLE('',#1972,0.4445);
#717=CIRCLE('',#1973,0.4445);
#718=CIRCLE('',#1974,0.4445);
#719=CIRCLE('',#1975,0.4445);
#720=CIRCLE('',#1976,0.4445);
#721=CIRCLE('',#1977,0.4445);
#722=CIRCLE('',#1978,0.4445);
#723=CIRCLE('',#1979,0.4445);
#724=CIRCLE('',#1980,0.4445);
#725=CIRCLE('',#1981,0.4445);
#726=CIRCLE('',#1982,0.4445);
#727=CIRCLE('',#1983,0.4445);
#728=CIRCLE('',#1984,0.4445);
#729=CIRCLE('',#1985,0.5);
#730=CIRCLE('',#1986,0.5);
#731=CIRCLE('',#1987,0.575);
#732=CIRCLE('',#1989,0.4445);
#733=CIRCLE('',#1990,0.4445);
#734=CIRCLE('',#1991,0.4445);
#735=CIRCLE('',#1992,0.4445);
#736=CIRCLE('',#1993,0.4445);
#737=CIRCLE('',#1994,0.4445);
#738=CIRCLE('',#1995,0.4445);
#739=CIRCLE('',#1996,0.4445);
#740=CIRCLE('',#1997,0.4445);
#741=CIRCLE('',#1998,0.4445);
#742=CIRCLE('',#1999,0.4445);
#743=CIRCLE('',#2000,0.4445);
#744=CIRCLE('',#2001,0.4445);
#745=CIRCLE('',#2002,0.4445);
#746=CIRCLE('',#2003,0.5);
#747=CIRCLE('',#2004,0.5);
#748=CIRCLE('',#2005,0.575);
#749=CIRCLE('',#2028,1.5);
#750=CIRCLE('',#2029,1.5);
#751=CIRCLE('',#2033,2.5);
#752=CIRCLE('',#2034,2.5);
#753=CIRCLE('',#2037,3.94161442088881);
#754=CIRCLE('',#2038,3.94161442088881);
#755=CIRCLE('',#2048,2.5);
#756=CIRCLE('',#2049,2.5);
#757=CIRCLE('',#2052,2.5);
#758=CIRCLE('',#2053,2.5);
#759=CIRCLE('',#2056,2.5);
#760=CIRCLE('',#2058,2.5);
#761=CIRCLE('',#2061,1.5);
#762=CIRCLE('',#2062,1.5);
#763=CIRCLE('',#2066,1.5);
#764=CIRCLE('',#2068,1.5);
#765=CIRCLE('',#2071,1.5);
#766=CIRCLE('',#2073,1.5);
#767=CIRCLE('',#2076,2.41867736053067);
#768=CIRCLE('',#2077,2.41867736053067);
#769=CIRCLE('',#2079,2.41867736053067);
#770=CIRCLE('',#2080,2.41867736053067);
#771=CIRCLE('',#2091,3.00000004470348);
#772=CIRCLE('',#2093,3.00000004470348);
#773=CIRCLE('',#2097,3.00015);
#774=CIRCLE('',#2098,3.00015);
#775=CIRCLE('',#2100,3.00015);
#776=CIRCLE('',#2101,3.00015);
#777=CIRCLE('',#2103,3.00015);
#778=CIRCLE('',#2104,3.00015);
#779=CIRCLE('',#2106,3.00015);
#780=CIRCLE('',#2107,3.00015);
#781=CIRCLE('',#2109,3.00000004470348);
#782=CIRCLE('',#2111,3.00000004470348);
#783=CIRCLE('',#2118,3.00015);
#784=CIRCLE('',#2119,3.00015);
#785=CIRCLE('',#2121,4.49999999999999);
#786=CIRCLE('',#2122,3.);
#787=CIRCLE('',#2124,3.);
#788=CIRCLE('',#2126,4.49999999999999);
#789=CIRCLE('',#2129,3.);
#790=CIRCLE('',#2130,3.);
#791=CIRCLE('',#2132,4.49999999999999);
#792=CIRCLE('',#2133,4.49999999999999);
#793=CIRCLE('',#2137,3.00015);
#794=CIRCLE('',#2138,3.00015);
#795=CIRCLE('',#2140,4.49999999999999);
#796=CIRCLE('',#2141,4.49999999999999);
#797=CIRCLE('',#2145,3.00015);
#798=CIRCLE('',#2146,3.00015);
#799=CIRCLE('',#2148,4.49999999999999);
#800=CIRCLE('',#2149,3.);
#801=CIRCLE('',#2151,3.);
#802=CIRCLE('',#2153,4.49999999999999);
#803=CIRCLE('',#2155,0.249999999999998);
#804=CIRCLE('',#2156,0.250000000000008);
#805=CIRCLE('',#2157,0.249999999999999);
#806=CIRCLE('',#2158,0.25);
#807=CIRCLE('',#2160,0.250000000000002);
#808=CIRCLE('',#2161,0.249999999999996);
#809=CIRCLE('',#2162,0.250000000000007);
#810=CIRCLE('',#2164,0.249999999999994);
#811=CIRCLE('',#2165,0.250000000000005);
#812=CIRCLE('',#2166,0.250000000000001);
#813=CIRCLE('',#2168,0.250000000000006);
#814=CIRCLE('',#2170,0.250000000000007);
#815=CIRCLE('',#2172,0.250000000000007);
#816=CIRCLE('',#2174,0.75);
#817=CIRCLE('',#2175,0.75);
#818=CIRCLE('',#2177,0.250000000000007);
#819=CIRCLE('',#2180,0.249999999999997);
#820=CIRCLE('',#2181,0.75);
#821=CIRCLE('',#2182,0.249999999999989);
#822=CIRCLE('',#2183,1.);
#823=CIRCLE('',#2185,0.249999999999989);
#824=CIRCLE('',#2187,0.75);
#825=CIRCLE('',#2188,0.25);
#826=CIRCLE('',#2189,1.);
#827=CIRCLE('',#2192,1.);
#828=CIRCLE('',#2194,1.);
#829=CIRCLE('',#2196,0.249999999999989);
#830=CIRCLE('',#2198,0.250000000000007);
#831=VERTEX_POINT('',#2815);
#832=VERTEX_POINT('',#2817);
#833=VERTEX_POINT('',#2821);
#834=VERTEX_POINT('',#2822);
#835=VERTEX_POINT('',#2824);
#836=VERTEX_POINT('',#2826);
#837=VERTEX_POINT('',#2830);
#838=VERTEX_POINT('',#2832);
#839=VERTEX_POINT('',#2836);
#840=VERTEX_POINT('',#2838);
#841=VERTEX_POINT('',#2845);
#842=VERTEX_POINT('',#2846);
#843=VERTEX_POINT('',#2848);
#844=VERTEX_POINT('',#2850);
#845=VERTEX_POINT('',#2854);
#846=VERTEX_POINT('',#2855);
#847=VERTEX_POINT('',#2860);
#848=VERTEX_POINT('',#2862);
#849=VERTEX_POINT('',#2867);
#850=VERTEX_POINT('',#2869);
#851=VERTEX_POINT('',#2871);
#852=VERTEX_POINT('',#2873);
#853=VERTEX_POINT('',#2875);
#854=VERTEX_POINT('',#2877);
#855=VERTEX_POINT('',#2879);
#856=VERTEX_POINT('',#2881);
#857=VERTEX_POINT('',#2883);
#858=VERTEX_POINT('',#2885);
#859=VERTEX_POINT('',#2887);
#860=VERTEX_POINT('',#2889);
#861=VERTEX_POINT('',#2891);
#862=VERTEX_POINT('',#2893);
#863=VERTEX_POINT('',#2895);
#864=VERTEX_POINT('',#2897);
#865=VERTEX_POINT('',#2899);
#866=VERTEX_POINT('',#2903);
#867=VERTEX_POINT('',#2905);
#868=VERTEX_POINT('',#2907);
#869=VERTEX_POINT('',#2909);
#870=VERTEX_POINT('',#2911);
#871=VERTEX_POINT('',#2913);
#872=VERTEX_POINT('',#2915);
#873=VERTEX_POINT('',#2917);
#874=VERTEX_POINT('',#2919);
#875=VERTEX_POINT('',#2921);
#876=VERTEX_POINT('',#2923);
#877=VERTEX_POINT('',#2925);
#878=VERTEX_POINT('',#2927);
#879=VERTEX_POINT('',#2929);
#880=VERTEX_POINT('',#2931);
#881=VERTEX_POINT('',#2933);
#882=VERTEX_POINT('',#2935);
#883=VERTEX_POINT('',#2976);
#884=VERTEX_POINT('',#2978);
#885=VERTEX_POINT('',#2984);
#886=VERTEX_POINT('',#2986);
#887=VERTEX_POINT('',#3038);
#888=VERTEX_POINT('',#3063);
#889=VERTEX_POINT('',#3091);
#890=VERTEX_POINT('',#3093);
#891=VERTEX_POINT('',#3097);
#892=VERTEX_POINT('',#3098);
#893=VERTEX_POINT('',#3100);
#894=VERTEX_POINT('',#3102);
#895=VERTEX_POINT('',#3106);
#896=VERTEX_POINT('',#3108);
#897=VERTEX_POINT('',#3112);
#898=VERTEX_POINT('',#3114);
#899=VERTEX_POINT('',#3121);
#900=VERTEX_POINT('',#3141);
#901=VERTEX_POINT('',#3146);
#902=VERTEX_POINT('',#3148);
#903=VERTEX_POINT('',#3153);
#904=VERTEX_POINT('',#3155);
#905=VERTEX_POINT('',#3160);
#906=VERTEX_POINT('',#3163);
#907=VERTEX_POINT('',#3168);
#908=VERTEX_POINT('',#3170);
#909=VERTEX_POINT('',#3176);
#910=VERTEX_POINT('',#3179);
#911=VERTEX_POINT('',#3184);
#912=VERTEX_POINT('',#3187);
#913=VERTEX_POINT('',#3192);
#914=VERTEX_POINT('',#3193);
#915=VERTEX_POINT('',#3195);
#916=VERTEX_POINT('',#3197);
#917=VERTEX_POINT('',#3201);
#918=VERTEX_POINT('',#3202);
#919=VERTEX_POINT('',#3204);
#920=VERTEX_POINT('',#3206);
#921=VERTEX_POINT('',#3230);
#922=VERTEX_POINT('',#3232);
#923=VERTEX_POINT('',#3234);
#924=VERTEX_POINT('',#3236);
#925=VERTEX_POINT('',#3238);
#926=VERTEX_POINT('',#3240);
#927=VERTEX_POINT('',#3245);
#928=VERTEX_POINT('',#3249);
#929=VERTEX_POINT('',#3251);
#930=VERTEX_POINT('',#3255);
#931=VERTEX_POINT('',#3257);
#932=VERTEX_POINT('',#3261);
#933=VERTEX_POINT('',#3263);
#934=VERTEX_POINT('',#3267);
#935=VERTEX_POINT('',#3269);
#936=VERTEX_POINT('',#3273);
#937=VERTEX_POINT('',#3275);
#938=VERTEX_POINT('',#3279);
#939=VERTEX_POINT('',#3283);
#940=VERTEX_POINT('',#3306);
#941=VERTEX_POINT('',#3312);
#942=VERTEX_POINT('',#3313);
#943=VERTEX_POINT('',#3315);
#944=VERTEX_POINT('',#3317);
#945=VERTEX_POINT('',#3321);
#946=VERTEX_POINT('',#3327);
#947=VERTEX_POINT('',#3332);
#948=VERTEX_POINT('',#3334);
#949=VERTEX_POINT('',#3338);
#950=VERTEX_POINT('',#3340);
#951=VERTEX_POINT('',#3346);
#952=VERTEX_POINT('',#3348);
#953=VERTEX_POINT('',#3352);
#954=VERTEX_POINT('',#3354);
#955=VERTEX_POINT('',#3360);
#956=VERTEX_POINT('',#3361);
#957=VERTEX_POINT('',#3363);
#958=VERTEX_POINT('',#3365);
#959=VERTEX_POINT('',#3369);
#960=VERTEX_POINT('',#3375);
#961=VERTEX_POINT('',#3424);
#962=VERTEX_POINT('',#3425);
#963=VERTEX_POINT('',#3427);
#964=VERTEX_POINT('',#3437);
#965=VERTEX_POINT('',#3472);
#966=VERTEX_POINT('',#3473);
#967=VERTEX_POINT('',#3475);
#968=VERTEX_POINT('',#3527);
#969=VERTEX_POINT('',#3528);
#970=VERTEX_POINT('',#3530);
#971=VERTEX_POINT('',#3570);
#972=VERTEX_POINT('',#3572);
#973=VERTEX_POINT('',#3587);
#974=VERTEX_POINT('',#3589);
#975=VERTEX_POINT('',#3593);
#976=VERTEX_POINT('',#3595);
#977=VERTEX_POINT('',#3597);
#978=VERTEX_POINT('',#3601);
#979=VERTEX_POINT('',#3605);
#980=VERTEX_POINT('',#3730);
#981=VERTEX_POINT('',#3732);
#982=VERTEX_POINT('',#3734);
#983=VERTEX_POINT('',#3738);
#984=VERTEX_POINT('',#3740);
#985=VERTEX_POINT('',#3744);
#986=VERTEX_POINT('',#3746);
#987=VERTEX_POINT('',#3750);
#988=VERTEX_POINT('',#3751);
#989=EDGE_CURVE('',#831,#831,#713,.T.);
#990=EDGE_CURVE('',#831,#832,#505,.T.);
#991=EDGE_CURVE('',#832,#832,#714,.T.);
#992=EDGE_CURVE('',#833,#834,#506,.T.);
#993=EDGE_CURVE('',#835,#833,#507,.T.);
#994=EDGE_CURVE('',#836,#835,#508,.T.);
#995=EDGE_CURVE('',#836,#834,#509,.T.);
#996=EDGE_CURVE('',#834,#837,#510,.T.);
#997=EDGE_CURVE('',#838,#836,#511,.T.);
#998=EDGE_CURVE('',#838,#837,#512,.T.);
#999=EDGE_CURVE('',#837,#839,#513,.T.);
#1000=EDGE_CURVE('',#840,#838,#514,.T.);
#1001=EDGE_CURVE('',#840,#839,#515,.T.);
#1002=EDGE_CURVE('',#839,#833,#516,.T.);
#1003=EDGE_CURVE('',#835,#840,#517,.T.);
#1004=EDGE_CURVE('',#841,#842,#518,.T.);
#1005=EDGE_CURVE('',#842,#843,#519,.T.);
#1006=EDGE_CURVE('',#844,#843,#520,.T.);
#1007=EDGE_CURVE('',#841,#844,#521,.T.);
#1008=EDGE_CURVE('',#845,#846,#522,.T.);
#1009=EDGE_CURVE('',#846,#842,#523,.T.);
#1010=EDGE_CURVE('',#845,#841,#524,.T.);
#1011=EDGE_CURVE('',#843,#847,#525,.T.);
#1012=EDGE_CURVE('',#848,#847,#526,.T.);
#1013=EDGE_CURVE('',#844,#848,#527,.T.);
#1014=EDGE_CURVE('',#848,#845,#528,.T.);
#1015=EDGE_CURVE('',#849,#849,#715,.T.);
#1016=EDGE_CURVE('',#850,#850,#716,.T.);
#1017=EDGE_CURVE('',#851,#851,#717,.T.);
#1018=EDGE_CURVE('',#852,#852,#718,.T.);
#1019=EDGE_CURVE('',#853,#853,#719,.T.);
#1020=EDGE_CURVE('',#854,#854,#720,.T.);
#1021=EDGE_CURVE('',#855,#855,#721,.T.);
#1022=EDGE_CURVE('',#856,#856,#722,.T.);
#1023=EDGE_CURVE('',#857,#857,#723,.T.);
#1024=EDGE_CURVE('',#858,#858,#724,.T.);
#1025=EDGE_CURVE('',#859,#859,#725,.T.);
#1026=EDGE_CURVE('',#860,#860,#726,.T.);
#1027=EDGE_CURVE('',#861,#861,#727,.T.);
#1028=EDGE_CURVE('',#862,#862,#728,.T.);
#1029=EDGE_CURVE('',#863,#863,#729,.T.);
#1030=EDGE_CURVE('',#864,#864,#730,.T.);
#1031=EDGE_CURVE('',#865,#865,#731,.T.);
#1032=EDGE_CURVE('',#847,#846,#529,.T.);
#1033=EDGE_CURVE('',#866,#866,#732,.T.);
#1034=EDGE_CURVE('',#867,#867,#733,.T.);
#1035=EDGE_CURVE('',#868,#868,#734,.T.);
#1036=EDGE_CURVE('',#869,#869,#735,.T.);
#1037=EDGE_CURVE('',#870,#870,#736,.T.);
#1038=EDGE_CURVE('',#871,#871,#737,.T.);
#1039=EDGE_CURVE('',#872,#872,#738,.T.);
#1040=EDGE_CURVE('',#873,#873,#739,.T.);
#1041=EDGE_CURVE('',#874,#874,#740,.T.);
#1042=EDGE_CURVE('',#875,#875,#741,.T.);
#1043=EDGE_CURVE('',#876,#876,#742,.T.);
#1044=EDGE_CURVE('',#877,#877,#743,.T.);
#1045=EDGE_CURVE('',#878,#878,#744,.T.);
#1046=EDGE_CURVE('',#879,#879,#745,.T.);
#1047=EDGE_CURVE('',#880,#880,#746,.T.);
#1048=EDGE_CURVE('',#881,#881,#747,.T.);
#1049=EDGE_CURVE('',#882,#882,#748,.T.);
#1050=EDGE_CURVE('',#866,#849,#530,.T.);
#1051=EDGE_CURVE('',#867,#850,#531,.T.);
#1052=EDGE_CURVE('',#868,#851,#532,.T.);
#1053=EDGE_CURVE('',#869,#852,#533,.T.);
#1054=EDGE_CURVE('',#870,#853,#534,.T.);
#1055=EDGE_CURVE('',#871,#854,#535,.T.);
#1056=EDGE_CURVE('',#872,#855,#536,.T.);
#1057=EDGE_CURVE('',#873,#856,#537,.T.);
#1058=EDGE_CURVE('',#874,#857,#538,.T.);
#1059=EDGE_CURVE('',#875,#858,#539,.T.);
#1060=EDGE_CURVE('',#876,#859,#540,.T.);
#1061=EDGE_CURVE('',#877,#860,#541,.T.);
#1062=EDGE_CURVE('',#878,#861,#542,.T.);
#1063=EDGE_CURVE('',#879,#862,#543,.T.);
#1064=EDGE_CURVE('',#880,#863,#544,.T.);
#1065=EDGE_CURVE('',#881,#864,#545,.T.);
#1066=EDGE_CURVE('',#882,#865,#546,.T.);
#1067=EDGE_CURVE('',#883,#883,#749,.F.);
#1068=EDGE_CURVE('',#883,#884,#547,.T.);
#1069=EDGE_CURVE('',#884,#884,#750,.T.);
#1070=EDGE_CURVE('',#885,#885,#751,.T.);
#1071=EDGE_CURVE('',#885,#886,#548,.T.);
#1072=EDGE_CURVE('',#886,#886,#752,.T.);
#1073=EDGE_CURVE('',#887,#887,#52,.T.);
#1074=EDGE_CURVE('',#887,#888,#53,.T.);
#1075=EDGE_CURVE('',#888,#888,#54,.F.);
#1076=EDGE_CURVE('',#889,#889,#753,.T.);
#1077=EDGE_CURVE('',#889,#890,#549,.T.);
#1078=EDGE_CURVE('',#890,#890,#754,.T.);
#1079=EDGE_CURVE('',#891,#892,#550,.T.);
#1080=EDGE_CURVE('',#893,#891,#551,.T.);
#1081=EDGE_CURVE('',#893,#894,#552,.T.);
#1082=EDGE_CURVE('',#892,#894,#553,.T.);
#1083=EDGE_CURVE('',#895,#893,#554,.T.);
#1084=EDGE_CURVE('',#895,#896,#555,.T.);
#1085=EDGE_CURVE('',#894,#896,#556,.T.);
#1086=EDGE_CURVE('',#897,#895,#557,.T.);
#1087=EDGE_CURVE('',#897,#898,#558,.T.);
#1088=EDGE_CURVE('',#896,#898,#559,.T.);
#1089=EDGE_CURVE('',#891,#897,#560,.T.);
#1090=EDGE_CURVE('',#898,#892,#561,.T.);
#1091=EDGE_CURVE('',#899,#899,#38,.T.);
#1092=EDGE_CURVE('',#899,#900,#562,.T.);
#1093=EDGE_CURVE('',#900,#900,#39,.T.);
#1094=EDGE_CURVE('',#901,#901,#755,.T.);
#1095=EDGE_CURVE('',#901,#902,#563,.T.);
#1096=EDGE_CURVE('',#902,#902,#756,.T.);
#1097=EDGE_CURVE('',#903,#903,#757,.T.);
#1098=EDGE_CURVE('',#903,#904,#564,.T.);
#1099=EDGE_CURVE('',#904,#904,#758,.T.);
#1100=EDGE_CURVE('',#905,#905,#759,.T.);
#1101=EDGE_CURVE('',#906,#906,#760,.T.);
#1102=EDGE_CURVE('',#905,#906,#565,.T.);
#1103=EDGE_CURVE('',#907,#907,#761,.F.);
#1104=EDGE_CURVE('',#907,#908,#566,.T.);
#1105=EDGE_CURVE('',#908,#908,#762,.T.);
#1106=EDGE_CURVE('',#909,#909,#763,.T.);
#1107=EDGE_CURVE('',#910,#910,#764,.F.);
#1108=EDGE_CURVE('',#910,#909,#567,.T.);
#1109=EDGE_CURVE('',#911,#911,#765,.F.);
#1110=EDGE_CURVE('',#911,#912,#568,.T.);
#1111=EDGE_CURVE('',#912,#912,#766,.T.);
#1112=EDGE_CURVE('',#913,#914,#569,.T.);
#1113=EDGE_CURVE('',#915,#913,#767,.T.);
#1114=EDGE_CURVE('',#916,#915,#570,.T.);
#1115=EDGE_CURVE('',#916,#914,#768,.T.);
#1116=EDGE_CURVE('',#917,#918,#571,.T.);
#1117=EDGE_CURVE('',#917,#919,#769,.T.);
#1118=EDGE_CURVE('',#920,#919,#572,.T.);
#1119=EDGE_CURVE('',#918,#920,#770,.T.);
#1120=EDGE_CURVE('',#914,#917,#40,.T.);
#1121=EDGE_CURVE('',#919,#916,#41,.T.);
#1122=EDGE_CURVE('',#921,#915,#42,.T.);
#1123=EDGE_CURVE('',#921,#922,#573,.T.);
#1124=EDGE_CURVE('',#922,#923,#43,.T.);
#1125=EDGE_CURVE('',#923,#924,#574,.T.);
#1126=EDGE_CURVE('',#925,#924,#44,.T.);
#1127=EDGE_CURVE('',#925,#926,#575,.T.);
#1128=EDGE_CURVE('',#926,#926,#45,.T.);
#1129=EDGE_CURVE('',#920,#925,#46,.T.);
#1130=EDGE_CURVE('',#913,#927,#47,.T.);
#1131=EDGE_CURVE('',#927,#921,#771,.T.);
#1132=EDGE_CURVE('',#924,#928,#772,.T.);
#1133=EDGE_CURVE('',#928,#929,#48,.T.);
#1134=EDGE_CURVE('',#929,#918,#49,.T.);
#1135=EDGE_CURVE('',#930,#930,#773,.T.);
#1136=EDGE_CURVE('',#930,#931,#576,.T.);
#1137=EDGE_CURVE('',#931,#931,#774,.T.);
#1138=EDGE_CURVE('',#932,#932,#775,.T.);
#1139=EDGE_CURVE('',#932,#933,#577,.T.);
#1140=EDGE_CURVE('',#933,#933,#776,.T.);
#1141=EDGE_CURVE('',#934,#934,#777,.T.);
#1142=EDGE_CURVE('',#934,#935,#578,.T.);
#1143=EDGE_CURVE('',#935,#935,#778,.T.);
#1144=EDGE_CURVE('',#936,#936,#779,.T.);
#1145=EDGE_CURVE('',#936,#937,#579,.T.);
#1146=EDGE_CURVE('',#937,#937,#780,.T.);
#1147=EDGE_CURVE('',#938,#927,#580,.T.);
#1148=EDGE_CURVE('',#938,#922,#781,.T.);
#1149=EDGE_CURVE('',#923,#939,#782,.T.);
#1150=EDGE_CURVE('',#928,#939,#581,.T.);
#1151=EDGE_CURVE('',#939,#938,#50,.T.);
#1152=EDGE_CURVE('',#940,#940,#51,.T.);
#1153=EDGE_CURVE('',#940,#929,#582,.T.);
#1154=EDGE_CURVE('',#941,#942,#583,.T.);
#1155=EDGE_CURVE('',#943,#941,#783,.T.);
#1156=EDGE_CURVE('',#944,#943,#584,.T.);
#1157=EDGE_CURVE('',#942,#944,#784,.T.);
#1158=EDGE_CURVE('',#945,#945,#785,.T.);
#1159=EDGE_CURVE('',#941,#943,#786,.T.);
#1160=EDGE_CURVE('',#944,#942,#787,.T.);
#1161=EDGE_CURVE('',#945,#946,#585,.T.);
#1162=EDGE_CURVE('',#946,#946,#788,.T.);
#1163=EDGE_CURVE('',#947,#947,#789,.T.);
#1164=EDGE_CURVE('',#947,#948,#586,.T.);
#1165=EDGE_CURVE('',#948,#948,#790,.T.);
#1166=EDGE_CURVE('',#949,#949,#791,.T.);
#1167=EDGE_CURVE('',#949,#950,#587,.T.);
#1168=EDGE_CURVE('',#950,#950,#792,.T.);
#1169=EDGE_CURVE('',#951,#951,#793,.T.);
#1170=EDGE_CURVE('',#951,#952,#588,.T.);
#1171=EDGE_CURVE('',#952,#952,#794,.T.);
#1172=EDGE_CURVE('',#953,#953,#795,.T.);
#1173=EDGE_CURVE('',#953,#954,#589,.T.);
#1174=EDGE_CURVE('',#954,#954,#796,.T.);
#1175=EDGE_CURVE('',#955,#956,#590,.T.);
#1176=EDGE_CURVE('',#957,#955,#797,.T.);
#1177=EDGE_CURVE('',#958,#957,#591,.T.);
#1178=EDGE_CURVE('',#956,#958,#798,.T.);
#1179=EDGE_CURVE('',#959,#959,#799,.T.);
#1180=EDGE_CURVE('',#955,#957,#800,.T.);
#1181=EDGE_CURVE('',#958,#956,#801,.T.);
#1182=EDGE_CURVE('',#959,#960,#592,.T.);
#1183=EDGE_CURVE('',#960,#960,#802,.T.);
#1184=EDGE_CURVE('',#961,#962,#803,.T.);
#1185=EDGE_CURVE('',#962,#963,#55,.T.);
#1186=EDGE_CURVE('',#963,#964,#804,.T.);
#1187=EDGE_CURVE('',#964,#961,#56,.T.);
#1188=EDGE_CURVE('',#965,#966,#805,.T.);
#1189=EDGE_CURVE('',#966,#967,#57,.T.);
#1190=EDGE_CURVE('',#967,#961,#806,.T.);
#1191=EDGE_CURVE('',#961,#965,#58,.T.);
#1192=EDGE_CURVE('',#967,#962,#807,.T.);
#1193=EDGE_CURVE('',#968,#969,#808,.T.);
#1194=EDGE_CURVE('',#969,#970,#59,.T.);
#1195=EDGE_CURVE('',#970,#965,#809,.T.);
#1196=EDGE_CURVE('',#965,#968,#60,.T.);
#1197=EDGE_CURVE('',#970,#966,#810,.T.);
#1198=EDGE_CURVE('',#964,#971,#811,.T.);
#1199=EDGE_CURVE('',#971,#972,#61,.T.);
#1200=EDGE_CURVE('',#972,#968,#812,.T.);
#1201=EDGE_CURVE('',#968,#964,#62,.T.);
#1202=EDGE_CURVE('',#972,#969,#813,.T.);
#1203=EDGE_CURVE('',#963,#971,#814,.T.);
#1204=EDGE_CURVE('',#973,#970,#593,.T.);
#1205=EDGE_CURVE('',#973,#974,#815,.T.);
#1206=EDGE_CURVE('',#974,#966,#594,.T.);
#1207=EDGE_CURVE('',#975,#969,#595,.T.);
#1208=EDGE_CURVE('',#976,#975,#816,.T.);
#1209=EDGE_CURVE('',#977,#976,#596,.T.);
#1210=EDGE_CURVE('',#973,#977,#817,.T.);
#1211=EDGE_CURVE('',#972,#978,#597,.T.);
#1212=EDGE_CURVE('',#975,#978,#818,.T.);
#1213=EDGE_CURVE('',#979,#971,#598,.T.);
#1214=EDGE_CURVE('',#978,#979,#599,.T.);
#1215=EDGE_CURVE('',#979,#980,#819,.T.);
#1216=EDGE_CURVE('',#980,#981,#820,.T.);
#1217=EDGE_CURVE('',#982,#981,#821,.T.);
#1218=EDGE_CURVE('',#982,#979,#822,.T.);
#1219=EDGE_CURVE('',#981,#983,#600,.T.);
#1220=EDGE_CURVE('',#984,#983,#823,.T.);
#1221=EDGE_CURVE('',#984,#982,#601,.T.);
#1222=EDGE_CURVE('',#983,#985,#824,.T.);
#1223=EDGE_CURVE('',#986,#985,#825,.T.);
#1224=EDGE_CURVE('',#986,#984,#826,.T.);
#1225=EDGE_CURVE('',#987,#988,#602,.T.);
#1226=EDGE_CURVE('',#982,#987,#603,.T.);
#1227=EDGE_CURVE('',#988,#984,#604,.T.);
#1228=EDGE_CURVE('',#978,#987,#827,.T.);
#1229=EDGE_CURVE('',#988,#974,#828,.T.);
#1230=EDGE_CURVE('',#986,#974,#605,.T.);
#1231=EDGE_CURVE('',#976,#987,#829,.T.);
#1232=EDGE_CURVE('',#977,#988,#830,.T.);
#1233=EDGE_CURVE('',#967,#986,#606,.T.);
#1234=EDGE_CURVE('',#962,#985,#607,.T.);
#1235=EDGE_CURVE('',#963,#980,#608,.T.);
#1236=ORIENTED_EDGE('',*,*,#989,.F.);
#1237=ORIENTED_EDGE('',*,*,#990,.T.);
#1238=ORIENTED_EDGE('',*,*,#991,.F.);
#1239=ORIENTED_EDGE('',*,*,#990,.F.);
#1240=ORIENTED_EDGE('',*,*,#992,.F.);
#1241=ORIENTED_EDGE('',*,*,#993,.F.);
#1242=ORIENTED_EDGE('',*,*,#994,.F.);
#1243=ORIENTED_EDGE('',*,*,#995,.T.);
#1244=ORIENTED_EDGE('',*,*,#996,.F.);
#1245=ORIENTED_EDGE('',*,*,#995,.F.);
#1246=ORIENTED_EDGE('',*,*,#997,.F.);
#1247=ORIENTED_EDGE('',*,*,#998,.T.);
#1248=ORIENTED_EDGE('',*,*,#999,.F.);
#1249=ORIENTED_EDGE('',*,*,#998,.F.);
#1250=ORIENTED_EDGE('',*,*,#1000,.F.);
#1251=ORIENTED_EDGE('',*,*,#1001,.T.);
#1252=ORIENTED_EDGE('',*,*,#1002,.F.);
#1253=ORIENTED_EDGE('',*,*,#1001,.F.);
#1254=ORIENTED_EDGE('',*,*,#1003,.F.);
#1255=ORIENTED_EDGE('',*,*,#993,.T.);
#1256=ORIENTED_EDGE('',*,*,#1004,.T.);
#1257=ORIENTED_EDGE('',*,*,#1005,.T.);
#1258=ORIENTED_EDGE('',*,*,#1006,.F.);
#1259=ORIENTED_EDGE('',*,*,#1007,.F.);
#1260=ORIENTED_EDGE('',*,*,#1008,.T.);
#1261=ORIENTED_EDGE('',*,*,#1009,.T.);
#1262=ORIENTED_EDGE('',*,*,#1004,.F.);
#1263=ORIENTED_EDGE('',*,*,#1010,.F.);
#1264=ORIENTED_EDGE('',*,*,#1006,.T.);
#1265=ORIENTED_EDGE('',*,*,#1011,.T.);
#1266=ORIENTED_EDGE('',*,*,#1012,.F.);
#1267=ORIENTED_EDGE('',*,*,#1013,.F.);
#1268=ORIENTED_EDGE('',*,*,#1007,.T.);
#1269=ORIENTED_EDGE('',*,*,#1013,.T.);
#1270=ORIENTED_EDGE('',*,*,#1014,.T.);
#1271=ORIENTED_EDGE('',*,*,#1010,.T.);
#1272=ORIENTED_EDGE('',*,*,#991,.T.);
#1273=ORIENTED_EDGE('',*,*,#999,.T.);
#1274=ORIENTED_EDGE('',*,*,#1002,.T.);
#1275=ORIENTED_EDGE('',*,*,#992,.T.);
#1276=ORIENTED_EDGE('',*,*,#996,.T.);
#1277=ORIENTED_EDGE('',*,*,#1015,.F.);
#1278=ORIENTED_EDGE('',*,*,#1016,.F.);
#1279=ORIENTED_EDGE('',*,*,#1017,.F.);
#1280=ORIENTED_EDGE('',*,*,#1018,.F.);
#1281=ORIENTED_EDGE('',*,*,#1019,.F.);
#1282=ORIENTED_EDGE('',*,*,#1020,.F.);
#1283=ORIENTED_EDGE('',*,*,#1021,.F.);
#1284=ORIENTED_EDGE('',*,*,#1022,.F.);
#1285=ORIENTED_EDGE('',*,*,#1023,.F.);
#1286=ORIENTED_EDGE('',*,*,#1024,.F.);
#1287=ORIENTED_EDGE('',*,*,#1025,.F.);
#1288=ORIENTED_EDGE('',*,*,#1026,.F.);
#1289=ORIENTED_EDGE('',*,*,#1027,.F.);
#1290=ORIENTED_EDGE('',*,*,#1028,.F.);
#1291=ORIENTED_EDGE('',*,*,#1029,.F.);
#1292=ORIENTED_EDGE('',*,*,#1030,.F.);
#1293=ORIENTED_EDGE('',*,*,#1031,.F.);
#1294=ORIENTED_EDGE('',*,*,#1005,.F.);
#1295=ORIENTED_EDGE('',*,*,#1009,.F.);
#1296=ORIENTED_EDGE('',*,*,#1032,.F.);
#1297=ORIENTED_EDGE('',*,*,#1011,.F.);
#1298=ORIENTED_EDGE('',*,*,#989,.T.);
#1299=ORIENTED_EDGE('',*,*,#1000,.T.);
#1300=ORIENTED_EDGE('',*,*,#997,.T.);
#1301=ORIENTED_EDGE('',*,*,#994,.T.);
#1302=ORIENTED_EDGE('',*,*,#1003,.T.);
#1303=ORIENTED_EDGE('',*,*,#1033,.T.);
#1304=ORIENTED_EDGE('',*,*,#1034,.T.);
#1305=ORIENTED_EDGE('',*,*,#1035,.T.);
#1306=ORIENTED_EDGE('',*,*,#1036,.T.);
#1307=ORIENTED_EDGE('',*,*,#1037,.T.);
#1308=ORIENTED_EDGE('',*,*,#1038,.T.);
#1309=ORIENTED_EDGE('',*,*,#1039,.T.);
#1310=ORIENTED_EDGE('',*,*,#1040,.T.);
#1311=ORIENTED_EDGE('',*,*,#1041,.T.);
#1312=ORIENTED_EDGE('',*,*,#1042,.T.);
#1313=ORIENTED_EDGE('',*,*,#1043,.T.);
#1314=ORIENTED_EDGE('',*,*,#1044,.T.);
#1315=ORIENTED_EDGE('',*,*,#1045,.T.);
#1316=ORIENTED_EDGE('',*,*,#1046,.T.);
#1317=ORIENTED_EDGE('',*,*,#1047,.T.);
#1318=ORIENTED_EDGE('',*,*,#1048,.T.);
#1319=ORIENTED_EDGE('',*,*,#1049,.T.);
#1320=ORIENTED_EDGE('',*,*,#1012,.T.);
#1321=ORIENTED_EDGE('',*,*,#1032,.T.);
#1322=ORIENTED_EDGE('',*,*,#1008,.F.);
#1323=ORIENTED_EDGE('',*,*,#1014,.F.);
#1324=ORIENTED_EDGE('',*,*,#1033,.F.);
#1325=ORIENTED_EDGE('',*,*,#1050,.T.);
#1326=ORIENTED_EDGE('',*,*,#1015,.T.);
#1327=ORIENTED_EDGE('',*,*,#1050,.F.);
#1328=ORIENTED_EDGE('',*,*,#1034,.F.);
#1329=ORIENTED_EDGE('',*,*,#1051,.T.);
#1330=ORIENTED_EDGE('',*,*,#1016,.T.);
#1331=ORIENTED_EDGE('',*,*,#1051,.F.);
#1332=ORIENTED_EDGE('',*,*,#1035,.F.);
#1333=ORIENTED_EDGE('',*,*,#1052,.T.);
#1334=ORIENTED_EDGE('',*,*,#1017,.T.);
#1335=ORIENTED_EDGE('',*,*,#1052,.F.);
#1336=ORIENTED_EDGE('',*,*,#1036,.F.);
#1337=ORIENTED_EDGE('',*,*,#1053,.T.);
#1338=ORIENTED_EDGE('',*,*,#1018,.T.);
#1339=ORIENTED_EDGE('',*,*,#1053,.F.);
#1340=ORIENTED_EDGE('',*,*,#1037,.F.);
#1341=ORIENTED_EDGE('',*,*,#1054,.T.);
#1342=ORIENTED_EDGE('',*,*,#1019,.T.);
#1343=ORIENTED_EDGE('',*,*,#1054,.F.);
#1344=ORIENTED_EDGE('',*,*,#1038,.F.);
#1345=ORIENTED_EDGE('',*,*,#1055,.T.);
#1346=ORIENTED_EDGE('',*,*,#1020,.T.);
#1347=ORIENTED_EDGE('',*,*,#1055,.F.);
#1348=ORIENTED_EDGE('',*,*,#1039,.F.);
#1349=ORIENTED_EDGE('',*,*,#1056,.T.);
#1350=ORIENTED_EDGE('',*,*,#1021,.T.);
#1351=ORIENTED_EDGE('',*,*,#1056,.F.);
#1352=ORIENTED_EDGE('',*,*,#1040,.F.);
#1353=ORIENTED_EDGE('',*,*,#1057,.T.);
#1354=ORIENTED_EDGE('',*,*,#1022,.T.);
#1355=ORIENTED_EDGE('',*,*,#1057,.F.);
#1356=ORIENTED_EDGE('',*,*,#1041,.F.);
#1357=ORIENTED_EDGE('',*,*,#1058,.T.);
#1358=ORIENTED_EDGE('',*,*,#1023,.T.);
#1359=ORIENTED_EDGE('',*,*,#1058,.F.);
#1360=ORIENTED_EDGE('',*,*,#1042,.F.);
#1361=ORIENTED_EDGE('',*,*,#1059,.T.);
#1362=ORIENTED_EDGE('',*,*,#1024,.T.);
#1363=ORIENTED_EDGE('',*,*,#1059,.F.);
#1364=ORIENTED_EDGE('',*,*,#1043,.F.);
#1365=ORIENTED_EDGE('',*,*,#1060,.T.);
#1366=ORIENTED_EDGE('',*,*,#1025,.T.);
#1367=ORIENTED_EDGE('',*,*,#1060,.F.);
#1368=ORIENTED_EDGE('',*,*,#1044,.F.);
#1369=ORIENTED_EDGE('',*,*,#1061,.T.);
#1370=ORIENTED_EDGE('',*,*,#1026,.T.);
#1371=ORIENTED_EDGE('',*,*,#1061,.F.);
#1372=ORIENTED_EDGE('',*,*,#1045,.F.);
#1373=ORIENTED_EDGE('',*,*,#1062,.T.);
#1374=ORIENTED_EDGE('',*,*,#1027,.T.);
#1375=ORIENTED_EDGE('',*,*,#1062,.F.);
#1376=ORIENTED_EDGE('',*,*,#1046,.F.);
#1377=ORIENTED_EDGE('',*,*,#1063,.T.);
#1378=ORIENTED_EDGE('',*,*,#1028,.T.);
#1379=ORIENTED_EDGE('',*,*,#1063,.F.);
#1380=ORIENTED_EDGE('',*,*,#1047,.F.);
#1381=ORIENTED_EDGE('',*,*,#1064,.T.);
#1382=ORIENTED_EDGE('',*,*,#1029,.T.);
#1383=ORIENTED_EDGE('',*,*,#1064,.F.);
#1384=ORIENTED_EDGE('',*,*,#1048,.F.);
#1385=ORIENTED_EDGE('',*,*,#1065,.T.);
#1386=ORIENTED_EDGE('',*,*,#1030,.T.);
#1387=ORIENTED_EDGE('',*,*,#1065,.F.);
#1388=ORIENTED_EDGE('',*,*,#1049,.F.);
#1389=ORIENTED_EDGE('',*,*,#1066,.T.);
#1390=ORIENTED_EDGE('',*,*,#1031,.T.);
#1391=ORIENTED_EDGE('',*,*,#1066,.F.);
#1392=ORIENTED_EDGE('',*,*,#1067,.F.);
#1393=ORIENTED_EDGE('',*,*,#1068,.T.);
#1394=ORIENTED_EDGE('',*,*,#1069,.F.);
#1395=ORIENTED_EDGE('',*,*,#1068,.F.);
#1396=ORIENTED_EDGE('',*,*,#1067,.T.);
#1397=ORIENTED_EDGE('',*,*,#1069,.T.);
#1398=ORIENTED_EDGE('',*,*,#1070,.F.);
#1399=ORIENTED_EDGE('',*,*,#1071,.T.);
#1400=ORIENTED_EDGE('',*,*,#1072,.T.);
#1401=ORIENTED_EDGE('',*,*,#1071,.F.);
#1402=ORIENTED_EDGE('',*,*,#1072,.F.);
#1403=ORIENTED_EDGE('',*,*,#1073,.F.);
#1404=ORIENTED_EDGE('',*,*,#1074,.T.);
#1405=ORIENTED_EDGE('',*,*,#1075,.F.);
#1406=ORIENTED_EDGE('',*,*,#1074,.F.);
#1407=ORIENTED_EDGE('',*,*,#1076,.F.);
#1408=ORIENTED_EDGE('',*,*,#1077,.T.);
#1409=ORIENTED_EDGE('',*,*,#1078,.F.);
#1410=ORIENTED_EDGE('',*,*,#1077,.F.);
#1411=ORIENTED_EDGE('',*,*,#1079,.F.);
#1412=ORIENTED_EDGE('',*,*,#1080,.F.);
#1413=ORIENTED_EDGE('',*,*,#1081,.T.);
#1414=ORIENTED_EDGE('',*,*,#1082,.F.);
#1415=ORIENTED_EDGE('',*,*,#1081,.F.);
#1416=ORIENTED_EDGE('',*,*,#1083,.F.);
#1417=ORIENTED_EDGE('',*,*,#1084,.T.);
#1418=ORIENTED_EDGE('',*,*,#1085,.F.);
#1419=ORIENTED_EDGE('',*,*,#1084,.F.);
#1420=ORIENTED_EDGE('',*,*,#1086,.F.);
#1421=ORIENTED_EDGE('',*,*,#1087,.T.);
#1422=ORIENTED_EDGE('',*,*,#1088,.F.);
#1423=ORIENTED_EDGE('',*,*,#1087,.F.);
#1424=ORIENTED_EDGE('',*,*,#1089,.F.);
#1425=ORIENTED_EDGE('',*,*,#1079,.T.);
#1426=ORIENTED_EDGE('',*,*,#1090,.F.);
#1427=ORIENTED_EDGE('',*,*,#1091,.T.);
#1428=ORIENTED_EDGE('',*,*,#1076,.T.);
#1429=ORIENTED_EDGE('',*,*,#1086,.T.);
#1430=ORIENTED_EDGE('',*,*,#1083,.T.);
#1431=ORIENTED_EDGE('',*,*,#1080,.T.);
#1432=ORIENTED_EDGE('',*,*,#1089,.T.);
#1433=ORIENTED_EDGE('',*,*,#1091,.F.);
#1434=ORIENTED_EDGE('',*,*,#1092,.T.);
#1435=ORIENTED_EDGE('',*,*,#1093,.T.);
#1436=ORIENTED_EDGE('',*,*,#1092,.F.);
#1437=ORIENTED_EDGE('',*,*,#1093,.F.);
#1438=ORIENTED_EDGE('',*,*,#1075,.T.);
#1439=ORIENTED_EDGE('',*,*,#1094,.T.);
#1440=ORIENTED_EDGE('',*,*,#1095,.T.);
#1441=ORIENTED_EDGE('',*,*,#1096,.T.);
#1442=ORIENTED_EDGE('',*,*,#1095,.F.);
#1443=ORIENTED_EDGE('',*,*,#1096,.F.);
#1444=ORIENTED_EDGE('',*,*,#1097,.T.);
#1445=ORIENTED_EDGE('',*,*,#1098,.T.);
#1446=ORIENTED_EDGE('',*,*,#1099,.T.);
#1447=ORIENTED_EDGE('',*,*,#1098,.F.);
#1448=ORIENTED_EDGE('',*,*,#1099,.F.);
#1449=ORIENTED_EDGE('',*,*,#1073,.T.);
#1450=ORIENTED_EDGE('',*,*,#1070,.T.);
#1451=ORIENTED_EDGE('',*,*,#1097,.F.);
#1452=ORIENTED_EDGE('',*,*,#1094,.F.);
#1453=ORIENTED_EDGE('',*,*,#1078,.T.);
#1454=ORIENTED_EDGE('',*,*,#1088,.T.);
#1455=ORIENTED_EDGE('',*,*,#1090,.T.);
#1456=ORIENTED_EDGE('',*,*,#1082,.T.);
#1457=ORIENTED_EDGE('',*,*,#1085,.T.);
#1458=ORIENTED_EDGE('',*,*,#1100,.T.);
#1459=ORIENTED_EDGE('',*,*,#1101,.F.);
#1460=ORIENTED_EDGE('',*,*,#1100,.F.);
#1461=ORIENTED_EDGE('',*,*,#1102,.T.);
#1462=ORIENTED_EDGE('',*,*,#1101,.T.);
#1463=ORIENTED_EDGE('',*,*,#1102,.F.);
#1464=ORIENTED_EDGE('',*,*,#1103,.F.);
#1465=ORIENTED_EDGE('',*,*,#1104,.T.);
#1466=ORIENTED_EDGE('',*,*,#1105,.F.);
#1467=ORIENTED_EDGE('',*,*,#1104,.F.);
#1468=ORIENTED_EDGE('',*,*,#1103,.T.);
#1469=ORIENTED_EDGE('',*,*,#1105,.T.);
#1470=ORIENTED_EDGE('',*,*,#1106,.F.);
#1471=ORIENTED_EDGE('',*,*,#1107,.F.);
#1472=ORIENTED_EDGE('',*,*,#1108,.T.);
#1473=ORIENTED_EDGE('',*,*,#1106,.T.);
#1474=ORIENTED_EDGE('',*,*,#1108,.F.);
#1475=ORIENTED_EDGE('',*,*,#1107,.T.);
#1476=ORIENTED_EDGE('',*,*,#1109,.T.);
#1477=ORIENTED_EDGE('',*,*,#1109,.F.);
#1478=ORIENTED_EDGE('',*,*,#1110,.T.);
#1479=ORIENTED_EDGE('',*,*,#1111,.T.);
#1480=ORIENTED_EDGE('',*,*,#1110,.F.);
#1481=ORIENTED_EDGE('',*,*,#1111,.F.);
#1482=ORIENTED_EDGE('',*,*,#1112,.F.);
#1483=ORIENTED_EDGE('',*,*,#1113,.F.);
#1484=ORIENTED_EDGE('',*,*,#1114,.F.);
#1485=ORIENTED_EDGE('',*,*,#1115,.T.);
#1486=ORIENTED_EDGE('',*,*,#1116,.F.);
#1487=ORIENTED_EDGE('',*,*,#1117,.T.);
#1488=ORIENTED_EDGE('',*,*,#1118,.F.);
#1489=ORIENTED_EDGE('',*,*,#1119,.F.);
#1490=ORIENTED_EDGE('',*,*,#1120,.F.);
#1491=ORIENTED_EDGE('',*,*,#1115,.F.);
#1492=ORIENTED_EDGE('',*,*,#1121,.F.);
#1493=ORIENTED_EDGE('',*,*,#1117,.F.);
#1494=ORIENTED_EDGE('',*,*,#1118,.T.);
#1495=ORIENTED_EDGE('',*,*,#1121,.T.);
#1496=ORIENTED_EDGE('',*,*,#1114,.T.);
#1497=ORIENTED_EDGE('',*,*,#1122,.F.);
#1498=ORIENTED_EDGE('',*,*,#1123,.T.);
#1499=ORIENTED_EDGE('',*,*,#1124,.T.);
#1500=ORIENTED_EDGE('',*,*,#1125,.T.);
#1501=ORIENTED_EDGE('',*,*,#1126,.F.);
#1502=ORIENTED_EDGE('',*,*,#1127,.T.);
#1503=ORIENTED_EDGE('',*,*,#1128,.T.);
#1504=ORIENTED_EDGE('',*,*,#1127,.F.);
#1505=ORIENTED_EDGE('',*,*,#1129,.F.);
#1506=ORIENTED_EDGE('',*,*,#1113,.T.);
#1507=ORIENTED_EDGE('',*,*,#1130,.T.);
#1508=ORIENTED_EDGE('',*,*,#1131,.T.);
#1509=ORIENTED_EDGE('',*,*,#1122,.T.);
#1510=ORIENTED_EDGE('',*,*,#1119,.T.);
#1511=ORIENTED_EDGE('',*,*,#1129,.T.);
#1512=ORIENTED_EDGE('',*,*,#1126,.T.);
#1513=ORIENTED_EDGE('',*,*,#1132,.T.);
#1514=ORIENTED_EDGE('',*,*,#1133,.T.);
#1515=ORIENTED_EDGE('',*,*,#1134,.T.);
#1516=ORIENTED_EDGE('',*,*,#1135,.F.);
#1517=ORIENTED_EDGE('',*,*,#1136,.T.);
#1518=ORIENTED_EDGE('',*,*,#1137,.F.);
#1519=ORIENTED_EDGE('',*,*,#1136,.F.);
#1520=ORIENTED_EDGE('',*,*,#1138,.F.);
#1521=ORIENTED_EDGE('',*,*,#1139,.T.);
#1522=ORIENTED_EDGE('',*,*,#1140,.F.);
#1523=ORIENTED_EDGE('',*,*,#1139,.F.);
#1524=ORIENTED_EDGE('',*,*,#1141,.F.);
#1525=ORIENTED_EDGE('',*,*,#1142,.T.);
#1526=ORIENTED_EDGE('',*,*,#1143,.F.);
#1527=ORIENTED_EDGE('',*,*,#1142,.F.);
#1528=ORIENTED_EDGE('',*,*,#1144,.F.);
#1529=ORIENTED_EDGE('',*,*,#1145,.T.);
#1530=ORIENTED_EDGE('',*,*,#1146,.F.);
#1531=ORIENTED_EDGE('',*,*,#1145,.F.);
#1532=ORIENTED_EDGE('',*,*,#1123,.F.);
#1533=ORIENTED_EDGE('',*,*,#1131,.F.);
#1534=ORIENTED_EDGE('',*,*,#1147,.F.);
#1535=ORIENTED_EDGE('',*,*,#1148,.T.);
#1536=ORIENTED_EDGE('',*,*,#1125,.F.);
#1537=ORIENTED_EDGE('',*,*,#1149,.T.);
#1538=ORIENTED_EDGE('',*,*,#1150,.F.);
#1539=ORIENTED_EDGE('',*,*,#1132,.F.);
#1540=ORIENTED_EDGE('',*,*,#1124,.F.);
#1541=ORIENTED_EDGE('',*,*,#1148,.F.);
#1542=ORIENTED_EDGE('',*,*,#1151,.F.);
#1543=ORIENTED_EDGE('',*,*,#1149,.F.);
#1544=ORIENTED_EDGE('',*,*,#1152,.F.);
#1545=ORIENTED_EDGE('',*,*,#1153,.T.);
#1546=ORIENTED_EDGE('',*,*,#1133,.F.);
#1547=ORIENTED_EDGE('',*,*,#1150,.T.);
#1548=ORIENTED_EDGE('',*,*,#1151,.T.);
#1549=ORIENTED_EDGE('',*,*,#1147,.T.);
#1550=ORIENTED_EDGE('',*,*,#1130,.F.);
#1551=ORIENTED_EDGE('',*,*,#1112,.T.);
#1552=ORIENTED_EDGE('',*,*,#1120,.T.);
#1553=ORIENTED_EDGE('',*,*,#1116,.T.);
#1554=ORIENTED_EDGE('',*,*,#1134,.F.);
#1555=ORIENTED_EDGE('',*,*,#1153,.F.);
#1556=ORIENTED_EDGE('',*,*,#1152,.T.);
#1557=ORIENTED_EDGE('',*,*,#1135,.T.);
#1558=ORIENTED_EDGE('',*,*,#1138,.T.);
#1559=ORIENTED_EDGE('',*,*,#1141,.T.);
#1560=ORIENTED_EDGE('',*,*,#1144,.T.);
#1561=ORIENTED_EDGE('',*,*,#1128,.F.);
#1562=ORIENTED_EDGE('',*,*,#1137,.T.);
#1563=ORIENTED_EDGE('',*,*,#1140,.T.);
#1564=ORIENTED_EDGE('',*,*,#1143,.T.);
#1565=ORIENTED_EDGE('',*,*,#1146,.T.);
#1566=ORIENTED_EDGE('',*,*,#1154,.F.);
#1567=ORIENTED_EDGE('',*,*,#1155,.F.);
#1568=ORIENTED_EDGE('',*,*,#1156,.F.);
#1569=ORIENTED_EDGE('',*,*,#1157,.F.);
#1570=ORIENTED_EDGE('',*,*,#1158,.T.);
#1571=ORIENTED_EDGE('',*,*,#1155,.T.);
#1572=ORIENTED_EDGE('',*,*,#1159,.T.);
#1573=ORIENTED_EDGE('',*,*,#1156,.T.);
#1574=ORIENTED_EDGE('',*,*,#1159,.F.);
#1575=ORIENTED_EDGE('',*,*,#1154,.T.);
#1576=ORIENTED_EDGE('',*,*,#1160,.F.);
#1577=ORIENTED_EDGE('',*,*,#1158,.F.);
#1578=ORIENTED_EDGE('',*,*,#1161,.T.);
#1579=ORIENTED_EDGE('',*,*,#1162,.T.);
#1580=ORIENTED_EDGE('',*,*,#1161,.F.);
#1581=ORIENTED_EDGE('',*,*,#1162,.F.);
#1582=ORIENTED_EDGE('',*,*,#1157,.T.);
#1583=ORIENTED_EDGE('',*,*,#1160,.T.);
#1584=ORIENTED_EDGE('',*,*,#1163,.F.);
#1585=ORIENTED_EDGE('',*,*,#1164,.T.);
#1586=ORIENTED_EDGE('',*,*,#1165,.F.);
#1587=ORIENTED_EDGE('',*,*,#1164,.F.);
#1588=ORIENTED_EDGE('',*,*,#1166,.F.);
#1589=ORIENTED_EDGE('',*,*,#1167,.T.);
#1590=ORIENTED_EDGE('',*,*,#1168,.T.);
#1591=ORIENTED_EDGE('',*,*,#1167,.F.);
#1592=ORIENTED_EDGE('',*,*,#1166,.T.);
#1593=ORIENTED_EDGE('',*,*,#1163,.T.);
#1594=ORIENTED_EDGE('',*,*,#1168,.F.);
#1595=ORIENTED_EDGE('',*,*,#1165,.T.);
#1596=ORIENTED_EDGE('',*,*,#1169,.F.);
#1597=ORIENTED_EDGE('',*,*,#1170,.T.);
#1598=ORIENTED_EDGE('',*,*,#1171,.F.);
#1599=ORIENTED_EDGE('',*,*,#1170,.F.);
#1600=ORIENTED_EDGE('',*,*,#1172,.F.);
#1601=ORIENTED_EDGE('',*,*,#1173,.T.);
#1602=ORIENTED_EDGE('',*,*,#1174,.T.);
#1603=ORIENTED_EDGE('',*,*,#1173,.F.);
#1604=ORIENTED_EDGE('',*,*,#1172,.T.);
#1605=ORIENTED_EDGE('',*,*,#1171,.T.);
#1606=ORIENTED_EDGE('',*,*,#1174,.F.);
#1607=ORIENTED_EDGE('',*,*,#1169,.T.);
#1608=ORIENTED_EDGE('',*,*,#1175,.F.);
#1609=ORIENTED_EDGE('',*,*,#1176,.F.);
#1610=ORIENTED_EDGE('',*,*,#1177,.F.);
#1611=ORIENTED_EDGE('',*,*,#1178,.F.);
#1612=ORIENTED_EDGE('',*,*,#1179,.T.);
#1613=ORIENTED_EDGE('',*,*,#1176,.T.);
#1614=ORIENTED_EDGE('',*,*,#1180,.T.);
#1615=ORIENTED_EDGE('',*,*,#1177,.T.);
#1616=ORIENTED_EDGE('',*,*,#1180,.F.);
#1617=ORIENTED_EDGE('',*,*,#1175,.T.);
#1618=ORIENTED_EDGE('',*,*,#1181,.F.);
#1619=ORIENTED_EDGE('',*,*,#1179,.F.);
#1620=ORIENTED_EDGE('',*,*,#1182,.T.);
#1621=ORIENTED_EDGE('',*,*,#1183,.T.);
#1622=ORIENTED_EDGE('',*,*,#1182,.F.);
#1623=ORIENTED_EDGE('',*,*,#1183,.F.);
#1624=ORIENTED_EDGE('',*,*,#1178,.T.);
#1625=ORIENTED_EDGE('',*,*,#1181,.T.);
#1626=ORIENTED_EDGE('',*,*,#1184,.T.);
#1627=ORIENTED_EDGE('',*,*,#1185,.T.);
#1628=ORIENTED_EDGE('',*,*,#1186,.T.);
#1629=ORIENTED_EDGE('',*,*,#1187,.T.);
#1630=ORIENTED_EDGE('',*,*,#1188,.T.);
#1631=ORIENTED_EDGE('',*,*,#1189,.T.);
#1632=ORIENTED_EDGE('',*,*,#1190,.T.);
#1633=ORIENTED_EDGE('',*,*,#1191,.T.);
#1634=ORIENTED_EDGE('',*,*,#1190,.F.);
#1635=ORIENTED_EDGE('',*,*,#1192,.T.);
#1636=ORIENTED_EDGE('',*,*,#1184,.F.);
#1637=ORIENTED_EDGE('',*,*,#1193,.T.);
#1638=ORIENTED_EDGE('',*,*,#1194,.T.);
#1639=ORIENTED_EDGE('',*,*,#1195,.T.);
#1640=ORIENTED_EDGE('',*,*,#1196,.T.);
#1641=ORIENTED_EDGE('',*,*,#1195,.F.);
#1642=ORIENTED_EDGE('',*,*,#1197,.T.);
#1643=ORIENTED_EDGE('',*,*,#1188,.F.);
#1644=ORIENTED_EDGE('',*,*,#1198,.T.);
#1645=ORIENTED_EDGE('',*,*,#1199,.T.);
#1646=ORIENTED_EDGE('',*,*,#1200,.T.);
#1647=ORIENTED_EDGE('',*,*,#1201,.T.);
#1648=ORIENTED_EDGE('',*,*,#1200,.F.);
#1649=ORIENTED_EDGE('',*,*,#1202,.T.);
#1650=ORIENTED_EDGE('',*,*,#1193,.F.);
#1651=ORIENTED_EDGE('',*,*,#1186,.F.);
#1652=ORIENTED_EDGE('',*,*,#1203,.T.);
#1653=ORIENTED_EDGE('',*,*,#1198,.F.);
#1654=ORIENTED_EDGE('',*,*,#1197,.F.);
#1655=ORIENTED_EDGE('',*,*,#1204,.F.);
#1656=ORIENTED_EDGE('',*,*,#1205,.T.);
#1657=ORIENTED_EDGE('',*,*,#1206,.T.);
#1658=ORIENTED_EDGE('',*,*,#1194,.F.);
#1659=ORIENTED_EDGE('',*,*,#1207,.F.);
#1660=ORIENTED_EDGE('',*,*,#1208,.F.);
#1661=ORIENTED_EDGE('',*,*,#1209,.F.);
#1662=ORIENTED_EDGE('',*,*,#1210,.F.);
#1663=ORIENTED_EDGE('',*,*,#1204,.T.);
#1664=ORIENTED_EDGE('',*,*,#1202,.F.);
#1665=ORIENTED_EDGE('',*,*,#1211,.T.);
#1666=ORIENTED_EDGE('',*,*,#1212,.F.);
#1667=ORIENTED_EDGE('',*,*,#1207,.T.);
#1668=ORIENTED_EDGE('',*,*,#1199,.F.);
#1669=ORIENTED_EDGE('',*,*,#1213,.F.);
#1670=ORIENTED_EDGE('',*,*,#1214,.F.);
#1671=ORIENTED_EDGE('',*,*,#1211,.F.);
#1672=ORIENTED_EDGE('',*,*,#1187,.F.);
#1673=ORIENTED_EDGE('',*,*,#1201,.F.);
#1674=ORIENTED_EDGE('',*,*,#1196,.F.);
#1675=ORIENTED_EDGE('',*,*,#1191,.F.);
#1676=ORIENTED_EDGE('',*,*,#1215,.T.);
#1677=ORIENTED_EDGE('',*,*,#1216,.T.);
#1678=ORIENTED_EDGE('',*,*,#1217,.F.);
#1679=ORIENTED_EDGE('',*,*,#1218,.T.);
#1680=ORIENTED_EDGE('',*,*,#1217,.T.);
#1681=ORIENTED_EDGE('',*,*,#1219,.T.);
#1682=ORIENTED_EDGE('',*,*,#1220,.F.);
#1683=ORIENTED_EDGE('',*,*,#1221,.T.);
#1684=ORIENTED_EDGE('',*,*,#1220,.T.);
#1685=ORIENTED_EDGE('',*,*,#1222,.T.);
#1686=ORIENTED_EDGE('',*,*,#1223,.F.);
#1687=ORIENTED_EDGE('',*,*,#1224,.T.);
#1688=ORIENTED_EDGE('',*,*,#1225,.F.);
#1689=ORIENTED_EDGE('',*,*,#1226,.F.);
#1690=ORIENTED_EDGE('',*,*,#1221,.F.);
#1691=ORIENTED_EDGE('',*,*,#1227,.F.);
#1692=ORIENTED_EDGE('',*,*,#1228,.F.);
#1693=ORIENTED_EDGE('',*,*,#1214,.T.);
#1694=ORIENTED_EDGE('',*,*,#1218,.F.);
#1695=ORIENTED_EDGE('',*,*,#1226,.T.);
#1696=ORIENTED_EDGE('',*,*,#1229,.F.);
#1697=ORIENTED_EDGE('',*,*,#1227,.T.);
#1698=ORIENTED_EDGE('',*,*,#1224,.F.);
#1699=ORIENTED_EDGE('',*,*,#1230,.T.);
#1700=ORIENTED_EDGE('',*,*,#1212,.T.);
#1701=ORIENTED_EDGE('',*,*,#1228,.T.);
#1702=ORIENTED_EDGE('',*,*,#1231,.F.);
#1703=ORIENTED_EDGE('',*,*,#1208,.T.);
#1704=ORIENTED_EDGE('',*,*,#1231,.T.);
#1705=ORIENTED_EDGE('',*,*,#1225,.T.);
#1706=ORIENTED_EDGE('',*,*,#1232,.F.);
#1707=ORIENTED_EDGE('',*,*,#1209,.T.);
#1708=ORIENTED_EDGE('',*,*,#1232,.T.);
#1709=ORIENTED_EDGE('',*,*,#1229,.T.);
#1710=ORIENTED_EDGE('',*,*,#1205,.F.);
#1711=ORIENTED_EDGE('',*,*,#1210,.T.);
#1712=ORIENTED_EDGE('',*,*,#1189,.F.);
#1713=ORIENTED_EDGE('',*,*,#1206,.F.);
#1714=ORIENTED_EDGE('',*,*,#1230,.F.);
#1715=ORIENTED_EDGE('',*,*,#1233,.F.);
#1716=ORIENTED_EDGE('',*,*,#1185,.F.);
#1717=ORIENTED_EDGE('',*,*,#1234,.T.);
#1718=ORIENTED_EDGE('',*,*,#1222,.F.);
#1719=ORIENTED_EDGE('',*,*,#1219,.F.);
#1720=ORIENTED_EDGE('',*,*,#1216,.F.);
#1721=ORIENTED_EDGE('',*,*,#1235,.F.);
#1722=ORIENTED_EDGE('',*,*,#1203,.F.);
#1723=ORIENTED_EDGE('',*,*,#1235,.T.);
#1724=ORIENTED_EDGE('',*,*,#1215,.F.);
#1725=ORIENTED_EDGE('',*,*,#1213,.T.);
#1726=ORIENTED_EDGE('',*,*,#1192,.F.);
#1727=ORIENTED_EDGE('',*,*,#1233,.T.);
#1728=ORIENTED_EDGE('',*,*,#1223,.T.);
#1729=ORIENTED_EDGE('',*,*,#1234,.F.);
#1730=CYLINDRICAL_SURFACE('',#1960,3.94161442088881);
#1731=CYLINDRICAL_SURFACE('',#2007,0.4445);
#1732=CYLINDRICAL_SURFACE('',#2008,0.4445);
#1733=CYLINDRICAL_SURFACE('',#2009,0.4445);
#1734=CYLINDRICAL_SURFACE('',#2010,0.4445);
#1735=CYLINDRICAL_SURFACE('',#2011,0.4445);
#1736=CYLINDRICAL_SURFACE('',#2012,0.4445);
#1737=CYLINDRICAL_SURFACE('',#2013,0.4445);
#1738=CYLINDRICAL_SURFACE('',#2014,0.4445);
#1739=CYLINDRICAL_SURFACE('',#2015,0.4445);
#1740=CYLINDRICAL_SURFACE('',#2016,0.4445);
#1741=CYLINDRICAL_SURFACE('',#2017,0.4445);
#1742=CYLINDRICAL_SURFACE('',#2018,0.4445);
#1743=CYLINDRICAL_SURFACE('',#2019,0.4445);
#1744=CYLINDRICAL_SURFACE('',#2020,0.4445);
#1745=CYLINDRICAL_SURFACE('',#2021,0.5);
#1746=CYLINDRICAL_SURFACE('',#2022,0.5);
#1747=CYLINDRICAL_SURFACE('',#2023,0.575);
#1748=CYLINDRICAL_SURFACE('',#2027,1.5);
#1749=CYLINDRICAL_SURFACE('',#2032,2.5);
#1750=CYLINDRICAL_SURFACE('',#2036,3.94161442088881);
#1751=CYLINDRICAL_SURFACE('',#2047,2.5);
#1752=CYLINDRICAL_SURFACE('',#2051,2.5);
#1753=CYLINDRICAL_SURFACE('',#2059,2.5);
#1754=CYLINDRICAL_SURFACE('',#2060,1.5);
#1755=CYLINDRICAL_SURFACE('',#2067,1.5);
#1756=CYLINDRICAL_SURFACE('',#2072,1.5);
#1757=CYLINDRICAL_SURFACE('',#2075,2.41867736053067);
#1758=CYLINDRICAL_SURFACE('',#2078,2.41867736053067);
#1759=CYLINDRICAL_SURFACE('',#2096,3.00015);
#1760=CYLINDRICAL_SURFACE('',#2099,3.00015);
#1761=CYLINDRICAL_SURFACE('',#2102,3.00015);
#1762=CYLINDRICAL_SURFACE('',#2105,3.00015);
#1763=CYLINDRICAL_SURFACE('',#2108,3.00000004470348);
#1764=CYLINDRICAL_SURFACE('',#2110,3.00000004470348);
#1765=CYLINDRICAL_SURFACE('',#2117,3.00015);
#1766=CYLINDRICAL_SURFACE('',#2123,3.);
#1767=CYLINDRICAL_SURFACE('',#2125,4.49999999999999);
#1768=CYLINDRICAL_SURFACE('',#2128,3.);
#1769=CYLINDRICAL_SURFACE('',#2131,4.49999999999999);
#1770=CYLINDRICAL_SURFACE('',#2136,3.00015);
#1771=CYLINDRICAL_SURFACE('',#2139,4.49999999999999);
#1772=CYLINDRICAL_SURFACE('',#2144,3.00015);
#1773=CYLINDRICAL_SURFACE('',#2150,3.);
#1774=CYLINDRICAL_SURFACE('',#2152,4.49999999999999);
#1775=CYLINDRICAL_SURFACE('',#2171,0.25);
#1776=CYLINDRICAL_SURFACE('',#2176,0.25);
#1777=CYLINDRICAL_SURFACE('',#2184,0.25);
#1778=CYLINDRICAL_SURFACE('',#2191,1.);
#1779=CYLINDRICAL_SURFACE('',#2193,1.);
#1780=CYLINDRICAL_SURFACE('',#2197,0.25);
#1781=CYLINDRICAL_SURFACE('',#2202,0.25);
#1782=CYLINDRICAL_SURFACE('',#2203,0.25);
#1783=ADVANCED_FACE('',(#206),#1730,.F.);
#1784=ADVANCED_FACE('',(#207),#158,.F.);
#1785=ADVANCED_FACE('',(#208),#159,.F.);
#1786=ADVANCED_FACE('',(#209),#160,.F.);
#1787=ADVANCED_FACE('',(#210),#161,.F.);
#1788=ADVANCED_FACE('',(#211),#162,.T.);
#1789=ADVANCED_FACE('',(#212),#163,.T.);
#1790=ADVANCED_FACE('',(#213),#164,.T.);
#1791=ADVANCED_FACE('',(#214,#95,#96,#97,#98,#99,#100,#101,#102,#103,#104,
#105,#106,#107,#108,#109,#110,#111,#112,#113),#165,.F.);
#1792=ADVANCED_FACE('',(#215,#114,#115,#116,#117,#118,#119,#120,#121,#122,
#123,#124,#125,#126,#127,#128,#129,#130,#131,#132),#166,.T.);
#1793=ADVANCED_FACE('',(#216),#167,.T.);
#1794=ADVANCED_FACE('',(#217),#1731,.F.);
#1795=ADVANCED_FACE('',(#218),#1732,.F.);
#1796=ADVANCED_FACE('',(#219),#1733,.F.);
#1797=ADVANCED_FACE('',(#220),#1734,.F.);
#1798=ADVANCED_FACE('',(#221),#1735,.F.);
#1799=ADVANCED_FACE('',(#222),#1736,.F.);
#1800=ADVANCED_FACE('',(#223),#1737,.F.);
#1801=ADVANCED_FACE('',(#224),#1738,.F.);
#1802=ADVANCED_FACE('',(#225),#1739,.F.);
#1803=ADVANCED_FACE('',(#226),#1740,.F.);
#1804=ADVANCED_FACE('',(#227),#1741,.F.);
#1805=ADVANCED_FACE('',(#228),#1742,.F.);
#1806=ADVANCED_FACE('',(#229),#1743,.F.);
#1807=ADVANCED_FACE('',(#230),#1744,.F.);
#1808=ADVANCED_FACE('',(#231),#1745,.F.);
#1809=ADVANCED_FACE('',(#232),#1746,.F.);
#1810=ADVANCED_FACE('',(#233),#1747,.F.);
#1811=ADVANCED_FACE('',(#234),#1748,.F.);
#1812=ADVANCED_FACE('',(#235),#168,.T.);
#1813=ADVANCED_FACE('',(#236),#169,.F.);
#1814=ADVANCED_FACE('',(#237),#1749,.T.);
#1815=ADVANCED_FACE('',(#238),#170,.F.);
#1816=ADVANCED_FACE('',(#239),#63,.F.);
#1817=ADVANCED_FACE('',(#240),#1750,.F.);
#1818=ADVANCED_FACE('',(#241),#171,.F.);
#1819=ADVANCED_FACE('',(#242),#172,.F.);
#1820=ADVANCED_FACE('',(#243),#173,.F.);
#1821=ADVANCED_FACE('',(#244),#174,.F.);
#1822=ADVANCED_FACE('',(#245,#133,#134),#175,.T.);
#1823=ADVANCED_FACE('',(#246),#35,.F.);
#1824=ADVANCED_FACE('',(#247,#135),#176,.F.);
#1825=ADVANCED_FACE('',(#248),#1751,.T.);
#1826=ADVANCED_FACE('',(#249),#177,.F.);
#1827=ADVANCED_FACE('',(#250),#1752,.T.);
#1828=ADVANCED_FACE('',(#251),#178,.F.);
#1829=ADVANCED_FACE('',(#252,#136,#137,#138,#139,#140,#141),#179,.F.);
#1830=ADVANCED_FACE('',(#253),#180,.F.);
#1831=ADVANCED_FACE('',(#254),#1753,.T.);
#1832=ADVANCED_FACE('',(#255),#1754,.F.);
#1833=ADVANCED_FACE('',(#256),#181,.T.);
#1834=ADVANCED_FACE('',(#257),#182,.F.);
#1835=ADVANCED_FACE('',(#258),#183,.F.);
#1836=ADVANCED_FACE('',(#259),#1755,.F.);
#1837=ADVANCED_FACE('',(#260),#184,.T.);
#1838=ADVANCED_FACE('',(#261),#185,.T.);
#1839=ADVANCED_FACE('',(#262),#1756,.F.);
#1840=ADVANCED_FACE('',(#263),#186,.F.);
#1841=ADVANCED_FACE('',(#264),#1757,.F.);
#1842=ADVANCED_FACE('',(#265),#1758,.F.);
#1843=ADVANCED_FACE('',(#266),#187,.F.);
#1844=ADVANCED_FACE('',(#267),#36,.T.);
#1845=ADVANCED_FACE('',(#268),#188,.F.);
#1846=ADVANCED_FACE('',(#269),#189,.F.);
#1847=ADVANCED_FACE('',(#270),#1759,.F.);
#1848=ADVANCED_FACE('',(#271),#1760,.F.);
#1849=ADVANCED_FACE('',(#272),#1761,.F.);
#1850=ADVANCED_FACE('',(#273),#1762,.F.);
#1851=ADVANCED_FACE('',(#274),#1763,.F.);
#1852=ADVANCED_FACE('',(#275),#1764,.F.);
#1853=ADVANCED_FACE('',(#276),#190,.F.);
#1854=ADVANCED_FACE('',(#277),#37,.F.);
#1855=ADVANCED_FACE('',(#278,#142,#143,#144,#145),#191,.F.);
#1856=ADVANCED_FACE('',(#279,#146,#147,#148,#149),#192,.T.);
#1857=ADVANCED_FACE('',(#280),#1765,.F.);
#1858=ADVANCED_FACE('',(#281,#150),#193,.T.);
#1859=ADVANCED_FACE('',(#282),#1766,.F.);
#1860=ADVANCED_FACE('',(#283),#1767,.T.);
#1861=ADVANCED_FACE('',(#284,#151),#194,.F.);
#1862=ADVANCED_FACE('',(#285),#1768,.F.);
#1863=ADVANCED_FACE('',(#286),#1769,.T.);
#1864=ADVANCED_FACE('',(#287,#152),#195,.T.);
#1865=ADVANCED_FACE('',(#288,#153),#196,.F.);
#1866=ADVANCED_FACE('',(#289),#1770,.F.);
#1867=ADVANCED_FACE('',(#290),#1771,.T.);
#1868=ADVANCED_FACE('',(#291,#154),#197,.T.);
#1869=ADVANCED_FACE('',(#292,#155),#198,.F.);
#1870=ADVANCED_FACE('',(#293),#1772,.F.);
#1871=ADVANCED_FACE('',(#294,#156),#199,.T.);
#1872=ADVANCED_FACE('',(#295),#1773,.F.);
#1873=ADVANCED_FACE('',(#296),#1774,.T.);
#1874=ADVANCED_FACE('',(#297,#157),#200,.F.);
#1875=ADVANCED_FACE('',(#298),#64,.F.);
#1876=ADVANCED_FACE('',(#299),#65,.F.);
#1877=ADVANCED_FACE('',(#300),#31,.T.);
#1878=ADVANCED_FACE('',(#301),#66,.F.);
#1879=ADVANCED_FACE('',(#302),#32,.T.);
#1880=ADVANCED_FACE('',(#303),#67,.F.);
#1881=ADVANCED_FACE('',(#304),#33,.T.);
#1882=ADVANCED_FACE('',(#305),#34,.T.);
#1883=ADVANCED_FACE('',(#306),#1775,.T.);
#1884=ADVANCED_FACE('',(#307),#201,.F.);
#1885=ADVANCED_FACE('',(#308),#1776,.T.);
#1886=ADVANCED_FACE('',(#309),#202,.T.);
#1887=ADVANCED_FACE('',(#310),#68,.T.);
#1888=ADVANCED_FACE('',(#311),#27,.T.);
#1889=ADVANCED_FACE('',(#312),#1777,.T.);
#1890=ADVANCED_FACE('',(#313),#28,.T.);
#1891=ADVANCED_FACE('',(#314),#203,.F.);
#1892=ADVANCED_FACE('',(#315),#1778,.T.);
#1893=ADVANCED_FACE('',(#316),#1779,.T.);
#1894=ADVANCED_FACE('',(#317),#29,.T.);
#1895=ADVANCED_FACE('',(#318),#1780,.T.);
#1896=ADVANCED_FACE('',(#319),#30,.T.);
#1897=ADVANCED_FACE('',(#320),#204,.F.);
#1898=ADVANCED_FACE('',(#321),#205,.F.);
#1899=ADVANCED_FACE('',(#322),#1781,.T.);
#1900=ADVANCED_FACE('',(#323),#1782,.T.);
#1901=CLOSED_SHELL('',(#1783,#1784,#1785,#1786,#1787,#1788,#1789,#1790,
#1791,#1792,#1793,#1794,#1795,#1796,#1797,#1798,#1799,#1800,#1801,#1802,
#1803,#1804,#1805,#1806,#1807,#1808,#1809,#1810));
#1902=CLOSED_SHELL('',(#1811,#1812,#1813));
#1903=CLOSED_SHELL('',(#1814,#1815,#1816,#1817,#1818,#1819,#1820,#1821,
#1822,#1823,#1824,#1825,#1826,#1827,#1828,#1829,#1830,#1831));
#1904=CLOSED_SHELL('',(#1832,#1833,#1834));
#1905=CLOSED_SHELL('',(#1835,#1836,#1837));
#1906=CLOSED_SHELL('',(#1838,#1839,#1840));
#1907=CLOSED_SHELL('',(#1841,#1842,#1843,#1844,#1845,#1846,#1847,#1848,
#1849,#1850,#1851,#1852,#1853,#1854,#1855,#1856));
#1908=CLOSED_SHELL('',(#1857,#1858,#1859,#1860,#1861));
#1909=CLOSED_SHELL('',(#1862,#1863,#1864,#1865));
#1910=CLOSED_SHELL('',(#1866,#1867,#1868,#1869));
#1911=CLOSED_SHELL('',(#1870,#1871,#1872,#1873,#1874));
#1912=CLOSED_SHELL('',(#1875,#1876,#1877,#1878,#1879,#1880,#1881,#1882,
#1883,#1884,#1885,#1886,#1887,#1888,#1889,#1890,#1891,#1892,#1893,#1894,
#1895,#1896,#1897,#1898,#1899,#1900));
#1913=DERIVED_UNIT_ELEMENT(#1921,1.);
#1914=DERIVED_UNIT_ELEMENT(#3789,-3.);
#1915=DERIVED_UNIT_ELEMENT(#1921,1.);
#1916=DERIVED_UNIT_ELEMENT(#3789,-3.);
#1917=DERIVED_UNIT_ELEMENT(#1921,1.);
#1918=DERIVED_UNIT_ELEMENT(#3789,-3.);
#1919=DERIVED_UNIT_ELEMENT(#1921,1.);
#1920=DERIVED_UNIT_ELEMENT(#3789,-3.);
#1921=(
MASS_UNIT()
NAMED_UNIT(*)
SI_UNIT(.KILO.,.GRAM.)
);
#1922=DERIVED_UNIT((#1913,#1914));
#1923=DERIVED_UNIT((#1915,#1916));
#1924=DERIVED_UNIT((#1917,#1918));
#1925=DERIVED_UNIT((#1919,#1920));
#1926=MEASURE_REPRESENTATION_ITEM('density measure',
POSITIVE_RATIO_MEASURE(7850.),#1922);
#1927=MEASURE_REPRESENTATION_ITEM('density measure',
POSITIVE_RATIO_MEASURE(7850.),#1923);
#1928=MEASURE_REPRESENTATION_ITEM('density measure',
POSITIVE_RATIO_MEASURE(7850.),#1924);
#1929=MEASURE_REPRESENTATION_ITEM('density measure',
POSITIVE_RATIO_MEASURE(7850.),#1925);
#1930=PROPERTY_DEFINITION_REPRESENTATION(#1950,#1938);
#1931=PROPERTY_DEFINITION_REPRESENTATION(#1951,#1939);
#1932=PROPERTY_DEFINITION_REPRESENTATION(#1952,#1940);
#1933=PROPERTY_DEFINITION_REPRESENTATION(#1953,#1941);
#1934=PROPERTY_DEFINITION_REPRESENTATION(#1954,#1942);
#1935=PROPERTY_DEFINITION_REPRESENTATION(#1955,#1943);
#1936=PROPERTY_DEFINITION_REPRESENTATION(#1956,#1944);
#1937=PROPERTY_DEFINITION_REPRESENTATION(#1957,#1945);
#1938=REPRESENTATION('material name',(#1946),#3783);
#1939=REPRESENTATION('density',(#1926),#3783);
#1940=REPRESENTATION('material name',(#1947),#3784);
#1941=REPRESENTATION('density',(#1927),#3784);
#1942=REPRESENTATION('material name',(#1948),#3785);
#1943=REPRESENTATION('density',(#1928),#3785);
#1944=REPRESENTATION('material name',(#1949),#3786);
#1945=REPRESENTATION('density',(#1929),#3786);
#1946=DESCRIPTIVE_REPRESENTATION_ITEM('Steel','Steel');
#1947=DESCRIPTIVE_REPRESENTATION_ITEM('Steel','Steel');
#1948=DESCRIPTIVE_REPRESENTATION_ITEM('Steel','Steel');
#1949=DESCRIPTIVE_REPRESENTATION_ITEM('Steel','Steel');
#1950=PROPERTY_DEFINITION('material property','material name',#3813);
#1951=PROPERTY_DEFINITION('material property','density of part',#3813);
#1952=PROPERTY_DEFINITION('material property','material name',#3814);
#1953=PROPERTY_DEFINITION('material property','density of part',#3814);
#1954=PROPERTY_DEFINITION('material property','material name',#3815);
#1955=PROPERTY_DEFINITION('material property','density of part',#3815);
#1956=PROPERTY_DEFINITION('material property','material name',#3816);
#1957=PROPERTY_DEFINITION('material property','density of part',#3816);
#1958=AXIS2_PLACEMENT_3D('',#2812,#2208,#2209);
#1959=AXIS2_PLACEMENT_3D('',#2813,#2210,#2211);
#1960=AXIS2_PLACEMENT_3D('',#2814,#2212,#2213);
#1961=AXIS2_PLACEMENT_3D('',#2816,#2214,#2215);
#1962=AXIS2_PLACEMENT_3D('',#2819,#2217,#2218);
#1963=AXIS2_PLACEMENT_3D('',#2820,#2219,#2220);
#1964=AXIS2_PLACEMENT_3D('',#2829,#2225,#2226);
#1965=AXIS2_PLACEMENT_3D('',#2835,#2230,#2231);
#1966=AXIS2_PLACEMENT_3D('',#2841,#2235,#2236);
#1967=AXIS2_PLACEMENT_3D('',#2844,#2239,#2240);
#1968=AXIS2_PLACEMENT_3D('',#2853,#2245,#2246);
#1969=AXIS2_PLACEMENT_3D('',#2859,#2250,#2251);
#1970=AXIS2_PLACEMENT_3D('',#2865,#2255,#2256);
#1971=AXIS2_PLACEMENT_3D('',#2868,#2258,#2259);
#1972=AXIS2_PLACEMENT_3D('',#2870,#2260,#2261);
#1973=AXIS2_PLACEMENT_3D('',#2872,#2262,#2263);
#1974=AXIS2_PLACEMENT_3D('',#2874,#2264,#2265);
#1975=AXIS2_PLACEMENT_3D('',#2876,#2266,#2267);
#1976=AXIS2_PLACEMENT_3D('',#2878,#2268,#2269);
#1977=AXIS2_PLACEMENT_3D('',#2880,#2270,#2271);
#1978=AXIS2_PLACEMENT_3D('',#2882,#2272,#2273);
#1979=AXIS2_PLACEMENT_3D('',#2884,#2274,#2275);
#1980=AXIS2_PLACEMENT_3D('',#2886,#2276,#2277);
#1981=AXIS2_PLACEMENT_3D('',#2888,#2278,#2279);
#1982=AXIS2_PLACEMENT_3D('',#2890,#2280,#2281);
#1983=AXIS2_PLACEMENT_3D('',#2892,#2282,#2283);
#1984=AXIS2_PLACEMENT_3D('',#2894,#2284,#2285);
#1985=AXIS2_PLACEMENT_3D('',#2896,#2286,#2287);
#1986=AXIS2_PLACEMENT_3D('',#2898,#2288,#2289);
#1987=AXIS2_PLACEMENT_3D('',#2900,#2290,#2291);
#1988=AXIS2_PLACEMENT_3D('',#2901,#2292,#2293);
#1989=AXIS2_PLACEMENT_3D('',#2904,#2295,#2296);
#1990=AXIS2_PLACEMENT_3D('',#2906,#2297,#2298);
#1991=AXIS2_PLACEMENT_3D('',#2908,#2299,#2300);
#1992=AXIS2_PLACEMENT_3D('',#2910,#2301,#2302);
#1993=AXIS2_PLACEMENT_3D('',#2912,#2303,#2304);
#1994=AXIS2_PLACEMENT_3D('',#2914,#2305,#2306);
#1995=AXIS2_PLACEMENT_3D('',#2916,#2307,#2308);
#1996=AXIS2_PLACEMENT_3D('',#2918,#2309,#2310);
#1997=AXIS2_PLACEMENT_3D('',#2920,#2311,#2312);
#1998=AXIS2_PLACEMENT_3D('',#2922,#2313,#2314);
#1999=AXIS2_PLACEMENT_3D('',#2924,#2315,#2316);
#2000=AXIS2_PLACEMENT_3D('',#2926,#2317,#2318);
#2001=AXIS2_PLACEMENT_3D('',#2928,#2319,#2320);
#2002=AXIS2_PLACEMENT_3D('',#2930,#2321,#2322);
#2003=AXIS2_PLACEMENT_3D('',#2932,#2323,#2324);
#2004=AXIS2_PLACEMENT_3D('',#2934,#2325,#2326);
#2005=AXIS2_PLACEMENT_3D('',#2936,#2327,#2328);
#2006=AXIS2_PLACEMENT_3D('',#2937,#2329,#2330);
#2007=AXIS2_PLACEMENT_3D('',#2938,#2331,#2332);
#2008=AXIS2_PLACEMENT_3D('',#2940,#2334,#2335);
#2009=AXIS2_PLACEMENT_3D('',#2942,#2337,#2338);
#2010=AXIS2_PLACEMENT_3D('',#2944,#2340,#2341);
#2011=AXIS2_PLACEMENT_3D('',#2946,#2343,#2344);
#2012=AXIS2_PLACEMENT_3D('',#2948,#2346,#2347);
#2013=AXIS2_PLACEMENT_3D('',#2950,#2349,#2350);
#2014=AXIS2_PLACEMENT_3D('',#2952,#2352,#2353);
#2015=AXIS2_PLACEMENT_3D('',#2954,#2355,#2356);
#2016=AXIS2_PLACEMENT_3D('',#2956,#2358,#2359);
#2017=AXIS2_PLACEMENT_3D('',#2958,#2361,#2362);
#2018=AXIS2_PLACEMENT_3D('',#2960,#2364,#2365);
#2019=AXIS2_PLACEMENT_3D('',#2962,#2367,#2368);
#2020=AXIS2_PLACEMENT_3D('',#2964,#2370,#2371);
#2021=AXIS2_PLACEMENT_3D('',#2966,#2373,#2374);
#2022=AXIS2_PLACEMENT_3D('',#2968,#2376,#2377);
#2023=AXIS2_PLACEMENT_3D('',#2970,#2379,#2380);
#2024=AXIS2_PLACEMENT_3D('',#2972,#2382,#2383);
#2025=AXIS2_PLACEMENT_3D('',#2973,#2384,#2385);
#2026=AXIS2_PLACEMENT_3D('',#2974,#2386,#2387);
#2027=AXIS2_PLACEMENT_3D('',#2975,#2388,#2389);
#2028=AXIS2_PLACEMENT_3D('',#2977,#2390,#2391);
#2029=AXIS2_PLACEMENT_3D('',#2980,#2393,#2394);
#2030=AXIS2_PLACEMENT_3D('',#2981,#2395,#2396);
#2031=AXIS2_PLACEMENT_3D('',#2982,#2397,#2398);
#2032=AXIS2_PLACEMENT_3D('',#2983,#2399,#2400);
#2033=AXIS2_PLACEMENT_3D('',#2985,#2401,#2402);
#2034=AXIS2_PLACEMENT_3D('',#2988,#2404,#2405);
#2035=AXIS2_PLACEMENT_3D('',#2989,#2406,#2407);
#2036=AXIS2_PLACEMENT_3D('',#3090,#2408,#2409);
#2037=AXIS2_PLACEMENT_3D('',#3092,#2410,#2411);
#2038=AXIS2_PLACEMENT_3D('',#3095,#2413,#2414);
#2039=AXIS2_PLACEMENT_3D('',#3096,#2415,#2416);
#2040=AXIS2_PLACEMENT_3D('',#3105,#2421,#2422);
#2041=AXIS2_PLACEMENT_3D('',#3111,#2426,#2427);
#2042=AXIS2_PLACEMENT_3D('',#3117,#2431,#2432);
#2043=AXIS2_PLACEMENT_3D('',#3120,#2435,#2436);
#2044=AXIS2_PLACEMENT_3D('',#3122,#2437,#2438);
#2045=AXIS2_PLACEMENT_3D('',#3143,#2440,#2441);
#2046=AXIS2_PLACEMENT_3D('',#3144,#2442,#2443);
#2047=AXIS2_PLACEMENT_3D('',#3145,#2444,#2445);
#2048=AXIS2_PLACEMENT_3D('',#3147,#2446,#2447);
#2049=AXIS2_PLACEMENT_3D('',#3150,#2449,#2450);
#2050=AXIS2_PLACEMENT_3D('',#3151,#2451,#2452);
#2051=AXIS2_PLACEMENT_3D('',#3152,#2453,#2454);
#2052=AXIS2_PLACEMENT_3D('',#3154,#2455,#2456);
#2053=AXIS2_PLACEMENT_3D('',#3157,#2458,#2459);
#2054=AXIS2_PLACEMENT_3D('',#3158,#2460,#2461);
#2055=AXIS2_PLACEMENT_3D('',#3159,#2462,#2463);
#2056=AXIS2_PLACEMENT_3D('',#3161,#2464,#2465);
#2057=AXIS2_PLACEMENT_3D('',#3162,#2466,#2467);
#2058=AXIS2_PLACEMENT_3D('',#3164,#2468,#2469);
#2059=AXIS2_PLACEMENT_3D('',#3165,#2470,#2471);
#2060=AXIS2_PLACEMENT_3D('',#3167,#2473,#2474);
#2061=AXIS2_PLACEMENT_3D('',#3169,#2475,#2476);
#2062=AXIS2_PLACEMENT_3D('',#3172,#2478,#2479);
#2063=AXIS2_PLACEMENT_3D('',#3173,#2480,#2481);
#2064=AXIS2_PLACEMENT_3D('',#3174,#2482,#2483);
#2065=AXIS2_PLACEMENT_3D('',#3175,#2484,#2485);
#2066=AXIS2_PLACEMENT_3D('',#3177,#2486,#2487);
#2067=AXIS2_PLACEMENT_3D('',#3178,#2488,#2489);
#2068=AXIS2_PLACEMENT_3D('',#3180,#2490,#2491);
#2069=AXIS2_PLACEMENT_3D('',#3182,#2493,#2494);
#2070=AXIS2_PLACEMENT_3D('',#3183,#2495,#2496);
#2071=AXIS2_PLACEMENT_3D('',#3185,#2497,#2498);
#2072=AXIS2_PLACEMENT_3D('',#3186,#2499,#2500);
#2073=AXIS2_PLACEMENT_3D('',#3189,#2502,#2503);
#2074=AXIS2_PLACEMENT_3D('',#3190,#2504,#2505);
#2075=AXIS2_PLACEMENT_3D('',#3191,#2506,#2507);
#2076=AXIS2_PLACEMENT_3D('',#3196,#2509,#2510);
#2077=AXIS2_PLACEMENT_3D('',#3199,#2512,#2513);
#2078=AXIS2_PLACEMENT_3D('',#3200,#2514,#2515);
#2079=AXIS2_PLACEMENT_3D('',#3205,#2517,#2518);
#2080=AXIS2_PLACEMENT_3D('',#3208,#2520,#2521);
#2081=AXIS2_PLACEMENT_3D('',#3209,#2522,#2523);
#2082=AXIS2_PLACEMENT_3D('',#3210,#2524,#2525);
#2083=AXIS2_PLACEMENT_3D('',#3211,#2526,#2527);
#2084=AXIS2_PLACEMENT_3D('',#3231,#2528,#2529);
#2085=AXIS2_PLACEMENT_3D('',#3235,#2531,#2532);
#2086=AXIS2_PLACEMENT_3D('',#3239,#2534,#2535);
#2087=AXIS2_PLACEMENT_3D('',#3242,#2537,#2538);
#2088=AXIS2_PLACEMENT_3D('',#3243,#2539,#2540);
#2089=AXIS2_PLACEMENT_3D('',#3244,#2541,#2542);
#2090=AXIS2_PLACEMENT_3D('',#3246,#2543,#2544);
#2091=AXIS2_PLACEMENT_3D('',#3247,#2545,#2546);
#2092=AXIS2_PLACEMENT_3D('',#3248,#2547,#2548);
#2093=AXIS2_PLACEMENT_3D('',#3250,#2549,#2550);
#2094=AXIS2_PLACEMENT_3D('',#3252,#2551,#2552);
#2095=AXIS2_PLACEMENT_3D('',#3253,#2553,#2554);
#2096=AXIS2_PLACEMENT_3D('',#3254,#2555,#2556);
#2097=AXIS2_PLACEMENT_3D('',#3256,#2557,#2558);
#2098=AXIS2_PLACEMENT_3D('',#3259,#2560,#2561);
#2099=AXIS2_PLACEMENT_3D('',#3260,#2562,#2563);
#2100=AXIS2_PLACEMENT_3D('',#3262,#2564,#2565);
#2101=AXIS2_PLACEMENT_3D('',#3265,#2567,#2568);
#2102=AXIS2_PLACEMENT_3D('',#3266,#2569,#2570);
#2103=AXIS2_PLACEMENT_3D('',#3268,#2571,#2572);
#2104=AXIS2_PLACEMENT_3D('',#3271,#2574,#2575);
#2105=AXIS2_PLACEMENT_3D('',#3272,#2576,#2577);
#2106=AXIS2_PLACEMENT_3D('',#3274,#2578,#2579);
#2107=AXIS2_PLACEMENT_3D('',#3277,#2581,#2582);
#2108=AXIS2_PLACEMENT_3D('',#3278,#2583,#2584);
#2109=AXIS2_PLACEMENT_3D('',#3281,#2586,#2587);
#2110=AXIS2_PLACEMENT_3D('',#3282,#2588,#2589);
#2111=AXIS2_PLACEMENT_3D('',#3284,#2590,#2591);
#2112=AXIS2_PLACEMENT_3D('',#3286,#2593,#2594);
#2113=AXIS2_PLACEMENT_3D('',#3287,#2595,#2596);
#2114=AXIS2_PLACEMENT_3D('',#3307,#2597,#2598);
#2115=AXIS2_PLACEMENT_3D('',#3309,#2600,#2601);
#2116=AXIS2_PLACEMENT_3D('',#3310,#2602,#2603);
#2117=AXIS2_PLACEMENT_3D('',#3311,#2604,#2605);
#2118=AXIS2_PLACEMENT_3D('',#3316,#2607,#2608);
#2119=AXIS2_PLACEMENT_3D('',#3319,#2610,#2611);
#2120=AXIS2_PLACEMENT_3D('',#3320,#2612,#2613);
#2121=AXIS2_PLACEMENT_3D('',#3322,#2614,#2615);
#2122=AXIS2_PLACEMENT_3D('',#3323,#2616,#2617);
#2123=AXIS2_PLACEMENT_3D('',#3324,#2618,#2619);
#2124=AXIS2_PLACEMENT_3D('',#3325,#2620,#2621);
#2125=AXIS2_PLACEMENT_3D('',#3326,#2622,#2623);
#2126=AXIS2_PLACEMENT_3D('',#3329,#2625,#2626);
#2127=AXIS2_PLACEMENT_3D('',#3330,#2627,#2628);
#2128=AXIS2_PLACEMENT_3D('',#3331,#2629,#2630);
#2129=AXIS2_PLACEMENT_3D('',#3333,#2631,#2632);
#2130=AXIS2_PLACEMENT_3D('',#3336,#2634,#2635);
#2131=AXIS2_PLACEMENT_3D('',#3337,#2636,#2637);
#2132=AXIS2_PLACEMENT_3D('',#3339,#2638,#2639);
#2133=AXIS2_PLACEMENT_3D('',#3342,#2641,#2642);
#2134=AXIS2_PLACEMENT_3D('',#3343,#2643,#2644);
#2135=AXIS2_PLACEMENT_3D('',#3344,#2645,#2646);
#2136=AXIS2_PLACEMENT_3D('',#3345,#2647,#2648);
#2137=AXIS2_PLACEMENT_3D('',#3347,#2649,#2650);
#2138=AXIS2_PLACEMENT_3D('',#3350,#2652,#2653);
#2139=AXIS2_PLACEMENT_3D('',#3351,#2654,#2655);
#2140=AXIS2_PLACEMENT_3D('',#3353,#2656,#2657);
#2141=AXIS2_PLACEMENT_3D('',#3356,#2659,#2660);
#2142=AXIS2_PLACEMENT_3D('',#3357,#2661,#2662);
#2143=AXIS2_PLACEMENT_3D('',#3358,#2663,#2664);
#2144=AXIS2_PLACEMENT_3D('',#3359,#2665,#2666);
#2145=AXIS2_PLACEMENT_3D('',#3364,#2668,#2669);
#2146=AXIS2_PLACEMENT_3D('',#3367,#2671,#2672);
#2147=AXIS2_PLACEMENT_3D('',#3368,#2673,#2674);
#2148=AXIS2_PLACEMENT_3D('',#3370,#2675,#2676);
#2149=AXIS2_PLACEMENT_3D('',#3371,#2677,#2678);
#2150=AXIS2_PLACEMENT_3D('',#3372,#2679,#2680);
#2151=AXIS2_PLACEMENT_3D('',#3373,#2681,#2682);
#2152=AXIS2_PLACEMENT_3D('',#3374,#2683,#2684);
#2153=AXIS2_PLACEMENT_3D('',#3377,#2686,#2687);
#2154=AXIS2_PLACEMENT_3D('',#3378,#2688,#2689);
#2155=AXIS2_PLACEMENT_3D('',#3426,#2690,#2691);
#2156=AXIS2_PLACEMENT_3D('',#3438,#2692,#2693);
#2157=AXIS2_PLACEMENT_3D('',#3474,#2694,#2695);
#2158=AXIS2_PLACEMENT_3D('',#3480,#2696,#2697);
#2159=AXIS2_PLACEMENT_3D('',#3485,#2698,#2699);
#2160=AXIS2_PLACEMENT_3D('',#3486,#2700,#2701);
#2161=AXIS2_PLACEMENT_3D('',#3529,#2702,#2703);
#2162=AXIS2_PLACEMENT_3D('',#3539,#2704,#2705);
#2163=AXIS2_PLACEMENT_3D('',#3548,#2706,#2707);
#2164=AXIS2_PLACEMENT_3D('',#3549,#2708,#2709);
#2165=AXIS2_PLACEMENT_3D('',#3571,#2710,#2711);
#2166=AXIS2_PLACEMENT_3D('',#3577,#2712,#2713);
#2167=AXIS2_PLACEMENT_3D('',#3582,#2714,#2715);
#2168=AXIS2_PLACEMENT_3D('',#3583,#2716,#2717);
#2169=AXIS2_PLACEMENT_3D('',#3584,#2718,#2719);
#2170=AXIS2_PLACEMENT_3D('',#3585,#2720,#2721);
#2171=AXIS2_PLACEMENT_3D('',#3586,#2722,#2723);
#2172=AXIS2_PLACEMENT_3D('',#3590,#2725,#2726);
#2173=AXIS2_PLACEMENT_3D('',#3592,#2728,#2729);
#2174=AXIS2_PLACEMENT_3D('',#3596,#2731,#2732);
#2175=AXIS2_PLACEMENT_3D('',#3599,#2734,#2735);
#2176=AXIS2_PLACEMENT_3D('',#3600,#2736,#2737);
#2177=AXIS2_PLACEMENT_3D('',#3603,#2739,#2740);
#2178=AXIS2_PLACEMENT_3D('',#3604,#2741,#2742);
#2179=AXIS2_PLACEMENT_3D('',#3729,#2745,#2746);
#2180=AXIS2_PLACEMENT_3D('',#3731,#2747,#2748);
#2181=AXIS2_PLACEMENT_3D('',#3733,#2749,#2750);
#2182=AXIS2_PLACEMENT_3D('',#3735,#2751,#2752);
#2183=AXIS2_PLACEMENT_3D('',#3736,#2753,#2754);
#2184=AXIS2_PLACEMENT_3D('',#3737,#2755,#2756);
#2185=AXIS2_PLACEMENT_3D('',#3741,#2758,#2759);
#2186=AXIS2_PLACEMENT_3D('',#3743,#2761,#2762);
#2187=AXIS2_PLACEMENT_3D('',#3745,#2763,#2764);
#2188=AXIS2_PLACEMENT_3D('',#3747,#2765,#2766);
#2189=AXIS2_PLACEMENT_3D('',#3748,#2767,#2768);
#2190=AXIS2_PLACEMENT_3D('',#3749,#2769,#2770);
#2191=AXIS2_PLACEMENT_3D('',#3755,#2774,#2775);
#2192=AXIS2_PLACEMENT_3D('',#3756,#2776,#2777);
#2193=AXIS2_PLACEMENT_3D('',#3757,#2778,#2779);
#2194=AXIS2_PLACEMENT_3D('',#3758,#2780,#2781);
#2195=AXIS2_PLACEMENT_3D('',#3760,#2783,#2784);
#2196=AXIS2_PLACEMENT_3D('',#3761,#2785,#2786);
#2197=AXIS2_PLACEMENT_3D('',#3762,#2787,#2788);
#2198=AXIS2_PLACEMENT_3D('',#3763,#2789,#2790);
#2199=AXIS2_PLACEMENT_3D('',#3764,#2791,#2792);
#2200=AXIS2_PLACEMENT_3D('',#3765,#2793,#2794);
#2201=AXIS2_PLACEMENT_3D('',#3767,#2796,#2797);
#2202=AXIS2_PLACEMENT_3D('',#3770,#2800,#2801);
#2203=AXIS2_PLACEMENT_3D('',#3771,#2802,#2803);
#2204=AXIS2_PLACEMENT_3D('',#3772,#2804,#2805);
#2205=AXIS2_PLACEMENT_3D('',#3773,#2806,#2807);
#2206=AXIS2_PLACEMENT_3D('',#3774,#2808,#2809);
#2207=AXIS2_PLACEMENT_3D('',#3775,#2810,#2811);
#2208=DIRECTION('axis',(0.,0.,1.));
#2209=DIRECTION('refdir',(1.,0.,0.));
#2210=DIRECTION('axis',(0.,0.,1.));
#2211=DIRECTION('refdir',(1.,0.,0.));
#2212=DIRECTION('center_axis',(0.,0.,-1.));
#2213=DIRECTION('ref_axis',(1.,0.,0.));
#2214=DIRECTION('center_axis',(0.,0.,-1.));
#2215=DIRECTION('ref_axis',(1.,0.,0.));
#2216=DIRECTION('',(0.,0.,-1.));
#2217=DIRECTION('center_axis',(0.,0.,1.));
#2218=DIRECTION('ref_axis',(1.,0.,0.));
#2219=DIRECTION('center_axis',(1.,0.,0.));
#2220=DIRECTION('ref_axis',(0.,-1.,0.));
#2221=DIRECTION('',(0.,1.,0.));
#2222=DIRECTION('',(0.,0.,-1.));
#2223=DIRECTION('',(0.,-1.,0.));
#2224=DIRECTION('',(0.,0.,-1.));
#2225=DIRECTION('center_axis',(0.,1.,0.));
#2226=DIRECTION('ref_axis',(1.,0.,0.));
#2227=DIRECTION('',(-1.,0.,0.));
#2228=DIRECTION('',(1.,0.,0.));
#2229=DIRECTION('',(0.,0.,-1.));
#2230=DIRECTION('center_axis',(-1.,0.,0.));
#2231=DIRECTION('ref_axis',(0.,1.,0.));
#2232=DIRECTION('',(0.,-1.,0.));
#2233=DIRECTION('',(0.,1.,0.));
#2234=DIRECTION('',(0.,0.,-1.));
#2235=DIRECTION('center_axis',(0.,-1.,0.));
#2236=DIRECTION('ref_axis',(-1.,0.,0.));
#2237=DIRECTION('',(1.,0.,0.));
#2238=DIRECTION('',(-1.,0.,0.));
#2239=DIRECTION('center_axis',(0.,-1.,0.));
#2240=DIRECTION('ref_axis',(-1.,0.,0.));
#2241=DIRECTION('',(0.,0.,1.));
#2242=DIRECTION('',(-1.,0.,0.));
#2243=DIRECTION('',(0.,0.,1.));
#2244=DIRECTION('',(-1.,0.,0.));
#2245=DIRECTION('center_axis',(1.,0.,0.));
#2246=DIRECTION('ref_axis',(0.,-1.,0.));
#2247=DIRECTION('',(0.,0.,1.));
#2248=DIRECTION('',(0.,-1.,0.));
#2249=DIRECTION('',(0.,-1.,0.));
#2250=DIRECTION('center_axis',(-1.,0.,0.));
#2251=DIRECTION('ref_axis',(0.,1.,0.));
#2252=DIRECTION('',(0.,1.,0.));
#2253=DIRECTION('',(0.,0.,1.));
#2254=DIRECTION('',(0.,1.,0.));
#2255=DIRECTION('center_axis',(0.,0.,1.));
#2256=DIRECTION('ref_axis',(1.,0.,0.));
#2257=DIRECTION('',(1.,0.,0.));
#2258=DIRECTION('center_axis',(0.,0.,-1.));
#2259=DIRECTION('ref_axis',(3.197042680585E-14,-1.,0.));
#2260=DIRECTION('center_axis',(0.,0.,-1.));
#2261=DIRECTION('ref_axis',(0.,-1.,0.));
#2262=DIRECTION('center_axis',(0.,0.,-1.));
#2263=DIRECTION('ref_axis',(3.197042680585E-14,-1.,0.));
#2264=DIRECTION('center_axis',(0.,0.,-1.));
#2265=DIRECTION('ref_axis',(3.197042680585E-14,-1.,0.));
#2266=DIRECTION('center_axis',(0.,0.,-1.));
#2267=DIRECTION('ref_axis',(3.197042680585E-14,-1.,0.));
#2268=DIRECTION('center_axis',(0.,0.,-1.));
#2269=DIRECTION('ref_axis',(3.197042680585E-14,-1.,0.));
#2270=DIRECTION('center_axis',(0.,0.,-1.));
#2271=DIRECTION('ref_axis',(0.,-1.,0.));
#2272=DIRECTION('center_axis',(0.,0.,-1.));
#2273=DIRECTION('ref_axis',(0.,-1.,0.));
#2274=DIRECTION('center_axis',(0.,0.,-1.));
#2275=DIRECTION('ref_axis',(0.,-1.,0.));
#2276=DIRECTION('center_axis',(0.,0.,-1.));
#2277=DIRECTION('ref_axis',(0.,-1.,0.));
#2278=DIRECTION('center_axis',(0.,0.,-1.));
#2279=DIRECTION('ref_axis',(3.197042680585E-14,-1.,0.));
#2280=DIRECTION('center_axis',(0.,0.,-1.));
#2281=DIRECTION('ref_axis',(3.197042680585E-14,-1.,0.));
#2282=DIRECTION('center_axis',(0.,0.,-1.));
#2283=DIRECTION('ref_axis',(0.,-1.,0.));
#2284=DIRECTION('center_axis',(0.,0.,-1.));
#2285=DIRECTION('ref_axis',(0.,-1.,0.));
#2286=DIRECTION('center_axis',(0.,0.,-1.));
#2287=DIRECTION('ref_axis',(0.,-1.,0.));
#2288=DIRECTION('center_axis',(0.,0.,-1.));
#2289=DIRECTION('ref_axis',(0.,-1.,0.));
#2290=DIRECTION('center_axis',(0.,0.,-1.));
#2291=DIRECTION('ref_axis',(0.,-1.,0.));
#2292=DIRECTION('center_axis',(0.,0.,1.));
#2293=DIRECTION('ref_axis',(1.,0.,0.));
#2294=DIRECTION('',(1.,0.,0.));
#2295=DIRECTION('center_axis',(0.,0.,-1.));
#2296=DIRECTION('ref_axis',(3.197042680585E-14,-1.,0.));
#2297=DIRECTION('center_axis',(0.,0.,-1.));
#2298=DIRECTION('ref_axis',(0.,-1.,0.));
#2299=DIRECTION('center_axis',(0.,0.,-1.));
#2300=DIRECTION('ref_axis',(3.197042680585E-14,-1.,0.));
#2301=DIRECTION('center_axis',(0.,0.,-1.));
#2302=DIRECTION('ref_axis',(3.197042680585E-14,-1.,0.));
#2303=DIRECTION('center_axis',(0.,0.,-1.));
#2304=DIRECTION('ref_axis',(3.197042680585E-14,-1.,0.));
#2305=DIRECTION('center_axis',(0.,0.,-1.));
#2306=DIRECTION('ref_axis',(3.197042680585E-14,-1.,0.));
#2307=DIRECTION('center_axis',(0.,0.,-1.));
#2308=DIRECTION('ref_axis',(0.,-1.,0.));
#2309=DIRECTION('center_axis',(0.,0.,-1.));
#2310=DIRECTION('ref_axis',(0.,-1.,0.));
#2311=DIRECTION('center_axis',(0.,0.,-1.));
#2312=DIRECTION('ref_axis',(0.,-1.,0.));
#2313=DIRECTION('center_axis',(0.,0.,-1.));
#2314=DIRECTION('ref_axis',(0.,-1.,0.));
#2315=DIRECTION('center_axis',(0.,0.,-1.));
#2316=DIRECTION('ref_axis',(3.197042680585E-14,-1.,0.));
#2317=DIRECTION('center_axis',(0.,0.,-1.));
#2318=DIRECTION('ref_axis',(3.197042680585E-14,-1.,0.));
#2319=DIRECTION('center_axis',(0.,0.,-1.));
#2320=DIRECTION('ref_axis',(0.,-1.,0.));
#2321=DIRECTION('center_axis',(0.,0.,-1.));
#2322=DIRECTION('ref_axis',(0.,-1.,0.));
#2323=DIRECTION('center_axis',(0.,0.,-1.));
#2324=DIRECTION('ref_axis',(0.,-1.,0.));
#2325=DIRECTION('center_axis',(0.,0.,-1.));
#2326=DIRECTION('ref_axis',(0.,-1.,0.));
#2327=DIRECTION('center_axis',(0.,0.,-1.));
#2328=DIRECTION('ref_axis',(0.,-1.,0.));
#2329=DIRECTION('center_axis',(0.,1.,0.));
#2330=DIRECTION('ref_axis',(1.,0.,0.));
#2331=DIRECTION('center_axis',(0.,0.,-1.));
#2332=DIRECTION('ref_axis',(3.197042680585E-14,-1.,0.));
#2333=DIRECTION('',(0.,0.,-1.));
#2334=DIRECTION('center_axis',(0.,0.,-1.));
#2335=DIRECTION('ref_axis',(0.,-1.,0.));
#2336=DIRECTION('',(0.,0.,-1.));
#2337=DIRECTION('center_axis',(0.,0.,-1.));
#2338=DIRECTION('ref_axis',(3.197042680585E-14,-1.,0.));
#2339=DIRECTION('',(0.,0.,-1.));
#2340=DIRECTION('center_axis',(0.,0.,-1.));
#2341=DIRECTION('ref_axis',(3.197042680585E-14,-1.,0.));
#2342=DIRECTION('',(0.,0.,-1.));
#2343=DIRECTION('center_axis',(0.,0.,-1.));
#2344=DIRECTION('ref_axis',(3.197042680585E-14,-1.,0.));
#2345=DIRECTION('',(0.,0.,-1.));
#2346=DIRECTION('center_axis',(0.,0.,-1.));
#2347=DIRECTION('ref_axis',(3.197042680585E-14,-1.,0.));
#2348=DIRECTION('',(0.,0.,-1.));
#2349=DIRECTION('center_axis',(0.,0.,-1.));
#2350=DIRECTION('ref_axis',(0.,-1.,0.));
#2351=DIRECTION('',(0.,0.,-1.));
#2352=DIRECTION('center_axis',(0.,0.,-1.));
#2353=DIRECTION('ref_axis',(0.,-1.,0.));
#2354=DIRECTION('',(0.,0.,-1.));
#2355=DIRECTION('center_axis',(0.,0.,-1.));
#2356=DIRECTION('ref_axis',(0.,-1.,0.));
#2357=DIRECTION('',(0.,0.,-1.));
#2358=DIRECTION('center_axis',(0.,0.,-1.));
#2359=DIRECTION('ref_axis',(0.,-1.,0.));
#2360=DIRECTION('',(0.,0.,-1.));
#2361=DIRECTION('center_axis',(0.,0.,-1.));
#2362=DIRECTION('ref_axis',(3.197042680585E-14,-1.,0.));
#2363=DIRECTION('',(0.,0.,-1.));
#2364=DIRECTION('center_axis',(0.,0.,-1.));
#2365=DIRECTION('ref_axis',(3.197042680585E-14,-1.,0.));
#2366=DIRECTION('',(0.,0.,-1.));
#2367=DIRECTION('center_axis',(0.,0.,-1.));
#2368=DIRECTION('ref_axis',(0.,-1.,0.));
#2369=DIRECTION('',(0.,0.,-1.));
#2370=DIRECTION('center_axis',(0.,0.,-1.));
#2371=DIRECTION('ref_axis',(0.,-1.,0.));
#2372=DIRECTION('',(0.,0.,-1.));
#2373=DIRECTION('center_axis',(0.,0.,-1.));
#2374=DIRECTION('ref_axis',(0.,-1.,0.));
#2375=DIRECTION('',(0.,0.,-1.));
#2376=DIRECTION('center_axis',(0.,0.,-1.));
#2377=DIRECTION('ref_axis',(0.,-1.,0.));
#2378=DIRECTION('',(0.,0.,-1.));
#2379=DIRECTION('center_axis',(0.,0.,-1.));
#2380=DIRECTION('ref_axis',(0.,-1.,0.));
#2381=DIRECTION('',(0.,0.,-1.));
#2382=DIRECTION('axis',(0.,0.,1.));
#2383=DIRECTION('refdir',(1.,0.,0.));
#2384=DIRECTION('axis',(0.,0.,1.));
#2385=DIRECTION('refdir',(1.,0.,0.));
#2386=DIRECTION('axis',(0.,0.,1.));
#2387=DIRECTION('refdir',(1.,0.,0.));
#2388=DIRECTION('center_axis',(1.79573701665011E-63,8.62816615085482E-32,
1.));
#2389=DIRECTION('ref_axis',(1.,9.60892534673548E-32,-1.00864774589295E-62));
#2390=DIRECTION('center_axis',(-1.79573701665011E-63,-8.62816615085482E-32,
-1.));
#2391=DIRECTION('ref_axis',(1.,9.60892534673548E-32,-1.00864774589295E-62));
#2392=DIRECTION('',(1.79573701665011E-63,8.62816615085482E-32,1.));
#2393=DIRECTION('center_axis',(-1.21430643318376E-15,6.61363325215794E-17,
-1.));
#2394=DIRECTION('ref_axis',(1.,9.60892534673548E-32,-1.00864774589295E-62));
#2395=DIRECTION('center_axis',(1.79573701665011E-63,8.62816615085482E-32,
1.));
#2396=DIRECTION('ref_axis',(1.,9.60892534673548E-32,-1.00864774589295E-62));
#2397=DIRECTION('center_axis',(1.21430643318376E-15,-6.61363325215794E-17,
1.));
#2398=DIRECTION('ref_axis',(1.,-3.31679128606774E-15,-1.21430643318376E-15));
#2399=DIRECTION('center_axis',(1.79573701665011E-63,8.62816615085482E-32,
1.));
#2400=DIRECTION('ref_axis',(1.,9.60892534673548E-32,-1.00864774589295E-62));
#2401=DIRECTION('center_axis',(1.21430643318376E-15,-6.61363325215794E-17,
1.));
#2402=DIRECTION('ref_axis',(1.,9.60892534673548E-32,-1.00864774589295E-62));
#2403=DIRECTION('',(-1.79573701665011E-63,-8.62816615085482E-32,-1.));
#2404=DIRECTION('center_axis',(1.79573701665011E-63,8.62816615085482E-32,
1.));
#2405=DIRECTION('ref_axis',(1.,9.60892534673548E-32,-1.00864774589295E-62));
#2406=DIRECTION('center_axis',(1.79573701665011E-63,8.62816615085482E-32,
1.));
#2407=DIRECTION('ref_axis',(1.,9.60892534673548E-32,-1.00864774589295E-62));
#2408=DIRECTION('center_axis',(1.21430643318378E-17,2.11636264069151E-16,
-1.));
#2409=DIRECTION('ref_axis',(1.,-1.13797860024078E-14,1.21430643318353E-17));
#2410=DIRECTION('center_axis',(-1.21430643318376E-15,6.61363325215983E-17,
-1.));
#2411=DIRECTION('ref_axis',(1.,-1.13797860024078E-14,1.21430643318353E-17));
#2412=DIRECTION('',(1.21430643318378E-17,2.11636264069151E-16,-1.));
#2413=DIRECTION('center_axis',(1.21430643318376E-15,-6.61363325215794E-17,
1.));
#2414=DIRECTION('ref_axis',(1.,-1.13797860024078E-14,1.21430643318323E-17));
#2415=DIRECTION('center_axis',(1.,-1.13797860024078E-14,1.21430643318355E-17));
#2416=DIRECTION('ref_axis',(-1.13797860024078E-14,-1.,-2.11636264069152E-16));
#2417=DIRECTION('',(-1.77635683940025E-15,-1.89573136285924E-29,-1.));
#2418=DIRECTION('',(-1.13797860024078E-14,-1.,-6.61363325215845E-17));
#2419=DIRECTION('',(-1.77635683940025E-15,-1.89573136285924E-29,-1.));
#2420=DIRECTION('',(1.13797860024078E-14,1.,6.61363325215656E-17));
#2421=DIRECTION('center_axis',(1.13797860024078E-14,1.,2.11636264069152E-16));
#2422=DIRECTION('ref_axis',(1.,-1.13797860024078E-14,1.21430643318355E-17));
#2423=DIRECTION('',(1.,-1.13797860024078E-14,-1.21430643318376E-15));
#2424=DIRECTION('',(1.21430643318378E-17,2.11636264069151E-16,-1.));
#2425=DIRECTION('',(-1.,1.13797860024078E-14,1.21430643318376E-15));
#2426=DIRECTION('center_axis',(-1.,1.13797860024078E-14,-1.21430643318355E-17));
#2427=DIRECTION('ref_axis',(1.13797860024078E-14,1.,2.11636264069152E-16));
#2428=DIRECTION('',(1.13797860024078E-14,1.,6.61363325215845E-17));
#2429=DIRECTION('',(-1.77635683940025E-15,-1.89573136285924E-29,-1.));
#2430=DIRECTION('',(-1.13797860024078E-14,-1.,-6.61363325215656E-17));
#2431=DIRECTION('center_axis',(-1.13797860024078E-14,-1.,-2.11636264069152E-16));
#2432=DIRECTION('ref_axis',(-1.,1.13797860024078E-14,-1.21430643318355E-17));
#2433=DIRECTION('',(-1.,1.13797860024078E-14,1.21430643318376E-15));
#2434=DIRECTION('',(1.,-1.13797860024078E-14,-1.21430643318376E-15));
#2435=DIRECTION('center_axis',(1.21430643318376E-15,-6.61363325215983E-17,
1.));
#2436=DIRECTION('ref_axis',(1.,-3.31679128606775E-15,-1.21430643318376E-15));
#2437=DIRECTION('center_axis',(1.21430643318376E-15,-6.61363325215983E-17,
1.));
#2438=DIRECTION('ref_axis',(0.999999354351617,-0.00113635221186691,-1.21438080333652E-15));
#2439=DIRECTION('',(-1.21430643318376E-15,6.61363325215983E-17,-1.));
#2440=DIRECTION('center_axis',(1.21430643318376E-15,-6.61363325215983E-17,
1.));
#2441=DIRECTION('ref_axis',(0.999999354351617,-0.00113635221186691,-1.21438080333652E-15));
#2442=DIRECTION('center_axis',(1.21430643318376E-15,-6.61363325215983E-17,
1.));
#2443=DIRECTION('ref_axis',(1.,-3.31679128606775E-15,-1.21430643318376E-15));
#2444=DIRECTION('center_axis',(1.79573701665011E-63,8.62816615085482E-32,
1.));
#2445=DIRECTION('ref_axis',(1.,9.60892534673548E-32,-1.00864774589295E-62));
#2446=DIRECTION('center_axis',(-1.21430643318376E-15,6.61363325215794E-17,
-1.));
#2447=DIRECTION('ref_axis',(1.,9.60892534673548E-32,-1.00864774589295E-62));
#2448=DIRECTION('',(-1.79573701665011E-63,-8.62816615085482E-32,-1.));
#2449=DIRECTION('center_axis',(1.79573701665011E-63,8.62816615085482E-32,
1.));
#2450=DIRECTION('ref_axis',(1.,9.60892534673548E-32,-1.00864774589295E-62));
#2451=DIRECTION('center_axis',(1.79573701665011E-63,8.62816615085482E-32,
1.));
#2452=DIRECTION('ref_axis',(1.,9.60892534673548E-32,-1.00864774589295E-62));
#2453=DIRECTION('center_axis',(1.79573701665011E-63,8.62816615085482E-32,
1.));
#2454=DIRECTION('ref_axis',(1.,9.60892534673548E-32,-1.00864774589295E-62));
#2455=DIRECTION('center_axis',(-1.21430643318376E-15,6.61363325215794E-17,
-1.));
#2456=DIRECTION('ref_axis',(1.,9.60892534673548E-32,-1.00864774589295E-62));
#2457=DIRECTION('',(-1.79573701665011E-63,-8.62816615085482E-32,-1.));
#2458=DIRECTION('center_axis',(1.79573701665011E-63,8.62816615085482E-32,
1.));
#2459=DIRECTION('ref_axis',(1.,9.60892534673548E-32,-1.00864774589295E-62));
#2460=DIRECTION('center_axis',(1.79573701665011E-63,8.62816615085482E-32,
1.));
#2461=DIRECTION('ref_axis',(1.,9.60892534673548E-32,-1.00864774589295E-62));
#2462=DIRECTION('center_axis',(1.21430643318376E-15,-6.61363325215794E-17,
1.));
#2463=DIRECTION('ref_axis',(1.,-3.31679128606774E-15,-1.21430643318376E-15));
#2464=DIRECTION('center_axis',(1.21430643318376E-15,-6.61363325215794E-17,
1.));
#2465=DIRECTION('ref_axis',(1.,9.60892534673548E-32,-1.00864774589295E-62));
#2466=DIRECTION('center_axis',(1.79573701665011E-63,8.62816615085482E-32,
1.));
#2467=DIRECTION('ref_axis',(1.,9.60892534673548E-32,-1.00864774589295E-62));
#2468=DIRECTION('center_axis',(1.79573701665011E-63,8.62816615085482E-32,
1.));
#2469=DIRECTION('ref_axis',(1.,9.60892534673548E-32,-1.00864774589295E-62));
#2470=DIRECTION('center_axis',(1.79573701665011E-63,8.62816615085482E-32,
1.));
#2471=DIRECTION('ref_axis',(1.,9.60892534673548E-32,-1.00864774589295E-62));
#2472=DIRECTION('',(-1.79573701665011E-63,-8.62816615085482E-32,-1.));
#2473=DIRECTION('center_axis',(1.79573701665011E-63,8.62816615085482E-32,
1.));
#2474=DIRECTION('ref_axis',(1.,9.60892534673548E-32,-1.00864774589295E-62));
#2475=DIRECTION('center_axis',(-1.79573701665011E-63,-8.62816615085482E-32,
-1.));
#2476=DIRECTION('ref_axis',(1.,9.60892534673548E-32,-1.00864774589295E-62));
#2477=DIRECTION('',(1.79573701665011E-63,8.62816615085482E-32,1.));
#2478=DIRECTION('center_axis',(-1.21430643318376E-15,6.61363325215794E-17,
-1.));
#2479=DIRECTION('ref_axis',(1.,9.60892534673548E-32,-1.00864774589295E-62));
#2480=DIRECTION('center_axis',(1.79573701665011E-63,8.62816615085482E-32,
1.));
#2481=DIRECTION('ref_axis',(1.,9.60892534673548E-32,-1.00864774589295E-62));
#2482=DIRECTION('center_axis',(1.21430643318376E-15,-6.61363325215794E-17,
1.));
#2483=DIRECTION('ref_axis',(1.,-3.31679128606774E-15,-1.21430643318376E-15));
#2484=DIRECTION('center_axis',(1.21430643318376E-15,-6.61363325215794E-17,
1.));
#2485=DIRECTION('ref_axis',(1.,-3.31679128606774E-15,-1.21430643318376E-15));
#2486=DIRECTION('center_axis',(1.21430643318376E-15,-6.61363325215794E-17,
1.));
#2487=DIRECTION('ref_axis',(1.,9.60892534673548E-32,-1.00864774589295E-62));
#2488=DIRECTION('center_axis',(1.79573701665011E-63,8.62816615085482E-32,
1.));
#2489=DIRECTION('ref_axis',(1.,9.60892534673548E-32,-1.00864774589295E-62));
#2490=DIRECTION('center_axis',(-1.79573701665011E-63,-8.62816615085482E-32,
-1.));
#2491=DIRECTION('ref_axis',(1.,9.60892534673548E-32,-1.00864774589295E-62));
#2492=DIRECTION('',(1.79573701665011E-63,8.62816615085482E-32,1.));
#2493=DIRECTION('center_axis',(1.79573701665011E-63,8.62816615085482E-32,
1.));
#2494=DIRECTION('ref_axis',(1.,9.60892534673548E-32,-1.00864774589295E-62));
#2495=DIRECTION('center_axis',(1.79573701665011E-63,8.62816615085482E-32,
1.));
#2496=DIRECTION('ref_axis',(1.,9.60892534673548E-32,-1.00864774589295E-62));
#2497=DIRECTION('center_axis',(-1.79573701665011E-63,-8.62816615085482E-32,
-1.));
#2498=DIRECTION('ref_axis',(1.,9.60892534673548E-32,-1.00864774589295E-62));
#2499=DIRECTION('center_axis',(1.79573701665011E-63,8.62816615085482E-32,
1.));
#2500=DIRECTION('ref_axis',(1.,9.60892534673548E-32,-1.00864774589295E-62));
#2501=DIRECTION('',(1.79573701665011E-63,8.62816615085482E-32,1.));
#2502=DIRECTION('center_axis',(1.21430643318376E-15,-6.61363325215794E-17,
1.));
#2503=DIRECTION('ref_axis',(1.,9.60892534673548E-32,-1.00864774589295E-62));
#2504=DIRECTION('center_axis',(1.21430643318376E-15,-6.61363325215794E-17,
1.));
#2505=DIRECTION('ref_axis',(1.,-3.31679128606774E-15,-1.21430643318376E-15));
#2506=DIRECTION('center_axis',(0.,0.,1.));
#2507=DIRECTION('ref_axis',(1.,0.,0.));
#2508=DIRECTION('',(0.,0.,-1.));
#2509=DIRECTION('center_axis',(0.,0.,-1.));
#2510=DIRECTION('ref_axis',(1.,0.,0.));
#2511=DIRECTION('',(0.,0.,1.));
#2512=DIRECTION('center_axis',(0.,0.,-1.));
#2513=DIRECTION('ref_axis',(1.,0.,0.));
#2514=DIRECTION('center_axis',(0.,0.,1.));
#2515=DIRECTION('ref_axis',(-0.977171492455438,-0.212452051843263,0.));
#2516=DIRECTION('',(0.,0.,1.));
#2517=DIRECTION('center_axis',(0.,0.,-1.));
#2518=DIRECTION('ref_axis',(1.,0.,0.));
#2519=DIRECTION('',(0.,0.,-1.));
#2520=DIRECTION('center_axis',(0.,0.,-1.));
#2521=DIRECTION('ref_axis',(1.,0.,0.));
#2522=DIRECTION('center_axis',(0.,0.,-1.));
#2523=DIRECTION('ref_axis',(-1.,0.,0.));
#2524=DIRECTION('center_axis',(0.,0.,-1.));
#2525=DIRECTION('ref_axis',(0.999999354351617,-0.0011363522118636,1.85051737629045E-19));
#2526=DIRECTION('center_axis',(0.,0.,1.));
#2527=DIRECTION('ref_axis',(0.999999354351617,-0.0011363522118636,1.85051737629045E-19));
#2528=DIRECTION('center_axis',(2.77400972736141E-47,-1.62847166307322E-16,
-1.));
#2529=DIRECTION('ref_axis',(0.999999354351617,-0.0011363522118636,1.85051737629045E-19));
#2530=DIRECTION('',(0.,0.,-1.));
#2531=DIRECTION('center_axis',(0.,0.,1.));
#2532=DIRECTION('ref_axis',(0.999999354351617,-0.0011363522118636,1.85051737629045E-19));
#2533=DIRECTION('',(0.,0.,1.));
#2534=DIRECTION('center_axis',(2.77400972736141E-47,-1.62847166307322E-16,
-1.));
#2535=DIRECTION('ref_axis',(0.999999354351617,-0.0011363522118636,1.85051737629045E-19));
#2536=DIRECTION('',(2.77400972736141E-47,-1.62847166307322E-16,-1.));
#2537=DIRECTION('center_axis',(2.77400972736141E-47,-1.62847166307322E-16,
-1.));
#2538=DIRECTION('ref_axis',(0.999999354351617,-0.0011363522118636,1.85051737629045E-19));
#2539=DIRECTION('center_axis',(2.77400972736141E-47,-1.62847166307322E-16,
-1.));
#2540=DIRECTION('ref_axis',(0.999999354351617,-0.0011363522118636,1.85051737629045E-19));
#2541=DIRECTION('center_axis',(0.,0.,-1.));
#2542=DIRECTION('ref_axis',(-1.,0.,0.));
#2543=DIRECTION('center_axis',(-2.77400972736141E-47,1.62847166307322E-16,
1.));
#2544=DIRECTION('ref_axis',(0.999999354351617,-0.0011363522118636,1.85051737629045E-19));
#2545=DIRECTION('center_axis',(2.77400972736141E-47,-1.62847166307322E-16,
-1.));
#2546=DIRECTION('ref_axis',(1.,0.,0.));
#2547=DIRECTION('center_axis',(0.,0.,-1.));
#2548=DIRECTION('ref_axis',(-1.,0.,0.));
#2549=DIRECTION('center_axis',(2.77400972736141E-47,-1.62847166307322E-16,
-1.));
#2550=DIRECTION('ref_axis',(1.,0.,0.));
#2551=DIRECTION('center_axis',(-2.77400972736141E-47,1.62847166307322E-16,
1.));
#2552=DIRECTION('ref_axis',(0.999999354351617,-0.0011363522118636,1.85051737629045E-19));
#2553=DIRECTION('center_axis',(-2.77400972736141E-47,1.62847166307322E-16,
1.));
#2554=DIRECTION('ref_axis',(0.999999354351617,-0.0011363522118636,1.85051737629045E-19));
#2555=DIRECTION('center_axis',(0.,0.,1.));
#2556=DIRECTION('ref_axis',(1.,0.,0.));
#2557=DIRECTION('center_axis',(-2.77400972736141E-47,1.62847166307322E-16,
1.));
#2558=DIRECTION('ref_axis',(1.,0.,0.));
#2559=DIRECTION('',(0.,0.,1.));
#2560=DIRECTION('center_axis',(2.77400972736141E-47,-1.62847166307322E-16,
-1.));
#2561=DIRECTION('ref_axis',(1.,0.,0.));
#2562=DIRECTION('center_axis',(0.,0.,1.));
#2563=DIRECTION('ref_axis',(1.,0.,0.));
#2564=DIRECTION('center_axis',(-2.77400972736141E-47,1.62847166307322E-16,
1.));
#2565=DIRECTION('ref_axis',(1.,0.,0.));
#2566=DIRECTION('',(0.,0.,1.));
#2567=DIRECTION('center_axis',(2.77400972736141E-47,-1.62847166307322E-16,
-1.));
#2568=DIRECTION('ref_axis',(1.,0.,0.));
#2569=DIRECTION('center_axis',(0.,0.,1.));
#2570=DIRECTION('ref_axis',(1.,0.,0.));
#2571=DIRECTION('center_axis',(-2.77400972736141E-47,1.62847166307322E-16,
1.));
#2572=DIRECTION('ref_axis',(1.,0.,0.));
#2573=DIRECTION('',(0.,0.,1.));
#2574=DIRECTION('center_axis',(2.77400972736141E-47,-1.62847166307322E-16,
-1.));
#2575=DIRECTION('ref_axis',(1.,0.,0.));
#2576=DIRECTION('center_axis',(0.,0.,1.));
#2577=DIRECTION('ref_axis',(1.,0.,0.));
#2578=DIRECTION('center_axis',(-2.77400972736141E-47,1.62847166307322E-16,
1.));
#2579=DIRECTION('ref_axis',(1.,0.,0.));
#2580=DIRECTION('',(0.,0.,1.));
#2581=DIRECTION('center_axis',(2.77400972736141E-47,-1.62847166307322E-16,
-1.));
#2582=DIRECTION('ref_axis',(1.,0.,0.));
#2583=DIRECTION('center_axis',(0.,0.,1.));
#2584=DIRECTION('ref_axis',(-0.981101355715926,-0.193494521401436,0.));
#2585=DIRECTION('',(0.,0.,1.));
#2586=DIRECTION('center_axis',(0.,0.,-1.));
#2587=DIRECTION('ref_axis',(1.,0.,0.));
#2588=DIRECTION('center_axis',(0.,0.,1.));
#2589=DIRECTION('ref_axis',(1.,0.,0.));
#2590=DIRECTION('center_axis',(0.,0.,-1.));
#2591=DIRECTION('ref_axis',(1.,0.,0.));
#2592=DIRECTION('',(0.,0.,-1.));
#2593=DIRECTION('center_axis',(0.,0.,-1.));
#2594=DIRECTION('ref_axis',(-1.,0.,0.));
#2595=DIRECTION('center_axis',(0.,0.,-1.));
#2596=DIRECTION('ref_axis',(0.999999354351617,-0.0011363522118636,1.85051737629045E-19));
#2597=DIRECTION('center_axis',(2.77400972736141E-47,-1.62847166307322E-16,
-1.));
#2598=DIRECTION('ref_axis',(0.999999354351617,-0.0011363522118636,1.85051737629045E-19));
#2599=DIRECTION('',(-2.77400972736141E-47,1.62847166307322E-16,1.));
#2600=DIRECTION('center_axis',(-2.77400972736141E-47,1.62847166307322E-16,
1.));
#2601=DIRECTION('ref_axis',(1.,1.70344365840935E-31,0.));
#2602=DIRECTION('center_axis',(-2.77400972736141E-47,1.62847166307322E-16,
1.));
#2603=DIRECTION('ref_axis',(1.,1.70344365840935E-31,0.));
#2604=DIRECTION('center_axis',(0.,0.,1.));
#2605=DIRECTION('ref_axis',(1.,0.,0.));
#2606=DIRECTION('',(0.,0.,-1.));
#2607=DIRECTION('center_axis',(0.,0.,-1.));
#2608=DIRECTION('ref_axis',(1.,0.,0.));
#2609=DIRECTION('',(0.,0.,1.));
#2610=DIRECTION('center_axis',(0.,0.,1.));
#2611=DIRECTION('ref_axis',(1.,0.,0.));
#2612=DIRECTION('center_axis',(0.,0.,1.));
#2613=DIRECTION('ref_axis',(1.,0.,0.));
#2614=DIRECTION('center_axis',(0.,0.,1.));
#2615=DIRECTION('ref_axis',(1.,0.,0.));
#2616=DIRECTION('center_axis',(0.,0.,-1.));
#2617=DIRECTION('ref_axis',(1.,0.,0.));
#2618=DIRECTION('center_axis',(0.,0.,1.));
#2619=DIRECTION('ref_axis',(-1.,4.76400101338714E-14,0.));
#2620=DIRECTION('center_axis',(0.,0.,1.));
#2621=DIRECTION('ref_axis',(1.,0.,0.));
#2622=DIRECTION('center_axis',(0.,0.,1.));
#2623=DIRECTION('ref_axis',(1.,0.,0.));
#2624=DIRECTION('',(0.,0.,-1.));
#2625=DIRECTION('center_axis',(0.,0.,1.));
#2626=DIRECTION('ref_axis',(1.,0.,0.));
#2627=DIRECTION('center_axis',(0.,0.,1.));
#2628=DIRECTION('ref_axis',(1.,0.,0.));
#2629=DIRECTION('center_axis',(0.,0.,1.));
#2630=DIRECTION('ref_axis',(1.,0.,0.));
#2631=DIRECTION('center_axis',(0.,0.,-1.));
#2632=DIRECTION('ref_axis',(1.,0.,0.));
#2633=DIRECTION('',(0.,0.,-1.));
#2634=DIRECTION('center_axis',(0.,0.,1.));
#2635=DIRECTION('ref_axis',(1.,0.,0.));
#2636=DIRECTION('center_axis',(0.,0.,1.));
#2637=DIRECTION('ref_axis',(1.,0.,0.));
#2638=DIRECTION('center_axis',(0.,0.,1.));
#2639=DIRECTION('ref_axis',(1.,0.,0.));
#2640=DIRECTION('',(0.,0.,-1.));
#2641=DIRECTION('center_axis',(0.,0.,1.));
#2642=DIRECTION('ref_axis',(1.,0.,0.));
#2643=DIRECTION('center_axis',(0.,0.,1.));
#2644=DIRECTION('ref_axis',(1.,0.,0.));
#2645=DIRECTION('center_axis',(0.,0.,1.));
#2646=DIRECTION('ref_axis',(1.,0.,0.));
#2647=DIRECTION('center_axis',(0.,0.,1.));
#2648=DIRECTION('ref_axis',(1.,0.,0.));
#2649=DIRECTION('center_axis',(0.,0.,1.));
#2650=DIRECTION('ref_axis',(1.,0.,0.));
#2651=DIRECTION('',(0.,0.,1.));
#2652=DIRECTION('center_axis',(0.,0.,-1.));
#2653=DIRECTION('ref_axis',(1.,0.,0.));
#2654=DIRECTION('center_axis',(0.,0.,1.));
#2655=DIRECTION('ref_axis',(1.,0.,0.));
#2656=DIRECTION('center_axis',(0.,0.,1.));
#2657=DIRECTION('ref_axis',(1.,0.,0.));
#2658=DIRECTION('',(0.,0.,-1.));
#2659=DIRECTION('center_axis',(0.,0.,1.));
#2660=DIRECTION('ref_axis',(1.,0.,0.));
#2661=DIRECTION('center_axis',(0.,0.,1.));
#2662=DIRECTION('ref_axis',(1.,0.,0.));
#2663=DIRECTION('center_axis',(0.,0.,1.));
#2664=DIRECTION('ref_axis',(1.,0.,0.));
#2665=DIRECTION('center_axis',(0.,0.,1.));
#2666=DIRECTION('ref_axis',(1.,0.,0.));
#2667=DIRECTION('',(0.,0.,-1.));
#2668=DIRECTION('center_axis',(0.,0.,-1.));
#2669=DIRECTION('ref_axis',(1.,0.,0.));
#2670=DIRECTION('',(0.,0.,1.));
#2671=DIRECTION('center_axis',(0.,0.,1.));
#2672=DIRECTION('ref_axis',(1.,0.,0.));
#2673=DIRECTION('center_axis',(0.,0.,1.));
#2674=DIRECTION('ref_axis',(1.,0.,0.));
#2675=DIRECTION('center_axis',(0.,0.,1.));
#2676=DIRECTION('ref_axis',(1.,0.,0.));
#2677=DIRECTION('center_axis',(0.,0.,-1.));
#2678=DIRECTION('ref_axis',(1.,0.,0.));
#2679=DIRECTION('center_axis',(0.,0.,1.));
#2680=DIRECTION('ref_axis',(-1.,1.22464679914735E-16,0.));
#2681=DIRECTION('center_axis',(0.,0.,1.));
#2682=DIRECTION('ref_axis',(1.,0.,0.));
#2683=DIRECTION('center_axis',(0.,0.,1.));
#2684=DIRECTION('ref_axis',(1.,0.,0.));
#2685=DIRECTION('',(0.,0.,-1.));
#2686=DIRECTION('center_axis',(0.,0.,1.));
#2687=DIRECTION('ref_axis',(1.,0.,0.));
#2688=DIRECTION('center_axis',(0.,0.,1.));
#2689=DIRECTION('ref_axis',(1.,0.,0.));
#2690=DIRECTION('center_axis',(0.125776066723084,-0.544795998811993,0.829082445066902));
#2691=DIRECTION('ref_axis',(-0.186502970155806,0.807833115712135,0.559126371477761));
#2692=DIRECTION('center_axis',(0.0195531371317158,-0.0846939417576231,-0.996215142957516));
#2693=DIRECTION('ref_axis',(-0.97437006478523,-0.224951054343887,1.13686837721612E-12));
#2694=DIRECTION('center_axis',(-0.974370064785218,-0.224951054343941,6.95015672202564E-14));
#2695=DIRECTION('ref_axis',(-0.186502970156957,0.807833115717084,0.559126371470226));
#2696=DIRECTION('center_axis',(0.974370064785254,0.224951054343785,6.95015672202588E-14));
#2697=DIRECTION('ref_axis',(7.10434516659852E-14,1.24006806155446E-15,-1.));
#2698=DIRECTION('center_axis',(0.287218259637146,-0.144214195887516,-0.946946638958884));
#2699=DIRECTION('ref_axis',(-0.846260514313666,0.424913025158195,-0.321390825887239));
#2700=DIRECTION('center_axis',(-0.224951054343865,0.974370064785235,-4.93038065763132E-32));
#2701=DIRECTION('ref_axis',(-0.68898368019481,-0.159064415961606,-0.707106781186554));
#2702=DIRECTION('center_axis',(0.0195531371329663,-0.0846939417573099,-0.996215142957518));
#2703=DIRECTION('ref_axis',(-0.224099646761512,0.970682213383574,-0.0869217403307779));
#2704=DIRECTION('center_axis',(0.125776066788275,-0.544795998791294,0.829082445070614));
#2705=DIRECTION('ref_axis',(0.974370064785238,0.224951054343853,-1.75015557601905E-11));
#2706=DIRECTION('center_axis',(-0.818584502573351,0.524886015739814,-0.233268263223961));
#2707=DIRECTION('ref_axis',(0.574344301778417,0.752885489276545,-0.321390826022586));
#2708=DIRECTION('center_axis',(-0.224951054343865,0.974370064785235,-4.93038065763132E-32));
#2709=DIRECTION('ref_axis',(0.688983680194832,0.159064415961611,-0.707106781186531));
#2710=DIRECTION('center_axis',(0.974370064785211,0.224951054343969,7.68880742997673E-14));
#2711=DIRECTION('ref_axis',(-0.224099646761717,0.970682213383537,-0.0869217403306594));
#2712=DIRECTION('center_axis',(-0.97437006478526,-0.224951054343758,0.));
#2713=DIRECTION('ref_axis',(0.,0.,1.));
#2714=DIRECTION('center_axis',(-0.894823501113513,0.347432073928317,0.280324554509275));
#2715=DIRECTION('ref_axis',(0.446292633065119,0.711213325776428,0.543137635328133));
#2716=DIRECTION('center_axis',(-0.224951054343865,0.974370064785235,-4.93038065763132E-32));
#2717=DIRECTION('ref_axis',(0.688983680194871,0.159064415961605,0.707106781186495));
#2718=DIRECTION('center_axis',(-0.461151718482385,0.286945262115249,-0.839643679837081));
#2719=DIRECTION('ref_axis',(-0.712900562738466,0.443592489496267,0.543137635327992));
#2720=DIRECTION('center_axis',(-0.224951054343865,0.974370064785235,-4.93038065763132E-32));
#2721=DIRECTION('ref_axis',(-0.688983680194867,-0.159064415961639,0.707106781186491));
#2722=DIRECTION('center_axis',(-0.224951054343865,0.974370064785235,-4.93038065763132E-32));
#2723=DIRECTION('ref_axis',(0.688983680194851,0.159064415961599,-0.707106781186515));
#2724=DIRECTION('',(-0.224951054343865,0.974370064785235,-4.93038065763132E-32));
#2725=DIRECTION('center_axis',(-0.224951054343853,0.974370064785238,0.));
#2726=DIRECTION('ref_axis',(0.974370064785238,0.224951054343853,0.));
#2727=DIRECTION('',(-0.224951054343865,0.974370064785235,-4.93038065763132E-32));
#2728=DIRECTION('center_axis',(-0.974370064785235,-0.224951054343865,1.31687953926538E-15));
#2729=DIRECTION('ref_axis',(1.28312800198836E-15,2.96233440801611E-16,1.));
#2730=DIRECTION('',(-0.224951054343865,0.974370064785235,-4.93038065763132E-32));
#2731=DIRECTION('center_axis',(-0.974370064785235,-0.224951054343865,1.31687953926538E-15));
#2732=DIRECTION('ref_axis',(0.159064415961611,-0.688983680194812,0.707106781186551));
#2733=DIRECTION('',(1.28312800198836E-15,2.96233440801611E-16,1.));
#2734=DIRECTION('center_axis',(-0.974370064785235,-0.224951054343865,1.31687953926538E-15));
#2735=DIRECTION('ref_axis',(0.159064415961609,-0.688983680194812,-0.707106781186551));
#2736=DIRECTION('center_axis',(-0.224951054343865,0.974370064785235,-4.93038065763132E-32));
#2737=DIRECTION('ref_axis',(0.688983680194854,0.1590644159616,0.707106781186512));
#2738=DIRECTION('',(0.224951054343865,-0.974370064785235,4.93038065763132E-32));
#2739=DIRECTION('center_axis',(0.224951054343853,-0.974370064785238,0.));
#2740=DIRECTION('ref_axis',(0.974370064785238,0.224951054343853,0.));
#2741=DIRECTION('center_axis',(1.28312800198836E-15,2.96233440801611E-16,
1.));
#2742=DIRECTION('ref_axis',(-0.224951054343865,0.974370064785235,0.));
#2743=DIRECTION('',(-0.224951054343865,0.974370064785235,-4.93038065763132E-32));
#2744=DIRECTION('',(-0.974370064785235,-0.224951054343865,1.31687953926538E-15));
#2745=DIRECTION('center_axis',(-0.974370064785235,-0.224951054343865,1.31687953926538E-15));
#2746=DIRECTION('ref_axis',(0.,0.,1.));
#2747=DIRECTION('center_axis',(0.224951054343853,-0.974370064785238,0.));
#2748=DIRECTION('ref_axis',(0.,0.,1.));
#2749=DIRECTION('center_axis',(0.974370064785235,0.224951054343865,-1.31687953926538E-15));
#2750=DIRECTION('ref_axis',(0.159064415961611,-0.688983680194813,0.70710678118655));
#2751=DIRECTION('center_axis',(0.,0.,-1.));
#2752=DIRECTION('ref_axis',(0.224951054343867,-0.974370064785235,0.));
#2753=DIRECTION('center_axis',(-0.974370064785235,-0.224951054343865,1.31687953926538E-15));
#2754=DIRECTION('ref_axis',(0.159064415961611,-0.688983680194813,0.70710678118655));
#2755=DIRECTION('center_axis',(1.28312800198836E-15,2.96233440801611E-16,
1.));
#2756=DIRECTION('ref_axis',(-0.529919264233275,-0.848048096156382,0.));
#2757=DIRECTION('',(-1.28312800198836E-15,-2.96233440801611E-16,-1.));
#2758=DIRECTION('center_axis',(0.,0.,-1.));
#2759=DIRECTION('ref_axis',(0.224951054343867,-0.974370064785235,0.));
#2760=DIRECTION('',(1.28312800198836E-15,2.96233440801611E-16,1.));
#2761=DIRECTION('center_axis',(-0.974370064785235,-0.224951054343865,1.31687953926538E-15));
#2762=DIRECTION('ref_axis',(0.,0.,1.));
#2763=DIRECTION('center_axis',(0.974370064785235,0.224951054343865,-1.31687953926538E-15));
#2764=DIRECTION('ref_axis',(0.15906441596161,-0.688983680194816,-0.707106781186548));
#2765=DIRECTION('center_axis',(-0.224951054343867,0.974370064785235,0.));
#2766=DIRECTION('ref_axis',(0.,0.,-1.));
#2767=DIRECTION('center_axis',(-0.974370064785235,-0.224951054343865,1.31687953926538E-15));
#2768=DIRECTION('ref_axis',(0.15906441596161,-0.688983680194816,-0.707106781186548));
#2769=DIRECTION('center_axis',(-0.224951054343865,0.974370064785235,0.));
#2770=DIRECTION('ref_axis',(-1.28312800198836E-15,-2.96233440801611E-16,
-1.));
#2771=DIRECTION('',(-1.28312800198836E-15,-2.96233440801611E-16,-1.));
#2772=DIRECTION('',(0.974370064785235,0.224951054343865,-1.31687953926538E-15));
#2773=DIRECTION('',(-0.974370064785235,-0.224951054343865,1.31687953926538E-15));
#2774=DIRECTION('center_axis',(0.974370064785235,0.224951054343865,-1.31687953926538E-15));
#2775=DIRECTION('ref_axis',(0.159064415961611,-0.688983680194815,0.707106781186548));
#2776=DIRECTION('center_axis',(0.974370064785235,0.224951054343865,-1.31687953926538E-15));
#2777=DIRECTION('ref_axis',(0.159064415961611,-0.688983680194812,0.70710678118655));
#2778=DIRECTION('center_axis',(-0.974370064785235,-0.224951054343865,1.31687953926538E-15));
#2779=DIRECTION('ref_axis',(0.15906441596161,-0.688983680194815,-0.707106781186548));
#2780=DIRECTION('center_axis',(0.974370064785235,0.224951054343865,-1.31687953926538E-15));
#2781=DIRECTION('ref_axis',(0.159064415961609,-0.688983680194812,-0.707106781186551));
#2782=DIRECTION('',(0.974370064785235,0.224951054343865,-1.31687953926538E-15));
#2783=DIRECTION('center_axis',(0.974370064785235,0.224951054343865,-1.31687953926538E-15));
#2784=DIRECTION('ref_axis',(0.,0.,-1.));
#2785=DIRECTION('center_axis',(0.,0.,-1.));
#2786=DIRECTION('ref_axis',(0.974370064785235,0.224951054343867,0.));
#2787=DIRECTION('center_axis',(-1.28312800198836E-15,-2.96233440801611E-16,
-1.));
#2788=DIRECTION('ref_axis',(0.848048096156427,-0.529919264233203,0.));
#2789=DIRECTION('center_axis',(0.,0.,-1.));
#2790=DIRECTION('ref_axis',(0.974370064785238,0.224951054343853,0.));
#2791=DIRECTION('center_axis',(0.974370064785235,0.224951054343865,-1.31687953926538E-15));
#2792=DIRECTION('ref_axis',(0.,0.,-1.));
#2793=DIRECTION('center_axis',(1.28312800198836E-15,2.96233440801611E-16,
1.));
#2794=DIRECTION('ref_axis',(-0.224951054343865,0.974370064785235,0.));
#2795=DIRECTION('',(0.224951054343865,-0.974370064785235,4.93038065763132E-32));
#2796=DIRECTION('center_axis',(0.974370064785235,0.224951054343865,-1.31687953926538E-15));
#2797=DIRECTION('ref_axis',(-1.28312800198836E-15,-2.96233440801611E-16,
-1.));
#2798=DIRECTION('',(0.224951054343865,-0.974370064785235,4.93038065763132E-32));
#2799=DIRECTION('',(0.224951054343865,-0.974370064785235,4.93038065763132E-32));
#2800=DIRECTION('center_axis',(-0.224951054343865,0.974370064785235,-4.93038065763132E-32));
#2801=DIRECTION('ref_axis',(-0.688983680194854,-0.1590644159616,0.707106781186512));
#2802=DIRECTION('center_axis',(0.224951054343865,-0.974370064785235,4.93038065763132E-32));
#2803=DIRECTION('ref_axis',(-0.688983680194801,-0.159064415961609,-0.707106781186562));
#2804=DIRECTION('',(-1.76453010804526E-16,1.91007988597751E-17,1.00000000000001));
#2805=DIRECTION('',(1.,-3.885780586188E-16,-1.76941794549636E-16));
#2806=DIRECTION('',(1.44371848243034E-15,-1.95911843636071E-16,0.999999999999981));
#2807=DIRECTION('',(1.,-3.31679128606775E-15,-1.21430643318376E-15));
#2808=DIRECTION('',(0.,0.,1.));
#2809=DIRECTION('',(1.,0.,0.));
#2810=DIRECTION('',(4.72038923235014E-18,1.30503225988416E-17,1.));
#2811=DIRECTION('',(1.,0.,-5.55111512312578E-17));
#2812=CARTESIAN_POINT('',(0.,0.,0.));
#2813=CARTESIAN_POINT('',(0.,0.,0.));
#2814=CARTESIAN_POINT('Origin',(109.000001624227,-107.000000700355,20.));
#2815=CARTESIAN_POINT('',(105.058387203338,-107.000000700355,1.6));
#2816=CARTESIAN_POINT('Origin',(109.000001624227,-107.000000700355,1.6));
#2817=CARTESIAN_POINT('',(105.058387203338,-107.000000700355,0.));
#2818=CARTESIAN_POINT('',(105.058387203338,-107.000000700355,20.));
#2819=CARTESIAN_POINT('Origin',(109.000001624227,-107.000000700355,0.));
#2820=CARTESIAN_POINT('Origin',(117.000001743436,-70.1980651518558,20.));
#2821=CARTESIAN_POINT('',(117.000001743436,-79.0000002831221,0.));
#2822=CARTESIAN_POINT('',(117.000001743436,-70.1980651518558,0.));
#2823=CARTESIAN_POINT('',(117.000001743436,-35.0990325759279,0.));
#2824=CARTESIAN_POINT('',(117.000001743436,-79.0000002831221,1.6));
#2825=CARTESIAN_POINT('',(117.000001743436,-79.0000002831221,20.));
#2826=CARTESIAN_POINT('',(117.000001743436,-70.1980651518558,1.6));
#2827=CARTESIAN_POINT('',(117.000001743436,-35.0990325759279,1.6));
#2828=CARTESIAN_POINT('',(117.000001743436,-70.1980651518558,20.));
#2829=CARTESIAN_POINT('Origin',(113.083927869879,-70.1980651518558,20.));
#2830=CARTESIAN_POINT('',(113.083927869879,-70.1980651518558,0.));
#2831=CARTESIAN_POINT('',(56.5419639349396,-70.1980651518558,0.));
#2832=CARTESIAN_POINT('',(113.083927869879,-70.1980651518558,1.6));
#2833=CARTESIAN_POINT('',(56.5419639349396,-70.1980651518558,1.6));
#2834=CARTESIAN_POINT('',(113.083927869879,-70.1980651518558,20.));
#2835=CARTESIAN_POINT('Origin',(113.083927869879,-79.0000002831221,20.));
#2836=CARTESIAN_POINT('',(113.083927869879,-79.0000002831221,0.));
#2837=CARTESIAN_POINT('',(113.083927869879,-39.500000141561,0.));
#2838=CARTESIAN_POINT('',(113.083927869879,-79.0000002831221,1.6));
#2839=CARTESIAN_POINT('',(113.083927869879,-39.500000141561,1.6));
#2840=CARTESIAN_POINT('',(113.083927869879,-79.0000002831221,20.));
#2841=CARTESIAN_POINT('Origin',(117.000001743436,-79.0000002831221,20.));
#2842=CARTESIAN_POINT('',(58.5000008717179,-79.0000002831221,0.));
#2843=CARTESIAN_POINT('',(58.5000008717179,-79.0000002831221,1.6));
#2844=CARTESIAN_POINT('Origin',(141.5,-115.,0.));
#2845=CARTESIAN_POINT('',(141.5,-115.,0.));
#2846=CARTESIAN_POINT('',(141.5,-115.,1.6));
#2847=CARTESIAN_POINT('',(141.5,-115.,0.));
#2848=CARTESIAN_POINT('',(81.,-115.,1.6));
#2849=CARTESIAN_POINT('',(141.5,-115.,1.6));
#2850=CARTESIAN_POINT('',(81.,-115.,0.));
#2851=CARTESIAN_POINT('',(81.,-115.,0.));
#2852=CARTESIAN_POINT('',(141.5,-115.,0.));
#2853=CARTESIAN_POINT('Origin',(141.5,-63.,0.));
#2854=CARTESIAN_POINT('',(141.5,-63.,0.));
#2855=CARTESIAN_POINT('',(141.5,-63.,1.6));
#2856=CARTESIAN_POINT('',(141.5,-63.,0.));
#2857=CARTESIAN_POINT('',(141.5,-63.,1.6));
#2858=CARTESIAN_POINT('',(141.5,-63.,0.));
#2859=CARTESIAN_POINT('Origin',(81.,-115.,0.));
#2860=CARTESIAN_POINT('',(81.,-63.,1.6));
#2861=CARTESIAN_POINT('',(81.,-115.,1.6));
#2862=CARTESIAN_POINT('',(81.,-63.,0.));
#2863=CARTESIAN_POINT('',(81.,-63.,0.));
#2864=CARTESIAN_POINT('',(81.,-115.,0.));
#2865=CARTESIAN_POINT('Origin',(0.,0.,0.));
#2866=CARTESIAN_POINT('',(81.,-63.,0.));
#2867=CARTESIAN_POINT('',(89.26,-90.7555,0.));
#2868=CARTESIAN_POINT('Origin',(89.26,-91.2,0.));
#2869=CARTESIAN_POINT('',(104.5,-90.7555,0.));
#2870=CARTESIAN_POINT('Origin',(104.5,-91.2,0.));
#2871=CARTESIAN_POINT('',(89.26,-88.2155,0.));
#2872=CARTESIAN_POINT('Origin',(89.26,-88.66,0.));
#2873=CARTESIAN_POINT('',(89.26,-85.6755,0.));
#2874=CARTESIAN_POINT('Origin',(89.26,-86.12,0.));
#2875=CARTESIAN_POINT('',(89.26,-83.1355,0.));
#2876=CARTESIAN_POINT('Origin',(89.26,-83.58,0.));
#2877=CARTESIAN_POINT('',(89.26,-80.5955,0.));
#2878=CARTESIAN_POINT('Origin',(89.26,-81.04,0.));
#2879=CARTESIAN_POINT('',(104.5,-88.2155,0.));
#2880=CARTESIAN_POINT('Origin',(104.5,-88.66,0.));
#2881=CARTESIAN_POINT('',(104.5,-85.6755,0.));
#2882=CARTESIAN_POINT('Origin',(104.5,-86.12,0.));
#2883=CARTESIAN_POINT('',(104.5,-83.1355,0.));
#2884=CARTESIAN_POINT('Origin',(104.5,-83.58,0.));
#2885=CARTESIAN_POINT('',(104.5,-80.5955,0.));
#2886=CARTESIAN_POINT('Origin',(104.5,-81.04,0.));
#2887=CARTESIAN_POINT('',(89.26,-78.0555,0.));
#2888=CARTESIAN_POINT('Origin',(89.26,-78.5,0.));
#2889=CARTESIAN_POINT('',(89.26,-75.5155,0.));
#2890=CARTESIAN_POINT('Origin',(89.26,-75.96,0.));
#2891=CARTESIAN_POINT('',(104.5,-78.0555,0.));
#2892=CARTESIAN_POINT('Origin',(104.5,-78.5,0.));
#2893=CARTESIAN_POINT('',(104.5,-75.5155,0.));
#2894=CARTESIAN_POINT('Origin',(104.5,-75.96,0.));
#2895=CARTESIAN_POINT('',(129.5,-76.,0.));
#2896=CARTESIAN_POINT('Origin',(129.5,-76.5,0.));
#2897=CARTESIAN_POINT('',(129.5,-74.,0.));
#2898=CARTESIAN_POINT('Origin',(129.5,-74.5,0.));
#2899=CARTESIAN_POINT('',(131.,-71.875,0.));
#2900=CARTESIAN_POINT('Origin',(131.,-72.45,0.));
#2901=CARTESIAN_POINT('Origin',(0.,0.,1.6));
#2902=CARTESIAN_POINT('',(81.,-63.,1.6));
#2903=CARTESIAN_POINT('',(89.26,-90.7555,1.6));
#2904=CARTESIAN_POINT('Origin',(89.26,-91.2,1.6));
#2905=CARTESIAN_POINT('',(104.5,-90.7555,1.6));
#2906=CARTESIAN_POINT('Origin',(104.5,-91.2,1.6));
#2907=CARTESIAN_POINT('',(89.26,-88.2155,1.6));
#2908=CARTESIAN_POINT('Origin',(89.26,-88.66,1.6));
#2909=CARTESIAN_POINT('',(89.26,-85.6755,1.6));
#2910=CARTESIAN_POINT('Origin',(89.26,-86.12,1.6));
#2911=CARTESIAN_POINT('',(89.26,-83.1355,1.6));
#2912=CARTESIAN_POINT('Origin',(89.26,-83.58,1.6));
#2913=CARTESIAN_POINT('',(89.26,-80.5955,1.6));
#2914=CARTESIAN_POINT('Origin',(89.26,-81.04,1.6));
#2915=CARTESIAN_POINT('',(104.5,-88.2155,1.6));
#2916=CARTESIAN_POINT('Origin',(104.5,-88.66,1.6));
#2917=CARTESIAN_POINT('',(104.5,-85.6755,1.6));
#2918=CARTESIAN_POINT('Origin',(104.5,-86.12,1.6));
#2919=CARTESIAN_POINT('',(104.5,-83.1355,1.6));
#2920=CARTESIAN_POINT('Origin',(104.5,-83.58,1.6));
#2921=CARTESIAN_POINT('',(104.5,-80.5955,1.6));
#2922=CARTESIAN_POINT('Origin',(104.5,-81.04,1.6));
#2923=CARTESIAN_POINT('',(89.26,-78.0555,1.6));
#2924=CARTESIAN_POINT('Origin',(89.26,-78.5,1.6));
#2925=CARTESIAN_POINT('',(89.26,-75.5155,1.6));
#2926=CARTESIAN_POINT('Origin',(89.26,-75.96,1.6));
#2927=CARTESIAN_POINT('',(104.5,-78.0555,1.6));
#2928=CARTESIAN_POINT('Origin',(104.5,-78.5,1.6));
#2929=CARTESIAN_POINT('',(104.5,-75.5155,1.6));
#2930=CARTESIAN_POINT('Origin',(104.5,-75.96,1.6));
#2931=CARTESIAN_POINT('',(129.5,-76.,1.6));
#2932=CARTESIAN_POINT('Origin',(129.5,-76.5,1.6));
#2933=CARTESIAN_POINT('',(129.5,-74.,1.6));
#2934=CARTESIAN_POINT('Origin',(129.5,-74.5,1.6));
#2935=CARTESIAN_POINT('',(131.,-71.875,1.6));
#2936=CARTESIAN_POINT('Origin',(131.,-72.45,1.6));
#2937=CARTESIAN_POINT('Origin',(81.,-63.,0.));
#2938=CARTESIAN_POINT('Origin',(89.26,-91.2,-0.045));
#2939=CARTESIAN_POINT('',(89.26,-90.7555,-0.045));
#2940=CARTESIAN_POINT('Origin',(104.5,-91.2,-0.045));
#2941=CARTESIAN_POINT('',(104.5,-90.7555,-0.045));
#2942=CARTESIAN_POINT('Origin',(89.26,-88.66,-0.045));
#2943=CARTESIAN_POINT('',(89.26,-88.2155,-0.045));
#2944=CARTESIAN_POINT('Origin',(89.26,-86.12,-0.045));
#2945=CARTESIAN_POINT('',(89.26,-85.6755,-0.045));
#2946=CARTESIAN_POINT('Origin',(89.26,-83.58,-0.045));
#2947=CARTESIAN_POINT('',(89.26,-83.1355,-0.045));
#2948=CARTESIAN_POINT('Origin',(89.26,-81.04,-0.045));
#2949=CARTESIAN_POINT('',(89.26,-80.5955,-0.045));
#2950=CARTESIAN_POINT('Origin',(104.5,-88.66,-0.045));
#2951=CARTESIAN_POINT('',(104.5,-88.2155,-0.045));
#2952=CARTESIAN_POINT('Origin',(104.5,-86.12,-0.045));
#2953=CARTESIAN_POINT('',(104.5,-85.6755,-0.045));
#2954=CARTESIAN_POINT('Origin',(104.5,-83.58,-0.045));
#2955=CARTESIAN_POINT('',(104.5,-83.1355,-0.045));
#2956=CARTESIAN_POINT('Origin',(104.5,-81.04,-0.045));
#2957=CARTESIAN_POINT('',(104.5,-80.5955,-0.045));
#2958=CARTESIAN_POINT('Origin',(89.26,-78.5,-0.045));
#2959=CARTESIAN_POINT('',(89.26,-78.0555,-0.045));
#2960=CARTESIAN_POINT('Origin',(89.26,-75.96,-0.045));
#2961=CARTESIAN_POINT('',(89.26,-75.5155,-0.045));
#2962=CARTESIAN_POINT('Origin',(104.5,-78.5,-0.045));
#2963=CARTESIAN_POINT('',(104.5,-78.0555,-0.045));
#2964=CARTESIAN_POINT('Origin',(104.5,-75.96,-0.045));
#2965=CARTESIAN_POINT('',(104.5,-75.5155,-0.045));
#2966=CARTESIAN_POINT('Origin',(129.5,-76.5,-0.045));
#2967=CARTESIAN_POINT('',(129.5,-76.,-0.045));
#2968=CARTESIAN_POINT('Origin',(129.5,-74.5,-0.045));
#2969=CARTESIAN_POINT('',(129.5,-74.,-0.045));
#2970=CARTESIAN_POINT('Origin',(131.,-72.45,-0.045));
#2971=CARTESIAN_POINT('',(131.,-71.875,-0.045));
#2972=CARTESIAN_POINT('',(0.,0.,0.));
#2973=CARTESIAN_POINT('',(0.,0.,0.));
#2974=CARTESIAN_POINT('',(0.,0.,0.));
#2975=CARTESIAN_POINT('Origin',(63.2233826675858,-52.1789832876096,52.0000000000007));
#2976=CARTESIAN_POINT('',(61.7233826675858,-52.1789832876096,38.5000000000007));
#2977=CARTESIAN_POINT('Origin',(63.2233826675858,-52.1789832876096,38.5000000000007));
#2978=CARTESIAN_POINT('',(61.7233826675858,-52.1789832876096,51.2906928182697));
#2979=CARTESIAN_POINT('',(61.7233826675858,-52.1789832876096,52.0000000000007));
#2980=CARTESIAN_POINT('Origin',(63.2233826675858,-52.1789832876096,51.2906928182697));
#2981=CARTESIAN_POINT('Origin',(17.9976313465335,-52.3388155162132,38.5000000000007));
#2982=CARTESIAN_POINT('Origin',(113.379721399798,-29.1012845209287,51.2906928182697));
#2983=CARTESIAN_POINT('Origin',(63.2233826675858,-7.17898328760964,52.0000000000007));
#2984=CARTESIAN_POINT('',(60.7233826675858,-7.17898328760964,51.2906928182697));
#2985=CARTESIAN_POINT('Origin',(63.2233826675858,-7.17898328760964,51.2906928182697));
#2986=CARTESIAN_POINT('',(60.7233826675858,-7.17898328760964,37.5000000000007));
#2987=CARTESIAN_POINT('',(60.7233826675858,-7.17898328760964,52.0000000000007));
#2988=CARTESIAN_POINT('Origin',(63.2233826675858,-7.17898328760964,37.5000000000007));
#2989=CARTESIAN_POINT('Origin',(17.9976313465335,-7.33881551621315,37.5000000000007));
#2990=CARTESIAN_POINT('Ctrl Pts',(36.8929971220545,-29.0143686065001,53.2906928182713));
#2991=CARTESIAN_POINT('Ctrl Pts',(36.9011023245764,-21.8817232839678,53.2906928182713));
#2992=CARTESIAN_POINT('Ctrl Pts',(40.7432656437783,-11.1728422309622,53.2906928182713));
#2993=CARTESIAN_POINT('Ctrl Pts',(52.9485988306811,1.1418211678611,53.2906928182713));
#2994=CARTESIAN_POINT('Ctrl Pts',(66.5067430840424,9.7460877129744,53.2906928182713));
#2995=CARTESIAN_POINT('Ctrl Pts',(84.9362593790309,16.4911011098558,53.2906928182712));
#2996=CARTESIAN_POINT('Ctrl Pts',(107.604467850405,19.7520311109351,53.2906928182712));
#2997=CARTESIAN_POINT('Ctrl Pts',(130.794213364931,18.6230952913306,53.2906928182712));
#2998=CARTESIAN_POINT('Ctrl Pts',(152.413526236049,13.2003253495401,53.2906928182711));
#2999=CARTESIAN_POINT('Ctrl Pts',(170.511317544221,3.99512865931449,53.2906928182711));
#3000=CARTESIAN_POINT('Ctrl Pts',(183.463989743886,-8.12309325478231,53.290692818271));
#3001=CARTESIAN_POINT('Ctrl Pts',(190.154523051744,-21.9889327683614,53.2906928182711));
#3002=CARTESIAN_POINT('Ctrl Pts',(190.136978478072,-36.3884194318535,53.2906928182711));
#3003=CARTESIAN_POINT('Ctrl Pts',(183.418054312449,-50.2389735097392,53.2906928182711));
#3004=CARTESIAN_POINT('Ctrl Pts',(170.436229913073,-62.3278969236673,53.2906928182711));
#3005=CARTESIAN_POINT('Ctrl Pts',(152.316919449468,-71.4911842471449,53.2906928182711));
#3006=CARTESIAN_POINT('Ctrl Pts',(134.289784096076,-75.9680955461955,53.2906928182711));
#3007=CARTESIAN_POINT('Ctrl Pts',(119.089784744279,-77.4038816598781,53.2906928182712));
#3008=CARTESIAN_POINT('Ctrl Pts',(103.714606583232,-77.3912310893216,53.2906928182712));
#3009=CARTESIAN_POINT('Ctrl Pts',(84.837277917556,-74.6234168209523,53.2906928182713));
#3010=CARTESIAN_POINT('Ctrl Pts',(61.3856581648069,-66.002926120955,53.2906928182713));
#3011=CARTESIAN_POINT('Ctrl Pts',(41.9635834154827,-50.4492468216882,53.2906928182713));
#3012=CARTESIAN_POINT('Ctrl Pts',(36.8848919195327,-36.1470139290325,53.2906928182713));
#3013=CARTESIAN_POINT('Ctrl Pts',(36.8929971220545,-29.0143686065001,53.2906928182713));
#3014=CARTESIAN_POINT('Ctrl Pts',(36.8929971220545,-29.0143686065001,51.2906928182698));
#3015=CARTESIAN_POINT('Ctrl Pts',(36.9011023245764,-21.8817232839678,51.2906928182698));
#3016=CARTESIAN_POINT('Ctrl Pts',(40.7432656437783,-11.1728422309622,51.2906928182698));
#3017=CARTESIAN_POINT('Ctrl Pts',(52.9485988306811,1.1418211678611,51.2906928182698));
#3018=CARTESIAN_POINT('Ctrl Pts',(66.5067430840424,9.7460877129744,51.2906928182698));
#3019=CARTESIAN_POINT('Ctrl Pts',(84.9362593790309,16.4911011098558,51.2906928182698));
#3020=CARTESIAN_POINT('Ctrl Pts',(107.604467850405,19.7520311109351,51.2906928182697));
#3021=CARTESIAN_POINT('Ctrl Pts',(130.794213364931,18.6230952913306,51.2906928182697));
#3022=CARTESIAN_POINT('Ctrl Pts',(152.413526236049,13.2003253495401,51.2906928182696));
#3023=CARTESIAN_POINT('Ctrl Pts',(170.511317544221,3.99512865931449,51.2906928182696));
#3024=CARTESIAN_POINT('Ctrl Pts',(183.463989743886,-8.12309325478231,51.2906928182695));
#3025=CARTESIAN_POINT('Ctrl Pts',(190.154523051744,-21.9889327683614,51.2906928182696));
#3026=CARTESIAN_POINT('Ctrl Pts',(190.136978478072,-36.3884194318535,51.2906928182695));
#3027=CARTESIAN_POINT('Ctrl Pts',(183.418054312449,-50.2389735097392,51.2906928182696));
#3028=CARTESIAN_POINT('Ctrl Pts',(170.436229913073,-62.3278969236673,51.2906928182696));
#3029=CARTESIAN_POINT('Ctrl Pts',(152.316919449468,-71.4911842471449,51.2906928182696));
#3030=CARTESIAN_POINT('Ctrl Pts',(134.289784096076,-75.9680955461955,51.2906928182696));
#3031=CARTESIAN_POINT('Ctrl Pts',(119.089784744279,-77.4038816598781,51.2906928182697));
#3032=CARTESIAN_POINT('Ctrl Pts',(103.714606583232,-77.3912310893216,51.2906928182697));
#3033=CARTESIAN_POINT('Ctrl Pts',(84.837277917556,-74.6234168209523,51.2906928182698));
#3034=CARTESIAN_POINT('Ctrl Pts',(61.3856581648069,-66.002926120955,51.2906928182698));
#3035=CARTESIAN_POINT('Ctrl Pts',(41.9635834154827,-50.4492468216882,51.2906928182698));
#3036=CARTESIAN_POINT('Ctrl Pts',(36.8848919195327,-36.1470139290325,51.2906928182698));
#3037=CARTESIAN_POINT('Ctrl Pts',(36.8929971220545,-29.0143686065001,51.2906928182698));
#3038=CARTESIAN_POINT('',(36.8929971220545,-29.0143686065001,51.2906928182698));
#3039=CARTESIAN_POINT('Ctrl Pts',(36.8929971220545,-29.0143686065001,51.2906928182698));
#3040=CARTESIAN_POINT('Ctrl Pts',(36.9011023245764,-21.8817232839678,51.2906928182698));
#3041=CARTESIAN_POINT('Ctrl Pts',(40.7432656437783,-11.1728422309622,51.2906928182698));
#3042=CARTESIAN_POINT('Ctrl Pts',(52.9485988306811,1.1418211678611,51.2906928182698));
#3043=CARTESIAN_POINT('Ctrl Pts',(66.5067430840424,9.7460877129744,51.2906928182698));
#3044=CARTESIAN_POINT('Ctrl Pts',(84.9362593790309,16.4911011098558,51.2906928182698));
#3045=CARTESIAN_POINT('Ctrl Pts',(107.604467850405,19.7520311109351,51.2906928182697));
#3046=CARTESIAN_POINT('Ctrl Pts',(130.794213364931,18.6230952913306,51.2906928182697));
#3047=CARTESIAN_POINT('Ctrl Pts',(152.413526236049,13.2003253495401,51.2906928182696));
#3048=CARTESIAN_POINT('Ctrl Pts',(170.511317544221,3.99512865931449,51.2906928182696));
#3049=CARTESIAN_POINT('Ctrl Pts',(183.463989743886,-8.12309325478231,51.2906928182695));
#3050=CARTESIAN_POINT('Ctrl Pts',(190.154523051744,-21.9889327683614,51.2906928182696));
#3051=CARTESIAN_POINT('Ctrl Pts',(190.136978478072,-36.3884194318535,51.2906928182695));
#3052=CARTESIAN_POINT('Ctrl Pts',(183.418054312449,-50.2389735097392,51.2906928182696));
#3053=CARTESIAN_POINT('Ctrl Pts',(170.436229913073,-62.3278969236673,51.2906928182696));
#3054=CARTESIAN_POINT('Ctrl Pts',(152.316919449468,-71.4911842471449,51.2906928182696));
#3055=CARTESIAN_POINT('Ctrl Pts',(134.289784096076,-75.9680955461955,51.2906928182696));
#3056=CARTESIAN_POINT('Ctrl Pts',(119.089784744279,-77.4038816598781,51.2906928182697));
#3057=CARTESIAN_POINT('Ctrl Pts',(103.714606583232,-77.3912310893216,51.2906928182697));
#3058=CARTESIAN_POINT('Ctrl Pts',(84.837277917556,-74.6234168209523,51.2906928182698));
#3059=CARTESIAN_POINT('Ctrl Pts',(61.3856581648069,-66.002926120955,51.2906928182698));
#3060=CARTESIAN_POINT('Ctrl Pts',(41.9635834154827,-50.4492468216882,51.2906928182698));
#3061=CARTESIAN_POINT('Ctrl Pts',(36.8848919195327,-36.1470139290325,51.2906928182698));
#3062=CARTESIAN_POINT('Ctrl Pts',(36.8929971220545,-29.0143686065001,51.2906928182698));
#3063=CARTESIAN_POINT('',(36.8929971220545,-29.0143686065001,53.2906928182713));
#3064=CARTESIAN_POINT('Ctrl Pts',(36.8929971220545,-29.0143686065001,51.2906928182698));
#3065=CARTESIAN_POINT('Ctrl Pts',(36.8929971220545,-29.0143686065001,53.2906928182713));
#3066=CARTESIAN_POINT('Ctrl Pts',(36.8929971220545,-29.0143686065001,53.2906928182713));
#3067=CARTESIAN_POINT('Ctrl Pts',(36.9011023245764,-21.8817232839678,53.2906928182713));
#3068=CARTESIAN_POINT('Ctrl Pts',(40.7432656437783,-11.1728422309622,53.2906928182713));
#3069=CARTESIAN_POINT('Ctrl Pts',(52.9485988306811,1.1418211678611,53.2906928182713));
#3070=CARTESIAN_POINT('Ctrl Pts',(66.5067430840424,9.7460877129744,53.2906928182713));
#3071=CARTESIAN_POINT('Ctrl Pts',(84.9362593790309,16.4911011098558,53.2906928182712));
#3072=CARTESIAN_POINT('Ctrl Pts',(107.604467850405,19.7520311109351,53.2906928182712));
#3073=CARTESIAN_POINT('Ctrl Pts',(130.794213364931,18.6230952913306,53.2906928182712));
#3074=CARTESIAN_POINT('Ctrl Pts',(152.413526236049,13.2003253495401,53.2906928182711));
#3075=CARTESIAN_POINT('Ctrl Pts',(170.511317544221,3.99512865931449,53.2906928182711));
#3076=CARTESIAN_POINT('Ctrl Pts',(183.463989743886,-8.12309325478231,53.290692818271));
#3077=CARTESIAN_POINT('Ctrl Pts',(190.154523051744,-21.9889327683614,53.2906928182711));
#3078=CARTESIAN_POINT('Ctrl Pts',(190.136978478072,-36.3884194318535,53.2906928182711));
#3079=CARTESIAN_POINT('Ctrl Pts',(183.418054312449,-50.2389735097392,53.2906928182711));
#3080=CARTESIAN_POINT('Ctrl Pts',(170.436229913073,-62.3278969236673,53.2906928182711));
#3081=CARTESIAN_POINT('Ctrl Pts',(152.316919449468,-71.4911842471449,53.2906928182711));
#3082=CARTESIAN_POINT('Ctrl Pts',(134.289784096076,-75.9680955461955,53.2906928182711));
#3083=CARTESIAN_POINT('Ctrl Pts',(119.089784744279,-77.4038816598781,53.2906928182712));
#3084=CARTESIAN_POINT('Ctrl Pts',(103.714606583232,-77.3912310893216,53.2906928182712));
#3085=CARTESIAN_POINT('Ctrl Pts',(84.837277917556,-74.6234168209523,53.2906928182713));
#3086=CARTESIAN_POINT('Ctrl Pts',(61.3856581648069,-66.002926120955,53.2906928182713));
#3087=CARTESIAN_POINT('Ctrl Pts',(41.9635834154827,-50.4492468216882,53.2906928182713));
#3088=CARTESIAN_POINT('Ctrl Pts',(36.8848919195327,-36.1470139290325,53.2906928182713));
#3089=CARTESIAN_POINT('Ctrl Pts',(36.8929971220545,-29.0143686065001,53.2906928182713));
#3090=CARTESIAN_POINT('Origin',(109.449628433638,-47.3753975918974,72.6796595008319));
#3091=CARTESIAN_POINT('',(105.508014012749,-47.3753975918974,58.2906928182711));
#3092=CARTESIAN_POINT('Origin',(109.449628433638,-47.3753975918974,58.2906928182711));
#3093=CARTESIAN_POINT('',(105.50801401275,-47.3753975918974,51.2906928182697));
#3094=CARTESIAN_POINT('',(105.508014012749,-47.3753975918974,72.6796595008319));
#3095=CARTESIAN_POINT('Origin',(109.449628433639,-47.3753975918974,51.2906928182697));
#3096=CARTESIAN_POINT('Origin',(117.449628552847,-10.5734620433988,72.6796595008319));
#3097=CARTESIAN_POINT('',(117.449628552847,-19.375397174665,58.2906928182711));
#3098=CARTESIAN_POINT('',(117.449628552848,-19.375397174665,51.2906928182697));
#3099=CARTESIAN_POINT('',(117.449628552848,-19.375397174665,56.2906928182697));
#3100=CARTESIAN_POINT('',(117.449628552847,-10.5734620433987,58.2906928182711));
#3101=CARTESIAN_POINT('',(117.449628552847,-19.8373732821638,58.2906928182711));
#3102=CARTESIAN_POINT('',(117.449628552848,-10.5734620433988,51.2906928182697));
#3103=CARTESIAN_POINT('',(117.449628552848,-10.5734620433988,56.2906928182697));
#3104=CARTESIAN_POINT('',(117.449628552848,-19.8373732821638,51.2906928182697));
#3105=CARTESIAN_POINT('Origin',(113.533554679291,-10.5734620433987,72.6796595008319));
#3106=CARTESIAN_POINT('',(113.533554679291,-10.5734620433987,58.2906928182712));
#3107=CARTESIAN_POINT('',(113.456638039544,-10.5734620433987,58.2906928182712));
#3108=CARTESIAN_POINT('',(113.533554679292,-10.5734620433987,51.2906928182697));
#3109=CARTESIAN_POINT('',(113.533554679291,-10.5734620433987,72.6796595008319));
#3110=CARTESIAN_POINT('',(113.456638039545,-10.5734620433987,51.2906928182697));
#3111=CARTESIAN_POINT('Origin',(113.533554679291,-19.375397174665,72.6796595008319));
#3112=CARTESIAN_POINT('',(113.533554679291,-19.375397174665,58.2906928182711));
#3113=CARTESIAN_POINT('',(113.533554679291,-24.2383408477968,58.2906928182711));
#3114=CARTESIAN_POINT('',(113.533554679291,-19.375397174665,51.2906928182697));
#3115=CARTESIAN_POINT('',(113.533554679291,-19.375397174665,56.2906928182697));
#3116=CARTESIAN_POINT('',(113.533554679291,-24.2383408477969,51.2906928182697));
#3117=CARTESIAN_POINT('Origin',(117.449628552847,-19.375397174665,72.6796595008319));
#3118=CARTESIAN_POINT('',(115.414674976322,-19.375397174665,58.2906928182711));
#3119=CARTESIAN_POINT('',(115.414674976323,-19.375397174665,51.2906928182697));
#3120=CARTESIAN_POINT('Origin',(113.379721399797,-29.1012845209287,58.2906928182711));
#3121=CARTESIAN_POINT('',(33.2987063749273,-29.0102842236225,58.2906928182712));
#3122=CARTESIAN_POINT('Origin',(113.379721399797,-29.1012845209287,58.2906928182711));
#3123=CARTESIAN_POINT('Ctrl Pts',(33.2987063749272,-29.0102842236225,53.2906928182712));
#3124=CARTESIAN_POINT('Ctrl Pts',(33.2397912489117,-80.8560828781692,53.2906928182712));
#3125=CARTESIAN_POINT('Ctrl Pts',(113.320806273782,-80.9470831754755,53.2906928182711));
#3126=CARTESIAN_POINT('Ctrl Pts',(193.401821298652,-81.0380834727817,53.290692818271));
#3127=CARTESIAN_POINT('Ctrl Pts',(193.460736424668,-29.192284818235,53.2906928182711));
#3128=CARTESIAN_POINT('Ctrl Pts',(193.519651550683,22.6535138363118,53.2906928182711));
#3129=CARTESIAN_POINT('Ctrl Pts',(113.438636525813,22.744514133618,53.2906928182712));
#3130=CARTESIAN_POINT('Ctrl Pts',(33.3576215009428,22.8355144309243,53.2906928182713));
#3131=CARTESIAN_POINT('Ctrl Pts',(33.2987063749272,-29.0102842236225,53.2906928182712));
#3132=CARTESIAN_POINT('Ctrl Pts',(33.2987063749272,-29.0102842236225,58.2906928182712));
#3133=CARTESIAN_POINT('Ctrl Pts',(33.2397912489117,-80.8560828781692,58.2906928182712));
#3134=CARTESIAN_POINT('Ctrl Pts',(113.320806273782,-80.9470831754755,58.2906928182711));
#3135=CARTESIAN_POINT('Ctrl Pts',(193.401821298652,-81.0380834727817,58.290692818271));
#3136=CARTESIAN_POINT('Ctrl Pts',(193.460736424668,-29.192284818235,58.290692818271));
#3137=CARTESIAN_POINT('Ctrl Pts',(193.519651550683,22.6535138363118,58.2906928182711));
#3138=CARTESIAN_POINT('Ctrl Pts',(113.438636525813,22.744514133618,58.2906928182712));
#3139=CARTESIAN_POINT('Ctrl Pts',(33.3576215009428,22.8355144309243,58.2906928182712));
#3140=CARTESIAN_POINT('Ctrl Pts',(33.2987063749272,-29.0102842236225,58.2906928182712));
#3141=CARTESIAN_POINT('',(33.2987063749272,-29.0102842236225,53.2906928182712));
#3142=CARTESIAN_POINT('',(33.2987063749273,-29.0102842236225,53.2906928182712));
#3143=CARTESIAN_POINT('Origin',(113.379721399797,-29.1012845209287,53.2906928182712));
#3144=CARTESIAN_POINT('Origin',(113.379721399797,-29.1012845209287,53.2906928182712));
#3145=CARTESIAN_POINT('Origin',(163.223382667586,-7.17898328760964,52.0000000000007));
#3146=CARTESIAN_POINT('',(160.723382667586,-7.17898328760964,51.2906928182697));
#3147=CARTESIAN_POINT('Origin',(163.223382667586,-7.17898328760964,51.2906928182697));
#3148=CARTESIAN_POINT('',(160.723382667586,-7.17898328760964,37.5000000000007));
#3149=CARTESIAN_POINT('',(160.723382667586,-7.17898328760964,52.0000000000007));
#3150=CARTESIAN_POINT('Origin',(163.223382667586,-7.17898328760964,37.5000000000007));
#3151=CARTESIAN_POINT('Origin',(117.997631346533,-7.33881551621315,37.5000000000007));
#3152=CARTESIAN_POINT('Origin',(163.223382667586,-52.1789832876096,52.0000000000007));
#3153=CARTESIAN_POINT('',(160.723382667586,-52.1789832876096,51.2906928182697));
#3154=CARTESIAN_POINT('Origin',(163.223382667586,-52.1789832876096,51.2906928182697));
#3155=CARTESIAN_POINT('',(160.723382667586,-52.1789832876096,37.5000000000007));
#3156=CARTESIAN_POINT('',(160.723382667586,-52.1789832876096,52.0000000000007));
#3157=CARTESIAN_POINT('Origin',(163.223382667586,-52.1789832876096,37.5000000000007));
#3158=CARTESIAN_POINT('Origin',(117.997631346533,-52.3388155162132,37.5000000000007));
#3159=CARTESIAN_POINT('Origin',(113.379721399798,-29.1012845209287,51.2906928182697));
#3160=CARTESIAN_POINT('',(60.7233826675858,-52.1789832876096,51.2906928182697));
#3161=CARTESIAN_POINT('Origin',(63.2233826675858,-52.1789832876096,51.2906928182697));
#3162=CARTESIAN_POINT('Origin',(17.9976313465335,-52.3388155162132,37.5000000000007));
#3163=CARTESIAN_POINT('',(60.7233826675858,-52.1789832876096,37.5000000000007));
#3164=CARTESIAN_POINT('Origin',(63.2233826675858,-52.1789832876096,37.5000000000007));
#3165=CARTESIAN_POINT('Origin',(63.2233826675858,-52.1789832876096,52.0000000000007));
#3166=CARTESIAN_POINT('',(60.7233826675858,-52.1789832876096,52.0000000000007));
#3167=CARTESIAN_POINT('Origin',(63.2233826675858,-7.17898328760964,52.0000000000007));
#3168=CARTESIAN_POINT('',(61.7233826675858,-7.17898328760964,38.5000000000007));
#3169=CARTESIAN_POINT('Origin',(63.2233826675858,-7.17898328760964,38.5000000000007));
#3170=CARTESIAN_POINT('',(61.7233826675858,-7.17898328760964,51.2906928182697));
#3171=CARTESIAN_POINT('',(61.7233826675858,-7.17898328760964,52.0000000000007));
#3172=CARTESIAN_POINT('Origin',(63.2233826675858,-7.17898328760964,51.2906928182697));
#3173=CARTESIAN_POINT('Origin',(17.9976313465335,-7.33881551621315,38.5000000000007));
#3174=CARTESIAN_POINT('Origin',(113.379721399798,-29.1012845209287,51.2906928182697));
#3175=CARTESIAN_POINT('Origin',(113.379721399798,-29.1012845209287,51.2906928182697));
#3176=CARTESIAN_POINT('',(161.723382667586,-7.17898328760964,51.2906928182697));
#3177=CARTESIAN_POINT('Origin',(163.223382667586,-7.17898328760964,51.2906928182697));
#3178=CARTESIAN_POINT('Origin',(163.223382667586,-7.17898328760964,52.0000000000007));
#3179=CARTESIAN_POINT('',(161.723382667586,-7.17898328760964,38.5000000000007));
#3180=CARTESIAN_POINT('Origin',(163.223382667586,-7.17898328760964,38.5000000000007));
#3181=CARTESIAN_POINT('',(161.723382667586,-7.17898328760964,52.0000000000007));
#3182=CARTESIAN_POINT('Origin',(117.997631346533,-7.33881551621315,38.5000000000007));
#3183=CARTESIAN_POINT('Origin',(117.997631346533,-52.3388155162132,38.5000000000007));
#3184=CARTESIAN_POINT('',(161.723382667586,-52.1789832876096,38.5000000000007));
#3185=CARTESIAN_POINT('Origin',(163.223382667586,-52.1789832876096,38.5000000000007));
#3186=CARTESIAN_POINT('Origin',(163.223382667586,-52.1789832876096,52.0000000000007));
#3187=CARTESIAN_POINT('',(161.723382667586,-52.1789832876096,51.2906928182697));
#3188=CARTESIAN_POINT('',(161.723382667586,-52.1789832876096,52.0000000000007));
#3189=CARTESIAN_POINT('Origin',(163.223382667586,-52.1789832876096,51.2906928182697));
#3190=CARTESIAN_POINT('Origin',(113.379721399798,-29.1012845209287,51.2906928182697));
#3191=CARTESIAN_POINT('Origin',(124.213083724621,-78.9999977648258,7.65219035150741));
#3192=CARTESIAN_POINT('',(126.174197793487,-80.4156360601687,9.77327151515593));
#3193=CARTESIAN_POINT('',(126.174197793487,-80.4156360601687,7.05219035150741));
#3194=CARTESIAN_POINT('',(126.174197793487,-80.4156360601687,7.65219035150741));
#3195=CARTESIAN_POINT('',(126.260928886921,-77.7130127743969,9.77327151515593));
#3196=CARTESIAN_POINT('Origin',(124.213083724621,-78.9999977648258,9.77327151515593));
#3197=CARTESIAN_POINT('',(126.260928886921,-77.7130127743969,7.05219035150741));
#3198=CARTESIAN_POINT('',(126.260928886921,-77.7130127743969,7.65219035150741));
#3199=CARTESIAN_POINT('Origin',(124.213083724621,-78.9999977648258,7.05219035150741));
#3200=CARTESIAN_POINT('Origin',(124.213083724621,-78.9999977648258,7.65219035150741));
#3201=CARTESIAN_POINT('',(122.541647807988,-80.7482260539606,7.05219035150741));
#3202=CARTESIAN_POINT('',(122.541647807988,-80.7482260539606,9.77327151515593));
#3203=CARTESIAN_POINT('',(122.541647807988,-80.7482260539606,7.65219035150741));
#3204=CARTESIAN_POINT('',(121.966659562703,-78.103572274841,7.05219035150741));
#3205=CARTESIAN_POINT('Origin',(124.213083724621,-78.9999977648258,7.05219035150741));
#3206=CARTESIAN_POINT('',(121.966659562703,-78.103572274841,9.77327151515593));
#3207=CARTESIAN_POINT('',(121.966659562703,-78.103572274841,7.65219035150741));
#3208=CARTESIAN_POINT('Origin',(124.213083724621,-78.9999977648258,9.77327151515593));
#3209=CARTESIAN_POINT('Origin',(124.213083724621,-78.9999977648258,7.05219035150741));
#3210=CARTESIAN_POINT('Origin',(113.062366496703,-29.1722520545644,7.0521903515074));
#3211=CARTESIAN_POINT('Origin',(113.062366496703,-29.1722520545644,7.0521903515074));
#3212=CARTESIAN_POINT('Ctrl Pts',(35.5756428646075,-29.0841997879243,9.77327151515592));
#3213=CARTESIAN_POINT('Ctrl Pts',(35.6316099599571,20.1673074738476,9.77327151515591));
#3214=CARTESIAN_POINT('Ctrl Pts',(113.118333592052,20.0792552072074,9.77327151515591));
#3215=CARTESIAN_POINT('Ctrl Pts',(190.605057224148,19.9912029405672,9.77327151515591));
#3216=CARTESIAN_POINT('Ctrl Pts',(190.549090128798,-29.2603043212046,9.77327151515592));
#3217=CARTESIAN_POINT('Ctrl Pts',(190.493123033449,-78.5118115829765,9.77327151515593));
#3218=CARTESIAN_POINT('Ctrl Pts',(113.006399401353,-78.4237593163363,9.77327151515593));
#3219=CARTESIAN_POINT('Ctrl Pts',(35.519675769258,-78.3357070496961,9.77327151515593));
#3220=CARTESIAN_POINT('Ctrl Pts',(35.5756428646075,-29.0841997879243,9.77327151515592));
#3221=CARTESIAN_POINT('Ctrl Pts',(35.5756428646075,-29.0841997879243,-5.22672848484409));
#3222=CARTESIAN_POINT('Ctrl Pts',(35.6316099599571,20.1673074738476,-5.2267284848441));
#3223=CARTESIAN_POINT('Ctrl Pts',(113.118333592052,20.0792552072074,-5.2267284848441));
#3224=CARTESIAN_POINT('Ctrl Pts',(190.605057224148,19.9912029405672,-5.2267284848441));
#3225=CARTESIAN_POINT('Ctrl Pts',(190.549090128798,-29.2603043212047,-5.22672848484409));
#3226=CARTESIAN_POINT('Ctrl Pts',(190.493123033449,-78.5118115829765,-5.22672848484408));
#3227=CARTESIAN_POINT('Ctrl Pts',(113.006399401353,-78.4237593163363,-5.22672848484408));
#3228=CARTESIAN_POINT('Ctrl Pts',(35.519675769258,-78.3357070496961,-5.22672848484408));
#3229=CARTESIAN_POINT('Ctrl Pts',(35.5756428646075,-29.0841997879243,-5.22672848484409));
#3230=CARTESIAN_POINT('',(136.105561390804,-76.2111996005766,9.77327151515593));
#3231=CARTESIAN_POINT('Origin',(113.062366496703,-29.1722520545644,9.77327151515592));
#3232=CARTESIAN_POINT('',(136.105561390804,-76.2111996005766,7.));
#3233=CARTESIAN_POINT('',(136.105561390804,-76.2111996005766,8.50000000000001));
#3234=CARTESIAN_POINT('',(141.287656489282,-75.0592185494767,7.));
#3235=CARTESIAN_POINT('Origin',(113.062366496703,-29.1722520545644,6.99999999999999));
#3236=CARTESIAN_POINT('',(141.287656489282,-75.0592185494767,9.77327151515593));
#3237=CARTESIAN_POINT('',(141.287656489282,-75.0592185494767,8.50000000000001));
#3238=CARTESIAN_POINT('',(35.5756428646075,-29.0841997879242,9.77327151515592));
#3239=CARTESIAN_POINT('Origin',(113.062366496703,-29.1722520545644,9.77327151515592));
#3240=CARTESIAN_POINT('',(35.5756428646075,-29.0841997879243,-5.22672848484409));
#3241=CARTESIAN_POINT('',(35.5756428646075,-29.0841997879242,9.77327151515592));
#3242=CARTESIAN_POINT('Origin',(113.062366496703,-29.1722520545645,-5.22672848484409));
#3243=CARTESIAN_POINT('Origin',(113.062366496703,-29.1722520545644,9.77327151515592));
#3244=CARTESIAN_POINT('Origin',(116.967340379466,-81.0472249203756,9.77327151515593));
#3245=CARTESIAN_POINT('',(136.621786870902,-78.8286872416262,9.77327151515593));
#3246=CARTESIAN_POINT('Origin',(113.062366496703,-29.1722520545644,9.77327151515592));
#3247=CARTESIAN_POINT('Origin',(139.000002771616,-77.0000020861626,9.77327151515592));
#3248=CARTESIAN_POINT('Origin',(116.967340379466,-81.0472249203756,9.77327151515593));
#3249=CARTESIAN_POINT('',(141.930626748414,-77.6414406060836,9.77327151515593));
#3250=CARTESIAN_POINT('Origin',(139.000002771616,-77.0000020861626,9.77327151515592));
#3251=CARTESIAN_POINT('',(32.8931600855562,-29.0811515407169,9.77327151515592));
#3252=CARTESIAN_POINT('Origin',(113.062366496703,-29.1722520545644,9.77327151515592));
#3253=CARTESIAN_POINT('Origin',(113.062366496703,-29.1722520545644,9.77327151515592));
#3254=CARTESIAN_POINT('Origin',(163.326460826846,-7.1797050655658,-12.922458350218));
#3255=CARTESIAN_POINT('',(160.326310826846,-7.1797050655658,-10.2267284848441));
#3256=CARTESIAN_POINT('Origin',(163.326460826846,-7.1797050655658,-10.2267284848441));
#3257=CARTESIAN_POINT('',(160.326310826846,-7.1797050655658,-5.22672848484409));
#3258=CARTESIAN_POINT('',(160.326310826846,-7.1797050655658,-12.922458350218));
#3259=CARTESIAN_POINT('Origin',(163.326460826846,-7.1797050655658,-5.22672848484409));
#3260=CARTESIAN_POINT('Origin',(63.3264608268465,-7.1797050655658,-12.922458350218));
#3261=CARTESIAN_POINT('',(60.3263108268465,-7.1797050655658,-10.2267284848441));
#3262=CARTESIAN_POINT('Origin',(63.3264608268465,-7.1797050655658,-10.2267284848441));
#3263=CARTESIAN_POINT('',(60.3263108268465,-7.1797050655658,-5.22672848484409));
#3264=CARTESIAN_POINT('',(60.3263108268465,-7.1797050655658,-12.922458350218));
#3265=CARTESIAN_POINT('Origin',(63.3264608268465,-7.1797050655658,-5.22672848484409));
#3266=CARTESIAN_POINT('Origin',(63.3264608268465,-52.1797050655658,-12.922458350218));
#3267=CARTESIAN_POINT('',(60.3263108268465,-52.1797050655658,-10.2267284848441));
#3268=CARTESIAN_POINT('Origin',(63.3264608268465,-52.1797050655658,-10.2267284848441));
#3269=CARTESIAN_POINT('',(60.3263108268465,-52.1797050655658,-5.22672848484409));
#3270=CARTESIAN_POINT('',(60.3263108268465,-52.1797050655658,-12.922458350218));
#3271=CARTESIAN_POINT('Origin',(63.3264608268465,-52.1797050655658,-5.22672848484409));
#3272=CARTESIAN_POINT('Origin',(163.726460826846,-52.1797050655658,-12.922458350218));
#3273=CARTESIAN_POINT('',(160.726310826846,-52.1797050655658,-10.2267284848441));
#3274=CARTESIAN_POINT('Origin',(163.726460826846,-52.1797050655658,-10.2267284848441));
#3275=CARTESIAN_POINT('',(160.726310826846,-52.1797050655658,-5.22672848484409));
#3276=CARTESIAN_POINT('',(160.726310826846,-52.1797050655658,-12.922458350218));
#3277=CARTESIAN_POINT('Origin',(163.726460826846,-52.1797050655658,-5.22672848484409));
#3278=CARTESIAN_POINT('Origin',(139.000002771616,-77.0000020861626,8.50000000000001));
#3279=CARTESIAN_POINT('',(136.621786870902,-78.8286872416262,7.));
#3280=CARTESIAN_POINT('',(136.621786870902,-78.8286872416262,8.50000000000001));
#3281=CARTESIAN_POINT('Origin',(139.000002771616,-77.0000020861626,7.));
#3282=CARTESIAN_POINT('Origin',(139.000002771616,-77.0000020861626,8.50000000000001));
#3283=CARTESIAN_POINT('',(141.930626748414,-77.6414406060836,7.));
#3284=CARTESIAN_POINT('Origin',(139.000002771616,-77.0000020861626,7.));
#3285=CARTESIAN_POINT('',(141.930626748414,-77.6414406060836,8.50000000000001));
#3286=CARTESIAN_POINT('Origin',(139.000002771616,-77.0000020861626,7.));
#3287=CARTESIAN_POINT('Origin',(113.062366496703,-29.1722520545644,6.99999999999999));
#3288=CARTESIAN_POINT('Ctrl Pts',(32.8931600855562,-29.0811515407169,9.77327151515592));
#3289=CARTESIAN_POINT('Ctrl Pts',(32.9521754281131,22.8528385001064,9.77327151515591));
#3290=CARTESIAN_POINT('Ctrl Pts',(113.12138183926,22.7617379862588,9.77327151515591));
#3291=CARTESIAN_POINT('Ctrl Pts',(193.290588250407,22.6706374724112,9.77327151515591));
#3292=CARTESIAN_POINT('Ctrl Pts',(193.23157290785,-29.263352568412,9.77327151515592));
#3293=CARTESIAN_POINT('Ctrl Pts',(193.172557565293,-81.1973426092352,9.77327151515593));
#3294=CARTESIAN_POINT('Ctrl Pts',(113.003351154146,-81.1062420953877,9.77327151515593));
#3295=CARTESIAN_POINT('Ctrl Pts',(32.8341447429992,-81.0151415815401,9.77327151515593));
#3296=CARTESIAN_POINT('Ctrl Pts',(32.8931600855562,-29.0811515407169,9.77327151515592));
#3297=CARTESIAN_POINT('Ctrl Pts',(32.8931600855562,-29.0811515407169,-10.2267284848441));
#3298=CARTESIAN_POINT('Ctrl Pts',(32.9521754281131,22.8528385001064,-10.2267284848441));
#3299=CARTESIAN_POINT('Ctrl Pts',(113.12138183926,22.7617379862588,-10.2267284848441));
#3300=CARTESIAN_POINT('Ctrl Pts',(193.290588250407,22.6706374724112,-10.2267284848441));
#3301=CARTESIAN_POINT('Ctrl Pts',(193.23157290785,-29.263352568412,-10.2267284848441));
#3302=CARTESIAN_POINT('Ctrl Pts',(193.172557565293,-81.1973426092352,-10.2267284848441));
#3303=CARTESIAN_POINT('Ctrl Pts',(113.003351154146,-81.1062420953877,-10.2267284848441));
#3304=CARTESIAN_POINT('Ctrl Pts',(32.8341447429992,-81.0151415815401,-10.2267284848441));
#3305=CARTESIAN_POINT('Ctrl Pts',(32.8931600855562,-29.0811515407169,-10.2267284848441));
#3306=CARTESIAN_POINT('',(32.8931600855562,-29.0811515407169,-10.2267284848441));
#3307=CARTESIAN_POINT('Origin',(113.062366496703,-29.1722520545645,-10.2267284848441));
#3308=CARTESIAN_POINT('',(32.8931600855562,-29.0811515407169,9.77327151515592));
#3309=CARTESIAN_POINT('Origin',(113.062366496703,-29.1722520545645,-10.2267284848441));
#3310=CARTESIAN_POINT('Origin',(113.062366496703,-29.1722520545645,-5.22672848484409));
#3311=CARTESIAN_POINT('Origin',(163.326460826846,-7.1797050655658,-12.922458350218));
#3312=CARTESIAN_POINT('',(163.271892454405,-10.1793587647833,-2.58885835021802));
#3313=CARTESIAN_POINT('',(163.271892454405,-10.1793587647833,-10.588858350218));
#3314=CARTESIAN_POINT('',(163.271892454405,-10.1793587647833,-12.922458350218));
#3315=CARTESIAN_POINT('',(163.271892454405,-4.18005136634832,-2.58885835021802));
#3316=CARTESIAN_POINT('Origin',(163.326460826846,-7.1797050655658,-2.58885835021802));
#3317=CARTESIAN_POINT('',(163.271892454405,-4.18005136634832,-10.588858350218));
#3318=CARTESIAN_POINT('',(163.271892454405,-4.18005136634832,-12.922458350218));
#3319=CARTESIAN_POINT('Origin',(163.326460826846,-7.1797050655658,-10.588858350218));
#3320=CARTESIAN_POINT('Origin',(73.1171964933397,42.094928758014,-2.58885835021802));
#3321=CARTESIAN_POINT('',(158.726310826846,-7.1797050655658,-2.58885835021802));
#3322=CARTESIAN_POINT('Origin',(163.226310826846,-7.1797050655658,-2.58885835021802));
#3323=CARTESIAN_POINT('Origin',(163.226310826846,-7.1797050655658,-2.58885835021802));
#3324=CARTESIAN_POINT('Origin',(163.226310826846,-7.1797050655658,-10.588858350218));
#3325=CARTESIAN_POINT('Origin',(163.226310826846,-7.1797050655658,-10.588858350218));
#3326=CARTESIAN_POINT('Origin',(163.226310826846,-7.1797050655658,-10.588858350218));
#3327=CARTESIAN_POINT('',(158.726310826846,-7.1797050655658,-10.588858350218));
#3328=CARTESIAN_POINT('',(158.726310826846,-7.1797050655658,-10.588858350218));
#3329=CARTESIAN_POINT('Origin',(163.226310826846,-7.1797050655658,-10.588858350218));
#3330=CARTESIAN_POINT('Origin',(73.1171964933397,42.094928758014,-10.588858350218));
#3331=CARTESIAN_POINT('Origin',(63.2263108268464,-7.1797050655658,-10.588858350218));
#3332=CARTESIAN_POINT('',(60.2263108268464,-7.1797050655658,-2.58885835021802));
#3333=CARTESIAN_POINT('Origin',(63.2263108268464,-7.1797050655658,-2.58885835021802));
#3334=CARTESIAN_POINT('',(60.2263108268464,-7.1797050655658,-10.588858350218));
#3335=CARTESIAN_POINT('',(60.2263108268464,-7.1797050655658,-10.588858350218));
#3336=CARTESIAN_POINT('Origin',(63.2263108268464,-7.1797050655658,-10.588858350218));
#3337=CARTESIAN_POINT('Origin',(63.2263108268464,-7.1797050655658,-10.588858350218));
#3338=CARTESIAN_POINT('',(58.7263108268465,-7.1797050655658,-2.58885835021802));
#3339=CARTESIAN_POINT('Origin',(63.2263108268464,-7.1797050655658,-2.58885835021802));
#3340=CARTESIAN_POINT('',(58.7263108268465,-7.1797050655658,-10.588858350218));
#3341=CARTESIAN_POINT('',(58.7263108268465,-7.1797050655658,-10.588858350218));
#3342=CARTESIAN_POINT('Origin',(63.2263108268464,-7.1797050655658,-10.588858350218));
#3343=CARTESIAN_POINT('Origin',(-26.8828035066603,42.094928758014,-2.58885835021802));
#3344=CARTESIAN_POINT('Origin',(-26.8828035066603,42.094928758014,-10.588858350218));
#3345=CARTESIAN_POINT('Origin',(163.826460826846,-52.1797050655658,-14.422458350218));
#3346=CARTESIAN_POINT('',(160.826310826847,-52.1797050655658,-10.755658350218));
#3347=CARTESIAN_POINT('Origin',(163.826460826846,-52.1797050655658,-10.755658350218));
#3348=CARTESIAN_POINT('',(160.826310826847,-52.1797050655658,-2.75565835021802));
#3349=CARTESIAN_POINT('',(160.826310826847,-52.1797050655658,-14.422458350218));
#3350=CARTESIAN_POINT('Origin',(163.826460826846,-52.1797050655658,-2.75565835021802));
#3351=CARTESIAN_POINT('Origin',(163.72646082669,-52.1797050655658,-10.755658350218));
#3352=CARTESIAN_POINT('',(159.22646082669,-52.1797050655658,-2.75565835021802));
#3353=CARTESIAN_POINT('Origin',(163.72646082669,-52.1797050655658,-2.75565835021802));
#3354=CARTESIAN_POINT('',(159.22646082669,-52.1797050655658,-10.755658350218));
#3355=CARTESIAN_POINT('',(159.22646082669,-52.1797050655658,-10.755658350218));
#3356=CARTESIAN_POINT('Origin',(163.72646082669,-52.1797050655658,-10.755658350218));
#3357=CARTESIAN_POINT('Origin',(73.6173464931828,-2.90507124198605,-2.75565835021802));
#3358=CARTESIAN_POINT('Origin',(73.6173464931828,-2.90507124198605,-10.755658350218));
#3359=CARTESIAN_POINT('Origin',(63.3264608268465,-52.1797050655658,-12.922458350218));
#3360=CARTESIAN_POINT('',(63.2718924544053,-55.1793587647833,-2.58885835021802));
#3361=CARTESIAN_POINT('',(63.2718924544053,-55.1793587647833,-10.588858350218));
#3362=CARTESIAN_POINT('',(63.2718924544053,-55.1793587647833,-12.922458350218));
#3363=CARTESIAN_POINT('',(63.2718924544053,-49.1800513663483,-2.58885835021802));
#3364=CARTESIAN_POINT('Origin',(63.3264608268465,-52.1797050655658,-2.58885835021802));
#3365=CARTESIAN_POINT('',(63.2718924544053,-49.1800513663483,-10.588858350218));
#3366=CARTESIAN_POINT('',(63.2718924544053,-49.1800513663483,-12.922458350218));
#3367=CARTESIAN_POINT('Origin',(63.3264608268465,-52.1797050655658,-10.588858350218));
#3368=CARTESIAN_POINT('Origin',(-26.8828035066603,-2.90507124198604,-2.58885835021802));
#3369=CARTESIAN_POINT('',(58.7263108268465,-52.1797050655658,-2.58885835021802));
#3370=CARTESIAN_POINT('Origin',(63.2263108268464,-52.1797050655658,-2.58885835021802));
#3371=CARTESIAN_POINT('Origin',(63.2263108268464,-52.1797050655658,-2.58885835021802));
#3372=CARTESIAN_POINT('Origin',(63.2263108268464,-52.1797050655658,-10.588858350218));
#3373=CARTESIAN_POINT('Origin',(63.2263108268464,-52.1797050655658,-10.588858350218));
#3374=CARTESIAN_POINT('Origin',(63.2263108268464,-52.1797050655658,-10.588858350218));
#3375=CARTESIAN_POINT('',(58.7263108268465,-52.1797050655658,-10.588858350218));
#3376=CARTESIAN_POINT('',(58.7263108268465,-52.1797050655658,-10.588858350218));
#3377=CARTESIAN_POINT('Origin',(63.2263108268464,-52.1797050655658,-10.588858350218));
#3378=CARTESIAN_POINT('Origin',(-26.8828035066603,-2.90507124198604,-10.588858350218));
#3379=CARTESIAN_POINT('Ctrl Pts',(136.564449826752,-76.9557737960338,10.7282695649167));
#3380=CARTESIAN_POINT('Ctrl Pts',(136.567361962428,-76.9683876414594,10.5798988129698));
#3381=CARTESIAN_POINT('Ctrl Pts',(136.576198447906,-77.0066626651173,10.2922233136833));
#3382=CARTESIAN_POINT('Ctrl Pts',(136.600153695782,-77.1104242433586,9.60399440593172));
#3383=CARTESIAN_POINT('Ctrl Pts',(136.61525688693,-77.1758433514368,9.0593174534103));
#3384=CARTESIAN_POINT('Ctrl Pts',(136.593258198561,-77.0805565635024,8.47049176470099));
#3385=CARTESIAN_POINT('Ctrl Pts',(136.550051783524,-76.893409019154,8.04259604164938));
#3386=CARTESIAN_POINT('Ctrl Pts',(136.472811824823,-76.5588460015116,7.62696406753142));
#3387=CARTESIAN_POINT('Ctrl Pts',(136.436830024769,-76.4029917026629,7.38978159290181));
#3388=CARTESIAN_POINT('Ctrl Pts',(136.500677455139,-76.9704968081118,10.7282695649167));
#3389=CARTESIAN_POINT('Ctrl Pts',(136.503589590816,-76.9831106535374,10.5798988129698));
#3390=CARTESIAN_POINT('Ctrl Pts',(136.512426076293,-77.0213856771953,10.2922233136833));
#3391=CARTESIAN_POINT('Ctrl Pts',(136.53638132417,-77.1251472554366,9.60399440593172));
#3392=CARTESIAN_POINT('Ctrl Pts',(136.551484515317,-77.1905663635148,9.0593174534103));
#3393=CARTESIAN_POINT('Ctrl Pts',(136.529485826948,-77.0952795755804,8.47049176470099));
#3394=CARTESIAN_POINT('Ctrl Pts',(136.486279411911,-76.908132031232,8.04259604164938));
#3395=CARTESIAN_POINT('Ctrl Pts',(136.40903945321,-76.5735690135896,7.62696406753142));
#3396=CARTESIAN_POINT('Ctrl Pts',(136.373057653156,-76.4177147147409,7.38978159290181));
#3397=CARTESIAN_POINT('Ctrl Pts',(136.385884025651,-77.0524735313741,10.7329857752554));
#3398=CARTESIAN_POINT('Ctrl Pts',(136.388778741332,-77.0650119225062,10.5865822571776));
#3399=CARTESIAN_POINT('Ctrl Pts',(136.397585043976,-77.1031562099532,10.3005155435291));
#3400=CARTESIAN_POINT('Ctrl Pts',(136.4214894572,-77.2066975991218,9.61219858912886));
#3401=CARTESIAN_POINT('Ctrl Pts',(136.43710218599,-77.2743237572054,9.06281558206348));
#3402=CARTESIAN_POINT('Ctrl Pts',(136.414321468121,-77.1756496273557,8.45261345229639));
#3403=CARTESIAN_POINT('Ctrl Pts',(136.36923661347,-76.980365667141,8.00950848223867));
#3404=CARTESIAN_POINT('Ctrl Pts',(136.29183933968,-76.6451212429831,7.59362829636847));
#3405=CARTESIAN_POINT('Ctrl Pts',(136.256224298625,-76.4908555518929,7.35944444636366));
#3406=CARTESIAN_POINT('Ctrl Pts',(136.362214934664,-77.1911511106628,10.7443109853982));
#3407=CARTESIAN_POINT('Ctrl Pts',(136.365025234169,-77.2033238551673,10.6022550750098));
#3408=CARTESIAN_POINT('Ctrl Pts',(136.373771435462,-77.2412078150629,10.3205521005285));
#3409=CARTESIAN_POINT('Ctrl Pts',(136.397512852508,-77.3440431902183,9.63134229866941));
#3410=CARTESIAN_POINT('Ctrl Pts',(136.414192836853,-77.4162921399908,9.07117905117704));
#3411=CARTESIAN_POINT('Ctrl Pts',(136.389749192849,-77.3104150857062,8.41024708415144));
#3412=CARTESIAN_POINT('Ctrl Pts',(136.340123232511,-77.0954614357672,7.93000091117248));
#3413=CARTESIAN_POINT('Ctrl Pts',(136.2622524942,-76.7581662114611,7.51403512283202));
#3414=CARTESIAN_POINT('Ctrl Pts',(136.227656660259,-76.6083151913926,7.28659473547117));
#3415=CARTESIAN_POINT('Ctrl Pts',(136.376882222246,-77.2546821129656,10.7499999999994));
#3416=CARTESIAN_POINT('Ctrl Pts',(136.37963088495,-77.2665878791544,10.6099580522561));
#3417=CARTESIAN_POINT('Ctrl Pts',(136.388352485383,-77.3043652810147,10.3306731564592));
#3418=CARTESIAN_POINT('Ctrl Pts',(136.411993541991,-77.4067659473566,9.64070711218523));
#3419=CARTESIAN_POINT('Ctrl Pts',(136.429139048643,-77.4810312957734,9.07536370709948));
#3420=CARTESIAN_POINT('Ctrl Pts',(136.403957155966,-77.3719565351713,8.3892204844418));
#3421=CARTESIAN_POINT('Ctrl Pts',(136.3520363517,-77.1470628241193,7.89003769780893));
#3422=CARTESIAN_POINT('Ctrl Pts',(136.273884558662,-76.8085502180445,7.47425942848871));
#3423=CARTESIAN_POINT('Ctrl Pts',(136.239863251111,-76.6611877451769,7.25000000003237));
#3424=CARTESIAN_POINT('',(136.436830024769,-76.4029917026629,7.38978159290181));
#3425=CARTESIAN_POINT('',(136.239863251111,-76.6611877451769,7.25000000001619));
#3426=CARTESIAN_POINT('Origin',(136.483455767308,-76.6049499815909,7.25000000003237));
#3427=CARTESIAN_POINT('',(136.376882222246,-77.2546821129657,10.7499999999997));
#3428=CARTESIAN_POINT('Ctrl Pts',(136.239863251111,-76.6611877451769,7.25000000003237));
#3429=CARTESIAN_POINT('Ctrl Pts',(136.273884558662,-76.8085502180445,7.47425942848871));
#3430=CARTESIAN_POINT('Ctrl Pts',(136.3520363517,-77.1470628241193,7.89003769780893));
#3431=CARTESIAN_POINT('Ctrl Pts',(136.403957155966,-77.3719565351713,8.3892204844418));
#3432=CARTESIAN_POINT('Ctrl Pts',(136.429139048643,-77.4810312957734,9.07536370709948));
#3433=CARTESIAN_POINT('Ctrl Pts',(136.411993541991,-77.4067659473566,9.64070711218523));
#3434=CARTESIAN_POINT('Ctrl Pts',(136.388352485383,-77.3043652810147,10.3306731564592));
#3435=CARTESIAN_POINT('Ctrl Pts',(136.37963088495,-77.2665878791544,10.6099580522561));
#3436=CARTESIAN_POINT('Ctrl Pts',(136.376882222246,-77.2546821129656,10.7499999999994));
#3437=CARTESIAN_POINT('',(136.564449826752,-76.9557737960338,10.7282695649173));
#3438=CARTESIAN_POINT('Origin',(136.620474738442,-77.1984443493797,10.7499999999994));
#3439=CARTESIAN_POINT('Ctrl Pts',(136.564449826752,-76.9557737960338,10.7282695649167));
#3440=CARTESIAN_POINT('Ctrl Pts',(136.567361962428,-76.9683876414594,10.5798988129698));
#3441=CARTESIAN_POINT('Ctrl Pts',(136.576198447906,-77.0066626651173,10.2922233136833));
#3442=CARTESIAN_POINT('Ctrl Pts',(136.600153695782,-77.1104242433586,9.60399440593172));
#3443=CARTESIAN_POINT('Ctrl Pts',(136.61525688693,-77.1758433514368,9.0593174534103));
#3444=CARTESIAN_POINT('Ctrl Pts',(136.593258198561,-77.0805565635024,8.47049176470099));
#3445=CARTESIAN_POINT('Ctrl Pts',(136.550051783524,-76.893409019154,8.04259604164938));
#3446=CARTESIAN_POINT('Ctrl Pts',(136.472811824823,-76.5588460015116,7.62696406753142));
#3447=CARTESIAN_POINT('Ctrl Pts',(136.436830024769,-76.4029917026629,7.38978159290181));
#3448=CARTESIAN_POINT('Ctrl Pts',(136.436830024763,-76.4029917026404,7.38978159286758));
#3449=CARTESIAN_POINT('Ctrl Pts',(137.992355944593,-76.0438702472805,7.3897815928676));
#3450=CARTESIAN_POINT('Ctrl Pts',(139.547881864422,-75.6847487919205,7.38978159286753));
#3451=CARTESIAN_POINT('Ctrl Pts',(141.103407784252,-75.3256273365604,7.38978159286755));
#3452=CARTESIAN_POINT('Ctrl Pts',(136.430349179271,-76.3749200767461,7.34706157971553));
#3453=CARTESIAN_POINT('Ctrl Pts',(137.985875099101,-76.0157986213861,7.34706157971555));
#3454=CARTESIAN_POINT('Ctrl Pts',(139.54140101893,-75.6566771660262,7.34706157971548));
#3455=CARTESIAN_POINT('Ctrl Pts',(141.09692693876,-75.2975557106661,7.3470615797155));
#3456=CARTESIAN_POINT('Ctrl Pts',(136.423582545959,-76.3456105678052,7.24373007277512));
#3457=CARTESIAN_POINT('Ctrl Pts',(137.979108465789,-75.9864891124452,7.24373007277514));
#3458=CARTESIAN_POINT('Ctrl Pts',(139.534634385618,-75.6273676570852,7.24373007277507));
#3459=CARTESIAN_POINT('Ctrl Pts',(141.090160305448,-75.2682462017252,7.24373007277509));
#3460=CARTESIAN_POINT('Ctrl Pts',(136.437475864215,-76.4057891406432,7.06438577995581));
#3461=CARTESIAN_POINT('Ctrl Pts',(137.993001784044,-76.0466676852832,7.06438577995582));
#3462=CARTESIAN_POINT('Ctrl Pts',(139.548527703874,-75.6875462299233,7.06438577995579));
#3463=CARTESIAN_POINT('Ctrl Pts',(141.104053623703,-75.3284247745632,7.0643857799558));
#3464=CARTESIAN_POINT('Ctrl Pts',(136.466069235859,-76.5296406400862,7.));
#3465=CARTESIAN_POINT('Ctrl Pts',(138.021595155689,-76.1705191847262,7.));
#3466=CARTESIAN_POINT('Ctrl Pts',(139.577121075519,-75.8113977293663,6.99999999999999));
#3467=CARTESIAN_POINT('Ctrl Pts',(141.132646995348,-75.4522762740062,6.99999999999999));
#3468=CARTESIAN_POINT('Ctrl Pts',(136.483455767303,-76.6049499815697,7.));
#3469=CARTESIAN_POINT('Ctrl Pts',(138.038981687132,-76.2458285262097,7.));
#3470=CARTESIAN_POINT('Ctrl Pts',(139.594507606962,-75.8867070708498,6.99999999999999));
#3471=CARTESIAN_POINT('Ctrl Pts',(141.150033526791,-75.5275856154897,6.99999999999999));
#3472=CARTESIAN_POINT('',(141.103407784252,-75.3256273365604,7.38978159286755));
#3473=CARTESIAN_POINT('',(141.150033526791,-75.5275856154897,7.));
#3474=CARTESIAN_POINT('Origin',(141.150033526791,-75.5275856154897,7.25));
#3475=CARTESIAN_POINT('',(136.483455767303,-76.6049499815697,7.));
#3476=CARTESIAN_POINT('Ctrl Pts',(141.150033526791,-75.5275856154897,6.99999999999999));
#3477=CARTESIAN_POINT('Ctrl Pts',(139.594507606962,-75.8867070708498,6.99999999999999));
#3478=CARTESIAN_POINT('Ctrl Pts',(138.038981687132,-76.2458285262097,7.));
#3479=CARTESIAN_POINT('Ctrl Pts',(136.483455767303,-76.6049499815697,7.));
#3480=CARTESIAN_POINT('Origin',(136.483455767303,-76.6049499815697,7.25));
#3481=CARTESIAN_POINT('Ctrl Pts',(136.436830024763,-76.4029917026404,7.38978159286758));
#3482=CARTESIAN_POINT('Ctrl Pts',(137.992355944593,-76.0438702472805,7.3897815928676));
#3483=CARTESIAN_POINT('Ctrl Pts',(139.547881864422,-75.6847487919205,7.38978159286753));
#3484=CARTESIAN_POINT('Ctrl Pts',(141.103407784252,-75.3256273365604,7.38978159286755));
#3485=CARTESIAN_POINT('Origin',(136.483455767308,-76.6049499815909,7.25));
#3486=CARTESIAN_POINT('Origin',(136.483455767308,-76.6049499815909,7.25));
#3487=CARTESIAN_POINT('Ctrl Pts',(141.103407784253,-75.3256273365665,7.38978159287683));
#3488=CARTESIAN_POINT('Ctrl Pts',(141.139389584308,-75.4814816354171,7.6269640675126));
#3489=CARTESIAN_POINT('Ctrl Pts',(141.216552948953,-75.8157128877536,8.04164992444093));
#3490=CARTESIAN_POINT('Ctrl Pts',(141.259718472883,-76.0026833132574,8.47000124115079));
#3491=CARTESIAN_POINT('Ctrl Pts',(141.277193255889,-76.078374914259,8.93710265078564));
#3492=CARTESIAN_POINT('Ctrl Pts',(141.271547357611,-76.0539198420795,9.6017267472699));
#3493=CARTESIAN_POINT('Ctrl Pts',(141.23976399327,-75.9162509662305,10.2831573090763));
#3494=CARTESIAN_POINT('Ctrl Pts',(141.23102758624,-75.8784094299538,10.7282695649172));
#3495=CARTESIAN_POINT('Ctrl Pts',(141.167180155866,-75.3109043244885,7.38978159287684));
#3496=CARTESIAN_POINT('Ctrl Pts',(141.203161955921,-75.466758623339,7.6269640675126));
#3497=CARTESIAN_POINT('Ctrl Pts',(141.280325320565,-75.8009898756756,8.04164992444093));
#3498=CARTESIAN_POINT('Ctrl Pts',(141.323490844495,-75.9879603011795,8.47000124115079));
#3499=CARTESIAN_POINT('Ctrl Pts',(141.340965627502,-76.063651902181,8.93710265078564));
#3500=CARTESIAN_POINT('Ctrl Pts',(141.335319729224,-76.0391968300015,9.6017267472699));
#3501=CARTESIAN_POINT('Ctrl Pts',(141.303536364882,-75.9015279541526,10.2831573090763));
#3502=CARTESIAN_POINT('Ctrl Pts',(141.294799957853,-75.8636864178758,10.7282695649172));
#3503=CARTESIAN_POINT('Ctrl Pts',(141.304162712187,-75.3254737298722,7.35942697487926));
#3504=CARTESIAN_POINT('Ctrl Pts',(141.339776008601,-75.4797318640928,7.59368171369555));
#3505=CARTESIAN_POINT('Ctrl Pts',(141.417097989143,-75.8146501573613,8.00877902454061));
#3506=CARTESIAN_POINT('Ctrl Pts',(141.462149148633,-76.0097881677989,8.45253393871177));
#3507=CARTESIAN_POINT('Ctrl Pts',(141.480246380217,-76.0881758897986,8.93691597461903));
#3508=CARTESIAN_POINT('Ctrl Pts',(141.47425465957,-76.0622228963702,9.61097197339828));
#3509=CARTESIAN_POINT('Ctrl Pts',(141.44247100428,-75.9245527602853,10.2941998384437));
#3510=CARTESIAN_POINT('Ctrl Pts',(141.43382361403,-75.8870967980429,10.7329884913676));
#3511=CARTESIAN_POINT('Ctrl Pts',(141.381419452136,-75.4184752981249,7.28659473544722));
#3512=CARTESIAN_POINT('Ctrl Pts',(141.41602051781,-75.5683489793149,7.51409634546453));
#3513=CARTESIAN_POINT('Ctrl Pts',(141.49382433945,-75.9053543556742,7.92972655826578));
#3514=CARTESIAN_POINT('Ctrl Pts',(141.543396107024,-76.1200732709661,8.41050404063567));
#3515=CARTESIAN_POINT('Ctrl Pts',(141.562875349371,-76.2044471392416,8.9361396439731));
#3516=CARTESIAN_POINT('Ctrl Pts',(141.556181798955,-76.1754541871044,9.63272686452492));
#3517=CARTESIAN_POINT('Ctrl Pts',(141.52437241901,-76.0376726252959,10.3186867269864));
#3518=CARTESIAN_POINT('Ctrl Pts',(141.515977726545,-76.0013112174109,10.7443109853987));
#3519=CARTESIAN_POINT('Ctrl Pts',(141.393626042989,-75.4713478519095,7.25000000000877));
#3520=CARTESIAN_POINT('Ctrl Pts',(141.42764735054,-75.6187103247782,7.47425942847007));
#3521=CARTESIAN_POINT('Ctrl Pts',(141.505749547368,-75.9570081060693,7.88990491790475));
#3522=CARTESIAN_POINT('Ctrl Pts',(141.55759062334,-76.1815564759384,8.38931976584399));
#3523=CARTESIAN_POINT('Ctrl Pts',(141.577702309042,-76.268669757347,8.93556706322218));
#3524=CARTESIAN_POINT('Ctrl Pts',(141.570727215351,-76.2384573073058,9.64341986309339));
#3525=CARTESIAN_POINT('Ctrl Pts',(141.538891002239,-76.10055951828,10.3298741567697));
#3526=CARTESIAN_POINT('Ctrl Pts',(141.530645014127,-76.0648422197137,10.7499999999999));
#3527=CARTESIAN_POINT('',(141.23102758624,-75.8784094299538,10.7282695649172));
#3528=CARTESIAN_POINT('',(141.530645014127,-76.0648422197137,10.75));
#3529=CARTESIAN_POINT('Origin',(141.287052497931,-76.1210799832997,10.7499999999999));
#3530=CARTESIAN_POINT('',(141.393626042989,-75.4713478519095,7.2500000000044));
#3531=CARTESIAN_POINT('Ctrl Pts',(141.530645014127,-76.0648422197137,10.7499999999999));
#3532=CARTESIAN_POINT('Ctrl Pts',(141.538891002239,-76.10055951828,10.3298741567697));
#3533=CARTESIAN_POINT('Ctrl Pts',(141.570727215351,-76.2384573073058,9.64341986309339));
#3534=CARTESIAN_POINT('Ctrl Pts',(141.577702309042,-76.268669757347,8.93556706322218));
#3535=CARTESIAN_POINT('Ctrl Pts',(141.55759062334,-76.1815564759384,8.38931976584399));
#3536=CARTESIAN_POINT('Ctrl Pts',(141.505749547368,-75.9570081060693,7.88990491790475));
#3537=CARTESIAN_POINT('Ctrl Pts',(141.42764735054,-75.6187103247782,7.47425942847007));
#3538=CARTESIAN_POINT('Ctrl Pts',(141.393626042989,-75.4713478519095,7.25000000000877));
#3539=CARTESIAN_POINT('Origin',(141.150033526792,-75.5275856154955,7.25000000000878));
#3540=CARTESIAN_POINT('Ctrl Pts',(141.103407784253,-75.3256273365665,7.38978159287683));
#3541=CARTESIAN_POINT('Ctrl Pts',(141.139389584308,-75.4814816354171,7.6269640675126));
#3542=CARTESIAN_POINT('Ctrl Pts',(141.216552948953,-75.8157128877536,8.04164992444093));
#3543=CARTESIAN_POINT('Ctrl Pts',(141.259718472883,-76.0026833132574,8.47000124115079));
#3544=CARTESIAN_POINT('Ctrl Pts',(141.277193255889,-76.078374914259,8.93710265078564));
#3545=CARTESIAN_POINT('Ctrl Pts',(141.271547357611,-76.0539198420795,9.6017267472699));
#3546=CARTESIAN_POINT('Ctrl Pts',(141.23976399327,-75.9162509662305,10.2831573090763));
#3547=CARTESIAN_POINT('Ctrl Pts',(141.23102758624,-75.8784094299538,10.7282695649172));
#3548=CARTESIAN_POINT('Origin',(141.150033526791,-75.5275856154897,7.25));
#3549=CARTESIAN_POINT('Origin',(141.150033526791,-75.5275856154897,7.25));
#3550=CARTESIAN_POINT('Ctrl Pts',(141.23102758624,-75.8784094299538,10.7282695649173));
#3551=CARTESIAN_POINT('Ctrl Pts',(139.675501666411,-76.2375308853136,10.7282695649174));
#3552=CARTESIAN_POINT('Ctrl Pts',(138.119975746581,-76.5966523406738,10.7282695649173));
#3553=CARTESIAN_POINT('Ctrl Pts',(136.564449826752,-76.9557737960337,10.7282695649173));
#3554=CARTESIAN_POINT('Ctrl Pts',(141.229676930566,-75.8725590974859,10.797084283832));
#3555=CARTESIAN_POINT('Ctrl Pts',(139.674151010736,-76.2316805528457,10.797084283832));
#3556=CARTESIAN_POINT('Ctrl Pts',(138.118625090907,-76.5908020082059,10.797084283832));
#3557=CARTESIAN_POINT('Ctrl Pts',(136.563099171078,-76.9499234635659,10.797084283832));
#3558=CARTESIAN_POINT('Ctrl Pts',(141.240617781758,-75.9199491304701,10.939194987335));
#3559=CARTESIAN_POINT('Ctrl Pts',(139.685091861929,-76.2790705858299,10.939194987335));
#3560=CARTESIAN_POINT('Ctrl Pts',(138.129565942099,-76.6381920411901,10.939194987335));
#3561=CARTESIAN_POINT('Ctrl Pts',(136.57404002227,-76.99731349655,10.939194987335));
#3562=CARTESIAN_POINT('Ctrl Pts',(141.271513742388,-76.0537742385506,11.));
#3563=CARTESIAN_POINT('Ctrl Pts',(139.715987822559,-76.4128956939104,11.));
#3564=CARTESIAN_POINT('Ctrl Pts',(138.160461902729,-76.7720171492706,11.));
#3565=CARTESIAN_POINT('Ctrl Pts',(136.6049359829,-77.1311386046306,11.));
#3566=CARTESIAN_POINT('Ctrl Pts',(141.287052497931,-76.1210799832997,11.));
#3567=CARTESIAN_POINT('Ctrl Pts',(139.731526578101,-76.4802014386595,11.));
#3568=CARTESIAN_POINT('Ctrl Pts',(138.176000658272,-76.8393228940196,11.));
#3569=CARTESIAN_POINT('Ctrl Pts',(136.620474738442,-77.1984443493796,11.));
#3570=CARTESIAN_POINT('',(136.620474738442,-77.1984443493796,11.));
#3571=CARTESIAN_POINT('Origin',(136.620474738442,-77.1984443493796,10.75));
#3572=CARTESIAN_POINT('',(141.287052497931,-76.1210799832997,11.));
#3573=CARTESIAN_POINT('Ctrl Pts',(136.620474738442,-77.1984443493796,11.));
#3574=CARTESIAN_POINT('Ctrl Pts',(138.176000658272,-76.8393228940196,11.));
#3575=CARTESIAN_POINT('Ctrl Pts',(139.731526578101,-76.4802014386595,11.));
#3576=CARTESIAN_POINT('Ctrl Pts',(141.287052497931,-76.1210799832997,11.));
#3577=CARTESIAN_POINT('Origin',(141.287052497931,-76.1210799832997,10.75));
#3578=CARTESIAN_POINT('Ctrl Pts',(141.23102758624,-75.8784094299538,10.7282695649173));
#3579=CARTESIAN_POINT('Ctrl Pts',(139.675501666411,-76.2375308853136,10.7282695649174));
#3580=CARTESIAN_POINT('Ctrl Pts',(138.119975746581,-76.5966523406738,10.7282695649173));
#3581=CARTESIAN_POINT('Ctrl Pts',(136.564449826752,-76.9557737960337,10.7282695649173));
#3582=CARTESIAN_POINT('Origin',(141.287052497931,-76.1210799832997,10.75));
#3583=CARTESIAN_POINT('Origin',(141.287052497931,-76.1210799832997,10.75));
#3584=CARTESIAN_POINT('Origin',(136.620474738442,-77.1984443493796,10.75));
#3585=CARTESIAN_POINT('Origin',(136.620474738442,-77.1984443493796,10.75));
#3586=CARTESIAN_POINT('Origin',(141.334337580155,-76.3258941761673,7.25));
#3587=CARTESIAN_POINT('',(141.640190770323,-76.5393370198064,7.25));
#3588=CARTESIAN_POINT('',(141.577930096351,-76.2696564125813,7.25000000000002));
#3589=CARTESIAN_POINT('',(141.396598254126,-76.5955747833923,7.));
#3590=CARTESIAN_POINT('Origin',(141.396598254126,-76.5955747833923,7.25));
#3591=CARTESIAN_POINT('',(141.334337580155,-76.3258941761673,7.));
#3592=CARTESIAN_POINT('Origin',(141.577930096351,-76.2696564125813,9.));
#3593=CARTESIAN_POINT('',(141.640190770323,-76.5393370198064,10.75));
#3594=CARTESIAN_POINT('',(141.577930096351,-76.2696564125813,10.75));
#3595=CARTESIAN_POINT('',(141.808904061081,-77.2701145683953,10.));
#3596=CARTESIAN_POINT('Origin',(141.640190770323,-76.5393370198064,10.));
#3597=CARTESIAN_POINT('',(141.808904061081,-77.2701145683953,8.));
#3598=CARTESIAN_POINT('',(141.808904061081,-77.2701145683953,9.));
#3599=CARTESIAN_POINT('Origin',(141.640190770323,-76.5393370198064,8.));
#3600=CARTESIAN_POINT('Origin',(141.334337580155,-76.3258941761673,10.75));
#3601=CARTESIAN_POINT('',(141.396598254126,-76.5955747833923,11.));
#3602=CARTESIAN_POINT('',(141.334337580155,-76.3258941761673,11.));
#3603=CARTESIAN_POINT('Origin',(141.396598254126,-76.5955747833923,10.75));
#3604=CARTESIAN_POINT('Origin',(138.513863668018,-76.9770518863791,11.));
#3605=CARTESIAN_POINT('',(136.730020494638,-77.6729391494722,11.));
#3606=CARTESIAN_POINT('',(136.667759820666,-77.4032585422471,11.));
#3607=CARTESIAN_POINT('',(138.57612434199,-77.2467324936042,11.));
#3608=CARTESIAN_POINT('Ctrl Pts',(146.796389337935,-74.5800501627397,16.3439636870527));
#3609=CARTESIAN_POINT('Ctrl Pts',(145.025684090222,-74.9888496802975,16.3439636870521));
#3610=CARTESIAN_POINT('Ctrl Pts',(143.254978842509,-75.3976491978553,16.3439636870515));
#3611=CARTESIAN_POINT('Ctrl Pts',(141.484273594796,-75.8064487154132,16.343963687051));
#3612=CARTESIAN_POINT('Ctrl Pts',(140.600148315703,-76.0105651193268,16.3439636870507));
#3613=CARTESIAN_POINT('Ctrl Pts',(138.831897757524,-76.4187979271536,16.343963687051));
#3614=CARTESIAN_POINT('Ctrl Pts',(137.063647199322,-76.8270307349788,16.3439636870507));
#3615=CARTESIAN_POINT('Ctrl Pts',(136.179521920229,-77.0311471388922,16.3439636870509));
#3616=CARTESIAN_POINT('Ctrl Pts',(134.436304026038,-77.4336007008632,16.3439636870513));
#3617=CARTESIAN_POINT('Ctrl Pts',(132.693086131848,-77.8360542628342,16.3439636870516));
#3618=CARTESIAN_POINT('Ctrl Pts',(130.949868237658,-78.2385078248053,16.343963687052));
#3619=CARTESIAN_POINT('Ctrl Pts',(146.796389337983,-74.5800501653085,14.5626424580352));
#3620=CARTESIAN_POINT('Ctrl Pts',(145.025684090269,-74.9888496828659,14.5626424580348));
#3621=CARTESIAN_POINT('Ctrl Pts',(143.254978842556,-75.3976492004232,14.5626424580344));
#3622=CARTESIAN_POINT('Ctrl Pts',(141.484273594842,-75.8064487179806,14.562642458034));
#3623=CARTESIAN_POINT('Ctrl Pts',(140.600148315748,-76.010565121894,14.5626424580338));
#3624=CARTESIAN_POINT('Ctrl Pts',(138.831897757565,-76.4187979297206,14.562642458034));
#3625=CARTESIAN_POINT('Ctrl Pts',(137.063647199367,-76.827030737546,14.5626424580338));
#3626=CARTESIAN_POINT('Ctrl Pts',(136.179521920274,-77.0311471414594,14.562642458034));
#3627=CARTESIAN_POINT('Ctrl Pts',(134.436304026082,-77.4336007034302,14.5626424580342));
#3628=CARTESIAN_POINT('Ctrl Pts',(132.693086131891,-77.836054265401,14.5626424580344));
#3629=CARTESIAN_POINT('Ctrl Pts',(130.949868237699,-78.2385078273718,14.5626424580347));
#3630=CARTESIAN_POINT('Ctrl Pts',(146.796389338032,-74.5800501678772,12.7813212290177));
#3631=CARTESIAN_POINT('Ctrl Pts',(145.025684090317,-74.9888496854342,12.7813212290175));
#3632=CARTESIAN_POINT('Ctrl Pts',(143.254978842602,-75.3976492029911,12.7813212290172));
#3633=CARTESIAN_POINT('Ctrl Pts',(141.484273594887,-75.806448720548,12.781321229017));
#3634=CARTESIAN_POINT('Ctrl Pts',(140.600148315793,-76.0105651244612,12.7813212290169));
#3635=CARTESIAN_POINT('Ctrl Pts',(138.831897757607,-76.4187979322876,12.781321229017));
#3636=CARTESIAN_POINT('Ctrl Pts',(137.063647199413,-76.8270307401133,12.7813212290169));
#3637=CARTESIAN_POINT('Ctrl Pts',(136.179521920319,-77.0311471440265,12.781321229017));
#3638=CARTESIAN_POINT('Ctrl Pts',(134.436304026126,-77.4336007059971,12.7813212290171));
#3639=CARTESIAN_POINT('Ctrl Pts',(132.693086131933,-77.8360542679677,12.7813212290172));
#3640=CARTESIAN_POINT('Ctrl Pts',(130.949868237741,-78.2385078299383,12.7813212290174));
#3641=CARTESIAN_POINT('Ctrl Pts',(146.79638933808,-74.580050170446,11.0000000000002));
#3642=CARTESIAN_POINT('Ctrl Pts',(145.025684090364,-74.9888496880025,11.0000000000002));
#3643=CARTESIAN_POINT('Ctrl Pts',(143.254978842649,-75.397649205559,11.0000000000001));
#3644=CARTESIAN_POINT('Ctrl Pts',(141.484273594933,-75.8064487231154,11.));
#3645=CARTESIAN_POINT('Ctrl Pts',(140.600148315838,-76.0105651270283,11.));
#3646=CARTESIAN_POINT('Ctrl Pts',(138.831897757649,-76.4187979348546,11.));
#3647=CARTESIAN_POINT('Ctrl Pts',(137.063647199459,-76.8270307426805,11.));
#3648=CARTESIAN_POINT('Ctrl Pts',(136.179521920364,-77.0311471465936,11.));
#3649=CARTESIAN_POINT('Ctrl Pts',(134.43630402617,-77.433600708564,11.));
#3650=CARTESIAN_POINT('Ctrl Pts',(132.693086131976,-77.8360542705344,11.));
#3651=CARTESIAN_POINT('Ctrl Pts',(130.949868237782,-78.2385078325048,11.));
#3652=CARTESIAN_POINT('Ctrl Pts',(146.796389338098,-74.5800501714074,10.3333333142983));
#3653=CARTESIAN_POINT('Ctrl Pts',(145.025684090382,-74.9888496889637,10.3333333142983));
#3654=CARTESIAN_POINT('Ctrl Pts',(143.254978842666,-75.39764920652,10.3333333142983));
#3655=CARTESIAN_POINT('Ctrl Pts',(141.48427359495,-75.8064487240763,10.3333333142982));
#3656=CARTESIAN_POINT('Ctrl Pts',(140.600148315855,-76.0105651279891,10.3333333142982));
#3657=CARTESIAN_POINT('Ctrl Pts',(138.831897757664,-76.4187979358153,10.3333333142983));
#3658=CARTESIAN_POINT('Ctrl Pts',(137.063647199476,-76.8270307436413,10.3333333142983));
#3659=CARTESIAN_POINT('Ctrl Pts',(136.179521920381,-77.0311471475544,10.3333333142983));
#3660=CARTESIAN_POINT('Ctrl Pts',(134.436304026186,-77.4336007095247,10.3333333142982));
#3661=CARTESIAN_POINT('Ctrl Pts',(132.693086131992,-77.836054271495,10.3333333142982));
#3662=CARTESIAN_POINT('Ctrl Pts',(130.949868237797,-78.2385078334653,10.3333333142981));
#3663=CARTESIAN_POINT('Ctrl Pts',(146.806860781863,-75.1799587829187,8.39999994289477));
#3664=CARTESIAN_POINT('Ctrl Pts',(145.036155534147,-75.5887583004756,8.39999994289478));
#3665=CARTESIAN_POINT('Ctrl Pts',(143.265450286431,-75.9975578180325,8.39999994289479));
#3666=CARTESIAN_POINT('Ctrl Pts',(141.494745038715,-76.4063573355894,8.39999994289479));
#3667=CARTESIAN_POINT('Ctrl Pts',(140.61061975962,-76.6104737395026,8.3999999428948));
#3668=CARTESIAN_POINT('Ctrl Pts',(138.842369201431,-77.0187065473287,8.39999994289482));
#3669=CARTESIAN_POINT('Ctrl Pts',(137.07411864324,-77.4269393551546,8.39999994289478));
#3670=CARTESIAN_POINT('Ctrl Pts',(136.189993364146,-77.6310557590675,8.39999994289481));
#3671=CARTESIAN_POINT('Ctrl Pts',(134.446775469952,-78.0335093210376,8.39999994289486));
#3672=CARTESIAN_POINT('Ctrl Pts',(132.703557575759,-78.4359628830077,8.39999994289492));
#3673=CARTESIAN_POINT('Ctrl Pts',(130.960339681565,-78.8384164449778,8.39999994289498));
#3674=CARTESIAN_POINT('Ctrl Pts',(146.788244880895,-74.1134545308312,7.6666665714914));
#3675=CARTESIAN_POINT('Ctrl Pts',(145.01753963318,-74.5222540483878,7.66666657149137));
#3676=CARTESIAN_POINT('Ctrl Pts',(143.246834385464,-74.9310535659445,7.66666657149134));
#3677=CARTESIAN_POINT('Ctrl Pts',(141.476129137748,-75.3398530835011,7.6666665714913));
#3678=CARTESIAN_POINT('Ctrl Pts',(140.592003858653,-75.5439694874141,7.66666657149129));
#3679=CARTESIAN_POINT('Ctrl Pts',(138.823753300463,-75.9522022952401,7.6666665714913));
#3680=CARTESIAN_POINT('Ctrl Pts',(137.055502742274,-76.3604351030664,7.66666657149132));
#3681=CARTESIAN_POINT('Ctrl Pts',(136.171377463179,-76.5645515069793,7.66666657149131));
#3682=CARTESIAN_POINT('Ctrl Pts',(134.428159568985,-76.9670050689495,7.66666657149128));
#3683=CARTESIAN_POINT('Ctrl Pts',(132.684941674791,-77.3694586309196,7.66666657149125));
#3684=CARTESIAN_POINT('Ctrl Pts',(130.941723780597,-77.7719121928897,7.66666657149123));
#3685=CARTESIAN_POINT('Ctrl Pts',(146.782427411932,-73.7801719572227,6.99999988578951));
#3686=CARTESIAN_POINT('Ctrl Pts',(145.011722164217,-74.1889714747797,6.99999988578953));
#3687=CARTESIAN_POINT('Ctrl Pts',(143.241016916502,-74.5977709923367,6.99999988578955));
#3688=CARTESIAN_POINT('Ctrl Pts',(141.470311668786,-75.0065705098938,6.99999988578956));
#3689=CARTESIAN_POINT('Ctrl Pts',(140.586186389692,-75.210686913807,6.99999988578957));
#3690=CARTESIAN_POINT('Ctrl Pts',(138.817935831502,-75.6189197216328,6.99999988578955));
#3691=CARTESIAN_POINT('Ctrl Pts',(137.049685273312,-76.0271525294589,6.99999988578957));
#3692=CARTESIAN_POINT('Ctrl Pts',(136.165559994217,-76.231268933372,6.99999988578956));
#3693=CARTESIAN_POINT('Ctrl Pts',(134.422342100023,-76.6337224953423,6.99999988578955));
#3694=CARTESIAN_POINT('Ctrl Pts',(132.679124205829,-77.0361760573127,6.99999988578955));
#3695=CARTESIAN_POINT('Ctrl Pts',(130.935906311635,-77.4386296192831,6.99999988578954));
#3696=CARTESIAN_POINT('Ctrl Pts',(146.768463790767,-72.980196636621,5.39980552262642));
#3697=CARTESIAN_POINT('Ctrl Pts',(144.997758543053,-73.388996154179,5.39980552262656));
#3698=CARTESIAN_POINT('Ctrl Pts',(143.227053295339,-73.7977956717369,5.3998055226267));
#3699=CARTESIAN_POINT('Ctrl Pts',(141.456348047624,-74.2065951892949,5.39980552262684));
#3700=CARTESIAN_POINT('Ctrl Pts',(140.57222276853,-74.4107115932085,5.39980552262691));
#3701=CARTESIAN_POINT('Ctrl Pts',(138.80397221034,-74.818944401034,5.39980552262681));
#3702=CARTESIAN_POINT('Ctrl Pts',(137.03572165215,-75.2271772088597,5.39980552262681));
#3703=CARTESIAN_POINT('Ctrl Pts',(136.151596373055,-75.431293612773,5.39980552262683));
#3704=CARTESIAN_POINT('Ctrl Pts',(134.408378478861,-75.833747174744,5.39980552262686));
#3705=CARTESIAN_POINT('Ctrl Pts',(132.665160584667,-76.2362007367149,5.3998055226269));
#3706=CARTESIAN_POINT('Ctrl Pts',(130.921942690473,-76.6386542986859,5.39980552262693));
#3707=CARTESIAN_POINT('Ctrl Pts',(146.754500169601,-72.1802213160194,3.79961115946333));
#3708=CARTESIAN_POINT('Ctrl Pts',(144.983794921889,-72.5890208335782,3.79961115946359));
#3709=CARTESIAN_POINT('Ctrl Pts',(143.213089674176,-72.9978203511371,3.79961115946385));
#3710=CARTESIAN_POINT('Ctrl Pts',(141.442384426463,-73.4066198686959,3.79961115946411));
#3711=CARTESIAN_POINT('Ctrl Pts',(140.558259147369,-73.6107362726101,3.79961115946425));
#3712=CARTESIAN_POINT('Ctrl Pts',(138.790008589178,-74.0189690804352,3.79961115946407));
#3713=CARTESIAN_POINT('Ctrl Pts',(137.021758030988,-74.4272018882604,3.79961115946406));
#3714=CARTESIAN_POINT('Ctrl Pts',(136.137632751893,-74.6313182921741,3.7996111594641));
#3715=CARTESIAN_POINT('Ctrl Pts',(134.394414857699,-75.0337718541457,3.79961115946417));
#3716=CARTESIAN_POINT('Ctrl Pts',(132.651196963505,-75.4362254161172,3.79961115946425));
#3717=CARTESIAN_POINT('Ctrl Pts',(130.907979069311,-75.8386789780887,3.79961115946432));
#3718=CARTESIAN_POINT('Ctrl Pts',(146.740536548436,-71.3802459954177,2.19941679630023));
#3719=CARTESIAN_POINT('Ctrl Pts',(144.969831300724,-71.7890455129775,2.19941679630062));
#3720=CARTESIAN_POINT('Ctrl Pts',(143.199126053012,-72.1978450305373,2.19941679630101));
#3721=CARTESIAN_POINT('Ctrl Pts',(141.428420805301,-72.606644548097,2.19941679630139));
#3722=CARTESIAN_POINT('Ctrl Pts',(140.544295526208,-72.8107609520116,2.19941679630158));
#3723=CARTESIAN_POINT('Ctrl Pts',(138.776044968016,-73.2189937598364,2.19941679630132));
#3724=CARTESIAN_POINT('Ctrl Pts',(137.007794409825,-73.6272265676612,2.19941679630131));
#3725=CARTESIAN_POINT('Ctrl Pts',(136.123669130731,-73.8313429715752,2.19941679630137));
#3726=CARTESIAN_POINT('Ctrl Pts',(134.380451236537,-74.2337965335473,2.19941679630148));
#3727=CARTESIAN_POINT('Ctrl Pts',(132.637233342343,-74.6362500955194,2.1994167963016));
#3728=CARTESIAN_POINT('Ctrl Pts',(130.894015448149,-75.0387036574916,2.19941679630171));
#3729=CARTESIAN_POINT('Origin',(136.730020494638,-77.6729391494722,10.));
#3730=CARTESIAN_POINT('',(136.486427978442,-77.7291769130582,10.75));
#3731=CARTESIAN_POINT('Origin',(136.730020494638,-77.6729391494722,10.75));
#3732=CARTESIAN_POINT('',(136.6551412692,-78.4599544616471,10.));
#3733=CARTESIAN_POINT('Origin',(136.486427978442,-77.7291769130582,10.));
#3734=CARTESIAN_POINT('',(136.954971548982,-78.6473092142574,10.));
#3735=CARTESIAN_POINT('Origin',(136.898733785396,-78.4037166980611,10.));
#3736=CARTESIAN_POINT('Origin',(136.730020494638,-77.6729391494722,10.));
#3737=CARTESIAN_POINT('Origin',(136.898733785396,-78.4037166980611,9.));
#3738=CARTESIAN_POINT('',(136.6551412692,-78.4599544616471,8.));
#3739=CARTESIAN_POINT('',(136.6551412692,-78.4599544616471,9.));
#3740=CARTESIAN_POINT('',(136.954971548982,-78.6473092142574,8.));
#3741=CARTESIAN_POINT('Origin',(136.898733785396,-78.4037166980611,8.));
#3742=CARTESIAN_POINT('',(136.954971548982,-78.6473092142574,9.));
#3743=CARTESIAN_POINT('Origin',(136.730020494638,-77.6729391494722,8.));
#3744=CARTESIAN_POINT('',(136.486427978442,-77.7291769130582,7.25));
#3745=CARTESIAN_POINT('Origin',(136.486427978442,-77.7291769130582,8.));
#3746=CARTESIAN_POINT('',(136.730020494638,-77.6729391494722,7.));
#3747=CARTESIAN_POINT('Origin',(136.730020494638,-77.6729391494722,7.25));
#3748=CARTESIAN_POINT('Origin',(136.730020494638,-77.6729391494722,8.));
#3749=CARTESIAN_POINT('Origin',(138.801075396333,-78.2211025583894,9.));
#3750=CARTESIAN_POINT('',(141.62154930847,-77.5699448481775,10.));
#3751=CARTESIAN_POINT('',(141.62154930847,-77.5699448481775,8.));
#3752=CARTESIAN_POINT('',(141.62154930847,-77.5699448481775,9.));
#3753=CARTESIAN_POINT('',(138.801075396333,-78.2211025583894,10.));
#3754=CARTESIAN_POINT('',(138.801075396333,-78.2211025583894,8.));
#3755=CARTESIAN_POINT('Origin',(138.57612434199,-77.2467324936042,10.));
#3756=CARTESIAN_POINT('Origin',(141.396598254126,-76.5955747833923,10.));
#3757=CARTESIAN_POINT('Origin',(138.57612434199,-77.2467324936042,8.));
#3758=CARTESIAN_POINT('Origin',(141.396598254126,-76.5955747833923,8.));
#3759=CARTESIAN_POINT('',(138.57612434199,-77.2467324936042,7.));
#3760=CARTESIAN_POINT('Origin',(141.396598254126,-76.5955747833923,10.));
#3761=CARTESIAN_POINT('Origin',(141.565311544884,-77.3263523319812,10.));
#3762=CARTESIAN_POINT('Origin',(141.565311544884,-77.3263523319812,9.));
#3763=CARTESIAN_POINT('Origin',(141.565311544884,-77.3263523319812,8.));
#3764=CARTESIAN_POINT('Origin',(141.396598254126,-76.5955747833923,8.));
#3765=CARTESIAN_POINT('Origin',(138.513863668018,-76.9770518863791,7.));
#3766=CARTESIAN_POINT('',(136.667759820666,-77.4032585422471,7.));
#3767=CARTESIAN_POINT('Origin',(136.42416730447,-77.4594963058331,9.));
#3768=CARTESIAN_POINT('',(136.42416730447,-77.4594963058331,7.25));
#3769=CARTESIAN_POINT('',(136.42416730447,-77.4594963058331,10.75));
#3770=CARTESIAN_POINT('Origin',(136.667759820666,-77.4032585422471,10.75));
#3771=CARTESIAN_POINT('Origin',(136.667759820666,-77.4032585422471,7.25));
#3772=CARTESIAN_POINT('',(4.60824165791975,40.8799091857926,16.9243376967366));
#3773=CARTESIAN_POINT('',(-36.6826450969054,0.0709675336362257,73.2906928182714));
#3774=CARTESIAN_POINT('',(0.,0.,0.));
#3775=CARTESIAN_POINT('',(-0.0356052607006774,0.121430061564611,0.0117702791060648));
#3776=UNCERTAINTY_MEASURE_WITH_UNIT(LENGTH_MEASURE(0.01),#3788,
'DISTANCE_ACCURACY_VALUE',
'Maximum model space distance between geometric entities at asserted c
onnectivities');
#3777=UNCERTAINTY_MEASURE_WITH_UNIT(LENGTH_MEASURE(0.01),#3788,
'DISTANCE_ACCURACY_VALUE',
'Maximum model space distance between geometric entities at asserted c
onnectivities');
#3778=UNCERTAINTY_MEASURE_WITH_UNIT(LENGTH_MEASURE(0.01),#3788,
'DISTANCE_ACCURACY_VALUE',
'Maximum model space distance between geometric entities at asserted c
onnectivities');
#3779=UNCERTAINTY_MEASURE_WITH_UNIT(LENGTH_MEASURE(0.01),#3788,
'DISTANCE_ACCURACY_VALUE',
'Maximum model space distance between geometric entities at asserted c
onnectivities');
#3780=UNCERTAINTY_MEASURE_WITH_UNIT(LENGTH_MEASURE(0.01),#3788,
'DISTANCE_ACCURACY_VALUE',
'Maximum model space distance between geometric entities at asserted c
onnectivities');
#3781=UNCERTAINTY_MEASURE_WITH_UNIT(LENGTH_MEASURE(0.01),#3788,
'DISTANCE_ACCURACY_VALUE',
'Maximum model space distance between geometric entities at asserted c
onnectivities');
#3782=(
GEOMETRIC_REPRESENTATION_CONTEXT(3)
GLOBAL_UNCERTAINTY_ASSIGNED_CONTEXT((#3776))
GLOBAL_UNIT_ASSIGNED_CONTEXT((#3788,#3790,#3791))
REPRESENTATION_CONTEXT('','3D')
);
#3783=(
GEOMETRIC_REPRESENTATION_CONTEXT(3)
GLOBAL_UNCERTAINTY_ASSIGNED_CONTEXT((#3777))
GLOBAL_UNIT_ASSIGNED_CONTEXT((#3788,#3790,#3791))
REPRESENTATION_CONTEXT('','3D')
);
#3784=(
GEOMETRIC_REPRESENTATION_CONTEXT(3)
GLOBAL_UNCERTAINTY_ASSIGNED_CONTEXT((#3778))
GLOBAL_UNIT_ASSIGNED_CONTEXT((#3788,#3790,#3791))
REPRESENTATION_CONTEXT('','3D')
);
#3785=(
GEOMETRIC_REPRESENTATION_CONTEXT(3)
GLOBAL_UNCERTAINTY_ASSIGNED_CONTEXT((#3779))
GLOBAL_UNIT_ASSIGNED_CONTEXT((#3788,#3790,#3791))
REPRESENTATION_CONTEXT('','3D')
);
#3786=(
GEOMETRIC_REPRESENTATION_CONTEXT(3)
GLOBAL_UNCERTAINTY_ASSIGNED_CONTEXT((#3780))
GLOBAL_UNIT_ASSIGNED_CONTEXT((#3788,#3790,#3791))
REPRESENTATION_CONTEXT('','3D')
);
#3787=(
GEOMETRIC_REPRESENTATION_CONTEXT(3)
GLOBAL_UNCERTAINTY_ASSIGNED_CONTEXT((#3781))
GLOBAL_UNIT_ASSIGNED_CONTEXT((#3788,#3790,#3791))
REPRESENTATION_CONTEXT('','3D')
);
#3788=(
LENGTH_UNIT()
NAMED_UNIT(*)
SI_UNIT(.MILLI.,.METRE.)
);
#3789=(
LENGTH_UNIT()
NAMED_UNIT(*)
SI_UNIT($,.METRE.)
);
#3790=(
NAMED_UNIT(*)
PLANE_ANGLE_UNIT()
SI_UNIT($,.RADIAN.)
);
#3791=(
NAMED_UNIT(*)
SI_UNIT($,.STERADIAN.)
SOLID_ANGLE_UNIT()
);
#3792=SHAPE_DEFINITION_REPRESENTATION(#3797,#3806);
#3793=SHAPE_DEFINITION_REPRESENTATION(#3798,#3807);
#3794=SHAPE_DEFINITION_REPRESENTATION(#3799,#3808);
#3795=SHAPE_DEFINITION_REPRESENTATION(#3800,#3809);
#3796=SHAPE_DEFINITION_REPRESENTATION(#3801,#3810);
#3797=PRODUCT_DEFINITION_SHAPE('',$,#3812);
#3798=PRODUCT_DEFINITION_SHAPE('',$,#3813);
#3799=PRODUCT_DEFINITION_SHAPE('',$,#3814);
#3800=PRODUCT_DEFINITION_SHAPE('',$,#3815);
#3801=PRODUCT_DEFINITION_SHAPE('',$,#3816);
#3802=PRODUCT_DEFINITION_SHAPE($,$,#23);
#3803=PRODUCT_DEFINITION_SHAPE($,$,#24);
#3804=PRODUCT_DEFINITION_SHAPE($,$,#25);
#3805=PRODUCT_DEFINITION_SHAPE($,$,#26);
#3806=SHAPE_REPRESENTATION('',(#1958,#2204,#2205,#2206,#2207),#3782);
#3807=SHAPE_REPRESENTATION('',(#1959),#3783);
#3808=SHAPE_REPRESENTATION('',(#2024),#3784);
#3809=SHAPE_REPRESENTATION('',(#2025),#3785);
#3810=SHAPE_REPRESENTATION('',(#2026),#3786);
#3811=PRODUCT_DEFINITION_CONTEXT('part definition',#3828,'design');
#3812=PRODUCT_DEFINITION('514_pcb 1','514_pcb_sensing_enclosure v12',#3817,
#3811);
#3813=PRODUCT_DEFINITION('514_pcb_PCB','514_pcb_PCB',#3818,#3811);
#3814=PRODUCT_DEFINITION('Component10','Component10',#3819,#3811);
#3815=PRODUCT_DEFINITION('Component11','Component11',#3820,#3811);
#3816=PRODUCT_DEFINITION('Component12','Component12',#3821,#3811);
#3817=PRODUCT_DEFINITION_FORMATION('',$,#3830);
#3818=PRODUCT_DEFINITION_FORMATION('',$,#3831);
#3819=PRODUCT_DEFINITION_FORMATION('',$,#3832);
#3820=PRODUCT_DEFINITION_FORMATION('',$,#3833);
#3821=PRODUCT_DEFINITION_FORMATION('',$,#3834);
#3822=PRODUCT_RELATED_PRODUCT_CATEGORY('514_pcb_sensing_enclosure v12',
'514_pcb_sensing_enclosure v12',(#3830));
#3823=PRODUCT_RELATED_PRODUCT_CATEGORY('514_pcb_PCB','514_pcb_PCB',(#3831));
#3824=PRODUCT_RELATED_PRODUCT_CATEGORY('Component10','Component10',(#3832));
#3825=PRODUCT_RELATED_PRODUCT_CATEGORY('Component11','Component11',(#3833));
#3826=PRODUCT_RELATED_PRODUCT_CATEGORY('Component12','Component12',(#3834));
#3827=APPLICATION_PROTOCOL_DEFINITION('international standard',
'ap242_managed_model_based_3d_engineering',2011,#3828);
#3828=APPLICATION_CONTEXT('Managed model based 3d engineering');
#3829=PRODUCT_CONTEXT('part definition',#3828,'mechanical');
#3830=PRODUCT('514_pcb 1','514_pcb_sensing_enclosure v12',
'KiCad electronic assembly',(#3829));
#3831=PRODUCT('514_pcb_PCB','514_pcb_PCB',$,(#3829));
#3832=PRODUCT('Component10','Component10',$,(#3829));
#3833=PRODUCT('Component11','Component11',$,(#3829));
#3834=PRODUCT('Component12','Component12',$,(#3829));
#3835=PRESENTATION_STYLE_ASSIGNMENT((#3837));
#3836=PRESENTATION_STYLE_ASSIGNMENT((#3838));
#3837=SURFACE_STYLE_USAGE(.BOTH.,#3839);
#3838=SURFACE_STYLE_USAGE(.BOTH.,#3840);
#3839=SURFACE_SIDE_STYLE('',(#3841));
#3840=SURFACE_SIDE_STYLE('',(#3842));
#3841=SURFACE_STYLE_FILL_AREA(#3843);
#3842=SURFACE_STYLE_FILL_AREA(#3844);
#3843=FILL_AREA_STYLE('Steel - Satin',(#3845));
#3844=FILL_AREA_STYLE('Opaque(80,124,105)',(#3846));
#3845=FILL_AREA_STYLE_COLOUR('Steel - Satin',#3847);
#3846=FILL_AREA_STYLE_COLOUR('Opaque(80,124,105)',#3848);
#3847=COLOUR_RGB('Steel - Satin',0.627450980392157,0.627450980392157,0.627450980392157);
#3848=COLOUR_RGB('Opaque(80,124,105)',0.313725490196078,0.486274509803922,
0.411764705882353);
ENDSEC;
END-ISO-10303-21;
