ISO-10303-21;
HEADER;
FILE_DESCRIPTION(('KiCad electronic assembly'),'2;1');
FILE_NAME('514_display.step','2025-03-03T15:44:53',('Pcbnew'),('Kicad'),
  'Open CASCADE STEP processor 7.8','KiCad to STEP converter','Unknown'
  );
FILE_SCHEMA(('AUTOMOTIVE_DESIGN { 1 0 10303 214 1 1 1 1 }'));
ENDSEC;
DATA;
#1 = APPLICATION_PROTOCOL_DEFINITION('international standard',
  'automotive_design',2000,#2);
#2 = APPLICATION_CONTEXT(
  'core data for automotive mechanical design processes');
#3 = SHAPE_DEFINITION_REPRESENTATION(#4,#10);
#4 = PRODUCT_DEFINITION_SHAPE('','',#5);
#5 = PRODUCT_DEFINITION('design','',#6,#9);
#6 = PRODUCT_DEFINITION_FORMATION('','',#7);
#7 = PRODUCT('514_display 1','514_display 1','',(#8));
#8 = PRODUCT_CONTEXT('',#2,'mechanical');
#9 = PRODUCT_DEFINITION_CONTEXT('part definition',#2,'design');
#10 = SHAPE_REPRESENTATION('',(#11,#15,#19,#23,#27,#31,#35,#39),#43);
#11 = AXIS2_PLACEMENT_3D('',#12,#13,#14);
#12 = CARTESIAN_POINT('',(0.,0.,0.));
#13 = DIRECTION('',(0.,0.,1.));
#14 = DIRECTION('',(1.,0.,-0.));
#15 = AXIS2_PLACEMENT_3D('',#16,#17,#18);
#16 = CARTESIAN_POINT('',(128.,-94.5,1.65));
#17 = DIRECTION('',(0.,0.,1.));
#18 = DIRECTION('',(1.,0.,0.));
#19 = AXIS2_PLACEMENT_3D('',#20,#21,#22);
#20 = CARTESIAN_POINT('',(128.,-81.,1.65));
#21 = DIRECTION('',(0.,0.,1.));
#22 = DIRECTION('',(1.,0.,0.));
#23 = AXIS2_PLACEMENT_3D('',#24,#25,#26);
#24 = CARTESIAN_POINT('',(132.5,-70.,1.65));
#25 = DIRECTION('',(0.,0.,1.));
#26 = DIRECTION('',(1.,0.,0.));
#27 = AXIS2_PLACEMENT_3D('',#28,#29,#30);
#28 = CARTESIAN_POINT('',(137.5,-88.,1.65));
#29 = DIRECTION('',(0.,0.,1.));
#30 = DIRECTION('',(1.,0.,0.));
#31 = AXIS2_PLACEMENT_3D('',#32,#33,#34);
#32 = CARTESIAN_POINT('',(47.5,-67.,1.65));
#33 = DIRECTION('',(0.,0.,1.));
#34 = DIRECTION('',(1.,0.,0.));
#35 = AXIS2_PLACEMENT_3D('',#36,#37,#38);
#36 = CARTESIAN_POINT('',(102.54,-44.5,-5.E-02));
#37 = DIRECTION('',(1.224646799147E-16,-1.359631073447E-32,-1.));
#38 = DIRECTION('',(1.110223024625E-16,1.,0.));
#39 = AXIS2_PLACEMENT_3D('',#40,#41,#42);
#40 = CARTESIAN_POINT('',(0.,0.,0.));
#41 = DIRECTION('',(0.,0.,1.));
#42 = DIRECTION('',(1.,0.,-0.));
#43 = ( GEOMETRIC_REPRESENTATION_CONTEXT(3) 
GLOBAL_UNCERTAINTY_ASSIGNED_CONTEXT((#47)) GLOBAL_UNIT_ASSIGNED_CONTEXT(
(#44,#45,#46)) REPRESENTATION_CONTEXT('Context #1',
  '3D Context with UNIT and UNCERTAINTY') );
#44 = ( LENGTH_UNIT() NAMED_UNIT(*) SI_UNIT(.MILLI.,.METRE.) );
#45 = ( NAMED_UNIT(*) PLANE_ANGLE_UNIT() SI_UNIT($,.RADIAN.) );
#46 = ( NAMED_UNIT(*) SI_UNIT($,.STERADIAN.) SOLID_ANGLE_UNIT() );
#47 = UNCERTAINTY_MEASURE_WITH_UNIT(LENGTH_MEASURE(1.E-07),#44,
  'distance_accuracy_value','confusion accuracy');
#48 = PRODUCT_RELATED_PRODUCT_CATEGORY('part',$,(#7));
#49 = SHAPE_DEFINITION_REPRESENTATION(#50,#56);
#50 = PRODUCT_DEFINITION_SHAPE('','',#51);
#51 = PRODUCT_DEFINITION('design','',#52,#55);
#52 = PRODUCT_DEFINITION_FORMATION('','',#53);
#53 = PRODUCT('LED_D5.0mm','LED_D5.0mm','',(#54));
#54 = PRODUCT_CONTEXT('',#2,'mechanical');
#55 = PRODUCT_DEFINITION_CONTEXT('part definition',#2,'design');
#56 = SHAPE_REPRESENTATION('',(#11,#57),#61);
#57 = AXIS2_PLACEMENT_3D('',#58,#59,#60);
#58 = CARTESIAN_POINT('',(0.,0.,0.));
#59 = DIRECTION('',(0.,0.,1.));
#60 = DIRECTION('',(1.,0.,-0.));
#61 = ( GEOMETRIC_REPRESENTATION_CONTEXT(3) 
GLOBAL_UNCERTAINTY_ASSIGNED_CONTEXT((#65)) GLOBAL_UNIT_ASSIGNED_CONTEXT(
(#62,#63,#64)) REPRESENTATION_CONTEXT('Context #1',
  '3D Context with UNIT and UNCERTAINTY') );
#62 = ( LENGTH_UNIT() NAMED_UNIT(*) SI_UNIT(.MILLI.,.METRE.) );
#63 = ( NAMED_UNIT(*) PLANE_ANGLE_UNIT() SI_UNIT($,.RADIAN.) );
#64 = ( NAMED_UNIT(*) SI_UNIT($,.STERADIAN.) SOLID_ANGLE_UNIT() );
#65 = UNCERTAINTY_MEASURE_WITH_UNIT(LENGTH_MEASURE(1.E-07),#62,
  'distance_accuracy_value','confusion accuracy');
#66 = CONTEXT_DEPENDENT_SHAPE_REPRESENTATION(#67,#69);
#67 = ( REPRESENTATION_RELATIONSHIP('','',#56,#10) 
REPRESENTATION_RELATIONSHIP_WITH_TRANSFORMATION(#68) 
SHAPE_REPRESENTATION_RELATIONSHIP() );
#68 = ITEM_DEFINED_TRANSFORMATION('','',#11,#15);
#69 = PRODUCT_DEFINITION_SHAPE('Placement','Placement of an item',#70);
#70 = NEXT_ASSEMBLY_USAGE_OCCURRENCE('2','D2','',#5,#51,$);
#71 = PRODUCT_RELATED_PRODUCT_CATEGORY('part',$,(#53));
#72 = SHAPE_DEFINITION_REPRESENTATION(#73,#79);
#73 = PRODUCT_DEFINITION_SHAPE('','',#74);
#74 = PRODUCT_DEFINITION('design','',#75,#78);
#75 = PRODUCT_DEFINITION_FORMATION('','',#76);
#76 = PRODUCT('LED_D5.0mm','LED_D5.0mm','',(#77));
#77 = PRODUCT_CONTEXT('',#2,'mechanical');
#78 = PRODUCT_DEFINITION_CONTEXT('part definition',#2,'design');
#79 = ADVANCED_BREP_SHAPE_REPRESENTATION('',(#11,#80),#505);
#80 = MANIFOLD_SOLID_BREP('',#81);
#81 = CLOSED_SHELL('',(#82,#109,#134,#162,#194,#211,#289,#320,#344,#368,
    #385,#416,#440,#464,#481,#493));
#82 = ADVANCED_FACE('',(#83),#104,.T.);
#83 = FACE_BOUND('',#84,.T.);
#84 = EDGE_LOOP('',(#85,#96,#97));
#85 = ORIENTED_EDGE('',*,*,#86,.T.);
#86 = EDGE_CURVE('',#87,#89,#91,.T.);
#87 = VERTEX_POINT('',#88);
#88 = CARTESIAN_POINT('',(3.72,6.095124405192E-15,9.15));
#89 = VERTEX_POINT('',#90);
#90 = CARTESIAN_POINT('',(1.27,7.727152251391E-15,11.6));
#91 = CIRCLE('',#92,2.45);
#92 = AXIS2_PLACEMENT_3D('',#93,#94,#95);
#93 = CARTESIAN_POINT('',(1.27,6.095124405192E-15,9.15));
#94 = DIRECTION('',(0.,-1.,6.661338147751E-16));
#95 = DIRECTION('',(1.,0.,0.));
#96 = ORIENTED_EDGE('',*,*,#86,.F.);
#97 = ORIENTED_EDGE('',*,*,#98,.F.);
#98 = EDGE_CURVE('',#87,#87,#99,.T.);
#99 = CIRCLE('',#100,2.45);
#100 = AXIS2_PLACEMENT_3D('',#101,#102,#103);
#101 = CARTESIAN_POINT('',(1.27,4.063416270128E-15,9.15));
#102 = DIRECTION('',(-4.379057701015E-47,-4.440892098501E-16,-1.));
#103 = DIRECTION('',(1.,8.292686265567E-16,-3.68269249121E-31));
#104 = SPHERICAL_SURFACE('',#105,2.45);
#105 = AXIS2_PLACEMENT_3D('',#106,#107,#108);
#106 = CARTESIAN_POINT('',(1.27,6.095124405192E-15,9.15));
#107 = DIRECTION('',(0.,4.440892098501E-16,1.));
#108 = DIRECTION('',(1.,1.394807543452E-15,-6.194189798646E-31));
#109 = ADVANCED_FACE('',(#110),#129,.T.);
#110 = FACE_BOUND('',#111,.T.);
#111 = EDGE_LOOP('',(#112,#120,#121,#122));
#112 = ORIENTED_EDGE('',*,*,#113,.F.);
#113 = EDGE_CURVE('',#87,#114,#116,.T.);
#114 = VERTEX_POINT('',#115);
#115 = CARTESIAN_POINT('',(3.72,2.6645352591E-15,4.));
#116 = LINE('',#117,#118);
#117 = CARTESIAN_POINT('',(3.72,6.095124405192E-15,9.15));
#118 = VECTOR('',#119,1.);
#119 = DIRECTION('',(0.,-6.661338147751E-16,-1.));
#120 = ORIENTED_EDGE('',*,*,#98,.T.);
#121 = ORIENTED_EDGE('',*,*,#113,.T.);
#122 = ORIENTED_EDGE('',*,*,#123,.F.);
#123 = EDGE_CURVE('',#114,#114,#124,.T.);
#124 = CIRCLE('',#125,2.45);
#125 = AXIS2_PLACEMENT_3D('',#126,#127,#128);
#126 = CARTESIAN_POINT('',(1.27,1.7763568394E-15,4.));
#127 = DIRECTION('',(-2.189528850508E-47,-4.440892098501E-16,-1.));
#128 = DIRECTION('',(1.,3.625218039592E-16,-1.609920214737E-31));
#129 = CYLINDRICAL_SURFACE('',#130,2.45);
#130 = AXIS2_PLACEMENT_3D('',#131,#132,#133);
#131 = CARTESIAN_POINT('',(1.27,4.063416270128E-15,9.15));
#132 = DIRECTION('',(0.,-4.440892098501E-16,-1.));
#133 = DIRECTION('',(1.,8.292686265567E-16,-3.68269249121E-31));
#134 = ADVANCED_FACE('',(#135,#154),#157,.F.);
#135 = FACE_BOUND('',#136,.F.);
#136 = EDGE_LOOP('',(#137,#148));
#137 = ORIENTED_EDGE('',*,*,#138,.F.);
#138 = EDGE_CURVE('',#139,#141,#143,.T.);
#139 = VERTEX_POINT('',#140);
#140 = CARTESIAN_POINT('',(-1.229999999999,-1.46969384567,4.));
#141 = VERTEX_POINT('',#142);
#142 = CARTESIAN_POINT('',(-1.23,1.469693845669,4.));
#143 = CIRCLE('',#144,2.9);
#144 = AXIS2_PLACEMENT_3D('',#145,#146,#147);
#145 = CARTESIAN_POINT('',(1.27,0.,4.));
#146 = DIRECTION('',(0.,0.,1.));
#147 = DIRECTION('',(1.,0.,-0.));
#148 = ORIENTED_EDGE('',*,*,#149,.T.);
#149 = EDGE_CURVE('',#139,#141,#150,.T.);
#150 = LINE('',#151,#152);
#151 = CARTESIAN_POINT('',(-1.229999999999,-1.46969384567,4.));
#152 = VECTOR('',#153,1.);
#153 = DIRECTION('',(0.,1.,0.));
#154 = FACE_BOUND('',#155,.F.);
#155 = EDGE_LOOP('',(#156));
#156 = ORIENTED_EDGE('',*,*,#123,.F.);
#157 = PLANE('',#158);
#158 = AXIS2_PLACEMENT_3D('',#159,#160,#161);
#159 = CARTESIAN_POINT('',(-1.229999999999,-1.469693845671,4.));
#160 = DIRECTION('',(0.,0.,-1.));
#161 = DIRECTION('',(-1.,0.,0.));
#162 = ADVANCED_FACE('',(#163),#189,.T.);
#163 = FACE_BOUND('',#164,.T.);
#164 = EDGE_LOOP('',(#165,#176,#182,#183));
#165 = ORIENTED_EDGE('',*,*,#166,.T.);
#166 = EDGE_CURVE('',#167,#169,#171,.T.);
#167 = VERTEX_POINT('',#168);
#168 = CARTESIAN_POINT('',(-1.229999999999,-1.46969384567,3.));
#169 = VERTEX_POINT('',#170);
#170 = CARTESIAN_POINT('',(-1.23,1.469693845669,3.));
#171 = CIRCLE('',#172,2.9);
#172 = AXIS2_PLACEMENT_3D('',#173,#174,#175);
#173 = CARTESIAN_POINT('',(1.27,0.,3.));
#174 = DIRECTION('',(0.,0.,1.));
#175 = DIRECTION('',(1.,0.,-0.));
#176 = ORIENTED_EDGE('',*,*,#177,.T.);
#177 = EDGE_CURVE('',#169,#141,#178,.T.);
#178 = LINE('',#179,#180);
#179 = CARTESIAN_POINT('',(-1.23,1.469693845669,3.));
#180 = VECTOR('',#181,1.);
#181 = DIRECTION('',(0.,0.,1.));
#182 = ORIENTED_EDGE('',*,*,#138,.F.);
#183 = ORIENTED_EDGE('',*,*,#184,.F.);
#184 = EDGE_CURVE('',#167,#139,#185,.T.);
#185 = LINE('',#186,#187);
#186 = CARTESIAN_POINT('',(-1.229999999999,-1.46969384567,3.));
#187 = VECTOR('',#188,1.);
#188 = DIRECTION('',(0.,0.,1.));
#189 = CYLINDRICAL_SURFACE('',#190,2.9);
#190 = AXIS2_PLACEMENT_3D('',#191,#192,#193);
#191 = CARTESIAN_POINT('',(1.27,0.,3.));
#192 = DIRECTION('',(-0.,-0.,-1.));
#193 = DIRECTION('',(1.,0.,0.));
#194 = ADVANCED_FACE('',(#195),#206,.T.);
#195 = FACE_BOUND('',#196,.T.);
#196 = EDGE_LOOP('',(#197,#198,#199,#200));
#197 = ORIENTED_EDGE('',*,*,#184,.T.);
#198 = ORIENTED_EDGE('',*,*,#149,.T.);
#199 = ORIENTED_EDGE('',*,*,#177,.F.);
#200 = ORIENTED_EDGE('',*,*,#201,.F.);
#201 = EDGE_CURVE('',#167,#169,#202,.T.);
#202 = LINE('',#203,#204);
#203 = CARTESIAN_POINT('',(-1.229999999999,-1.46969384567,3.));
#204 = VECTOR('',#205,1.);
#205 = DIRECTION('',(0.,1.,0.));
#206 = PLANE('',#207);
#207 = AXIS2_PLACEMENT_3D('',#208,#209,#210);
#208 = CARTESIAN_POINT('',(-1.229999999999,-1.46969384567,3.));
#209 = DIRECTION('',(-1.,0.,0.));
#210 = DIRECTION('',(0.,1.,0.));
#211 = ADVANCED_FACE('',(#212,#216,#250),#284,.T.);
#212 = FACE_BOUND('',#213,.T.);
#213 = EDGE_LOOP('',(#214,#215));
#214 = ORIENTED_EDGE('',*,*,#166,.F.);
#215 = ORIENTED_EDGE('',*,*,#201,.T.);
#216 = FACE_BOUND('',#217,.T.);
#217 = EDGE_LOOP('',(#218,#228,#236,#244));
#218 = ORIENTED_EDGE('',*,*,#219,.T.);
#219 = EDGE_CURVE('',#220,#222,#224,.T.);
#220 = VERTEX_POINT('',#221);
#221 = CARTESIAN_POINT('',(-0.2,-0.2,3.));
#222 = VERTEX_POINT('',#223);
#223 = CARTESIAN_POINT('',(0.2,-0.2,3.));
#224 = LINE('',#225,#226);
#225 = CARTESIAN_POINT('',(-0.515,-0.2,3.));
#226 = VECTOR('',#227,1.);
#227 = DIRECTION('',(1.,0.,0.));
#228 = ORIENTED_EDGE('',*,*,#229,.T.);
#229 = EDGE_CURVE('',#222,#230,#232,.T.);
#230 = VERTEX_POINT('',#231);
#231 = CARTESIAN_POINT('',(0.2,0.2,3.));
#232 = LINE('',#233,#234);
#233 = CARTESIAN_POINT('',(0.2,-0.634846922835,3.));
#234 = VECTOR('',#235,1.);
#235 = DIRECTION('',(0.,1.,0.));
#236 = ORIENTED_EDGE('',*,*,#237,.T.);
#237 = EDGE_CURVE('',#230,#238,#240,.T.);
#238 = VERTEX_POINT('',#239);
#239 = CARTESIAN_POINT('',(-0.2,0.2,3.));
#240 = LINE('',#241,#242);
#241 = CARTESIAN_POINT('',(-0.715,0.2,3.));
#242 = VECTOR('',#243,1.);
#243 = DIRECTION('',(-1.,-0.,-0.));
#244 = ORIENTED_EDGE('',*,*,#245,.T.);
#245 = EDGE_CURVE('',#238,#220,#246,.T.);
#246 = LINE('',#247,#248);
#247 = CARTESIAN_POINT('',(-0.2,-0.834846922835,3.));
#248 = VECTOR('',#249,1.);
#249 = DIRECTION('',(0.,-1.,0.));
#250 = FACE_BOUND('',#251,.T.);
#251 = EDGE_LOOP('',(#252,#262,#270,#278));
#252 = ORIENTED_EDGE('',*,*,#253,.T.);
#253 = EDGE_CURVE('',#254,#256,#258,.T.);
#254 = VERTEX_POINT('',#255);
#255 = CARTESIAN_POINT('',(2.34,0.2,3.));
#256 = VERTEX_POINT('',#257);
#257 = CARTESIAN_POINT('',(2.34,-0.2,3.));
#258 = LINE('',#259,#260);
#259 = CARTESIAN_POINT('',(2.34,-0.834846922835,3.));
#260 = VECTOR('',#261,1.);
#261 = DIRECTION('',(0.,-1.,0.));
#262 = ORIENTED_EDGE('',*,*,#263,.T.);
#263 = EDGE_CURVE('',#256,#264,#266,.T.);
#264 = VERTEX_POINT('',#265);
#265 = CARTESIAN_POINT('',(2.74,-0.2,3.));
#266 = LINE('',#267,#268);
#267 = CARTESIAN_POINT('',(0.755,-0.2,3.));
#268 = VECTOR('',#269,1.);
#269 = DIRECTION('',(1.,0.,0.));
#270 = ORIENTED_EDGE('',*,*,#271,.T.);
#271 = EDGE_CURVE('',#264,#272,#274,.T.);
#272 = VERTEX_POINT('',#273);
#273 = CARTESIAN_POINT('',(2.74,0.2,3.));
#274 = LINE('',#275,#276);
#275 = CARTESIAN_POINT('',(2.74,-0.634846922835,3.));
#276 = VECTOR('',#277,1.);
#277 = DIRECTION('',(0.,1.,0.));
#278 = ORIENTED_EDGE('',*,*,#279,.T.);
#279 = EDGE_CURVE('',#272,#254,#280,.T.);
#280 = LINE('',#281,#282);
#281 = CARTESIAN_POINT('',(0.555,0.2,3.));
#282 = VECTOR('',#283,1.);
#283 = DIRECTION('',(-1.,-0.,-0.));
#284 = PLANE('',#285);
#285 = AXIS2_PLACEMENT_3D('',#286,#287,#288);
#286 = CARTESIAN_POINT('',(-1.229999999999,-1.469693845671,3.));
#287 = DIRECTION('',(0.,0.,-1.));
#288 = DIRECTION('',(-1.,0.,0.));
#289 = ADVANCED_FACE('',(#290),#315,.F.);
#290 = FACE_BOUND('',#291,.F.);
#291 = EDGE_LOOP('',(#292,#293,#301,#309));
#292 = ORIENTED_EDGE('',*,*,#219,.T.);
#293 = ORIENTED_EDGE('',*,*,#294,.T.);
#294 = EDGE_CURVE('',#222,#295,#297,.T.);
#295 = VERTEX_POINT('',#296);
#296 = CARTESIAN_POINT('',(0.2,-0.2,-2.5));
#297 = LINE('',#298,#299);
#298 = CARTESIAN_POINT('',(0.2,-0.2,3.5));
#299 = VECTOR('',#300,1.);
#300 = DIRECTION('',(-0.,-0.,-1.));
#301 = ORIENTED_EDGE('',*,*,#302,.T.);
#302 = EDGE_CURVE('',#295,#303,#305,.T.);
#303 = VERTEX_POINT('',#304);
#304 = CARTESIAN_POINT('',(-0.2,-0.2,-2.5));
#305 = LINE('',#306,#307);
#306 = CARTESIAN_POINT('',(0.2,-0.2,-2.5));
#307 = VECTOR('',#308,1.);
#308 = DIRECTION('',(-1.,0.,0.));
#309 = ORIENTED_EDGE('',*,*,#310,.F.);
#310 = EDGE_CURVE('',#220,#303,#311,.T.);
#311 = LINE('',#312,#313);
#312 = CARTESIAN_POINT('',(-0.2,-0.2,3.5));
#313 = VECTOR('',#314,1.);
#314 = DIRECTION('',(-0.,-0.,-1.));
#315 = PLANE('',#316);
#316 = AXIS2_PLACEMENT_3D('',#317,#318,#319);
#317 = CARTESIAN_POINT('',(0.2,-0.2,3.5));
#318 = DIRECTION('',(0.,1.,0.));
#319 = DIRECTION('',(-1.,0.,0.));
#320 = ADVANCED_FACE('',(#321),#339,.F.);
#321 = FACE_BOUND('',#322,.F.);
#322 = EDGE_LOOP('',(#323,#324,#325,#333));
#323 = ORIENTED_EDGE('',*,*,#245,.T.);
#324 = ORIENTED_EDGE('',*,*,#310,.T.);
#325 = ORIENTED_EDGE('',*,*,#326,.T.);
#326 = EDGE_CURVE('',#303,#327,#329,.T.);
#327 = VERTEX_POINT('',#328);
#328 = CARTESIAN_POINT('',(-0.2,0.2,-2.5));
#329 = LINE('',#330,#331);
#330 = CARTESIAN_POINT('',(-0.2,-0.2,-2.5));
#331 = VECTOR('',#332,1.);
#332 = DIRECTION('',(0.,1.,0.));
#333 = ORIENTED_EDGE('',*,*,#334,.F.);
#334 = EDGE_CURVE('',#238,#327,#335,.T.);
#335 = LINE('',#336,#337);
#336 = CARTESIAN_POINT('',(-0.2,0.2,3.5));
#337 = VECTOR('',#338,1.);
#338 = DIRECTION('',(-0.,-0.,-1.));
#339 = PLANE('',#340);
#340 = AXIS2_PLACEMENT_3D('',#341,#342,#343);
#341 = CARTESIAN_POINT('',(-0.2,-0.2,3.5));
#342 = DIRECTION('',(1.,0.,0.));
#343 = DIRECTION('',(-0.,1.,0.));
#344 = ADVANCED_FACE('',(#345),#363,.F.);
#345 = FACE_BOUND('',#346,.F.);
#346 = EDGE_LOOP('',(#347,#348,#349,#357));
#347 = ORIENTED_EDGE('',*,*,#237,.T.);
#348 = ORIENTED_EDGE('',*,*,#334,.T.);
#349 = ORIENTED_EDGE('',*,*,#350,.T.);
#350 = EDGE_CURVE('',#327,#351,#353,.T.);
#351 = VERTEX_POINT('',#352);
#352 = CARTESIAN_POINT('',(0.2,0.2,-2.5));
#353 = LINE('',#354,#355);
#354 = CARTESIAN_POINT('',(-0.2,0.2,-2.5));
#355 = VECTOR('',#356,1.);
#356 = DIRECTION('',(1.,0.,0.));
#357 = ORIENTED_EDGE('',*,*,#358,.F.);
#358 = EDGE_CURVE('',#230,#351,#359,.T.);
#359 = LINE('',#360,#361);
#360 = CARTESIAN_POINT('',(0.2,0.2,3.5));
#361 = VECTOR('',#362,1.);
#362 = DIRECTION('',(-0.,-0.,-1.));
#363 = PLANE('',#364);
#364 = AXIS2_PLACEMENT_3D('',#365,#366,#367);
#365 = CARTESIAN_POINT('',(-0.2,0.2,3.5));
#366 = DIRECTION('',(0.,-1.,0.));
#367 = DIRECTION('',(1.,0.,0.));
#368 = ADVANCED_FACE('',(#369),#380,.F.);
#369 = FACE_BOUND('',#370,.F.);
#370 = EDGE_LOOP('',(#371,#372,#373,#379));
#371 = ORIENTED_EDGE('',*,*,#229,.T.);
#372 = ORIENTED_EDGE('',*,*,#358,.T.);
#373 = ORIENTED_EDGE('',*,*,#374,.T.);
#374 = EDGE_CURVE('',#351,#295,#375,.T.);
#375 = LINE('',#376,#377);
#376 = CARTESIAN_POINT('',(0.2,0.2,-2.5));
#377 = VECTOR('',#378,1.);
#378 = DIRECTION('',(0.,-1.,0.));
#379 = ORIENTED_EDGE('',*,*,#294,.F.);
#380 = PLANE('',#381);
#381 = AXIS2_PLACEMENT_3D('',#382,#383,#384);
#382 = CARTESIAN_POINT('',(0.2,0.2,3.5));
#383 = DIRECTION('',(-1.,0.,0.));
#384 = DIRECTION('',(0.,-1.,0.));
#385 = ADVANCED_FACE('',(#386),#411,.F.);
#386 = FACE_BOUND('',#387,.F.);
#387 = EDGE_LOOP('',(#388,#389,#397,#405));
#388 = ORIENTED_EDGE('',*,*,#253,.T.);
#389 = ORIENTED_EDGE('',*,*,#390,.T.);
#390 = EDGE_CURVE('',#256,#391,#393,.T.);
#391 = VERTEX_POINT('',#392);
#392 = CARTESIAN_POINT('',(2.34,-0.2,-2.5));
#393 = LINE('',#394,#395);
#394 = CARTESIAN_POINT('',(2.34,-0.2,3.5));
#395 = VECTOR('',#396,1.);
#396 = DIRECTION('',(-0.,-0.,-1.));
#397 = ORIENTED_EDGE('',*,*,#398,.T.);
#398 = EDGE_CURVE('',#391,#399,#401,.T.);
#399 = VERTEX_POINT('',#400);
#400 = CARTESIAN_POINT('',(2.34,0.2,-2.5));
#401 = LINE('',#402,#403);
#402 = CARTESIAN_POINT('',(2.34,-0.2,-2.5));
#403 = VECTOR('',#404,1.);
#404 = DIRECTION('',(0.,1.,0.));
#405 = ORIENTED_EDGE('',*,*,#406,.F.);
#406 = EDGE_CURVE('',#254,#399,#407,.T.);
#407 = LINE('',#408,#409);
#408 = CARTESIAN_POINT('',(2.34,0.2,3.5));
#409 = VECTOR('',#410,1.);
#410 = DIRECTION('',(-0.,-0.,-1.));
#411 = PLANE('',#412);
#412 = AXIS2_PLACEMENT_3D('',#413,#414,#415);
#413 = CARTESIAN_POINT('',(2.34,-0.2,3.5));
#414 = DIRECTION('',(1.,0.,0.));
#415 = DIRECTION('',(-0.,1.,0.));
#416 = ADVANCED_FACE('',(#417),#435,.F.);
#417 = FACE_BOUND('',#418,.F.);
#418 = EDGE_LOOP('',(#419,#420,#421,#429));
#419 = ORIENTED_EDGE('',*,*,#279,.T.);
#420 = ORIENTED_EDGE('',*,*,#406,.T.);
#421 = ORIENTED_EDGE('',*,*,#422,.T.);
#422 = EDGE_CURVE('',#399,#423,#425,.T.);
#423 = VERTEX_POINT('',#424);
#424 = CARTESIAN_POINT('',(2.74,0.2,-2.5));
#425 = LINE('',#426,#427);
#426 = CARTESIAN_POINT('',(2.34,0.2,-2.5));
#427 = VECTOR('',#428,1.);
#428 = DIRECTION('',(1.,0.,0.));
#429 = ORIENTED_EDGE('',*,*,#430,.F.);
#430 = EDGE_CURVE('',#272,#423,#431,.T.);
#431 = LINE('',#432,#433);
#432 = CARTESIAN_POINT('',(2.74,0.2,3.5));
#433 = VECTOR('',#434,1.);
#434 = DIRECTION('',(-0.,-0.,-1.));
#435 = PLANE('',#436);
#436 = AXIS2_PLACEMENT_3D('',#437,#438,#439);
#437 = CARTESIAN_POINT('',(2.34,0.2,3.5));
#438 = DIRECTION('',(0.,-1.,0.));
#439 = DIRECTION('',(1.,0.,0.));
#440 = ADVANCED_FACE('',(#441),#459,.F.);
#441 = FACE_BOUND('',#442,.F.);
#442 = EDGE_LOOP('',(#443,#444,#445,#453));
#443 = ORIENTED_EDGE('',*,*,#271,.T.);
#444 = ORIENTED_EDGE('',*,*,#430,.T.);
#445 = ORIENTED_EDGE('',*,*,#446,.T.);
#446 = EDGE_CURVE('',#423,#447,#449,.T.);
#447 = VERTEX_POINT('',#448);
#448 = CARTESIAN_POINT('',(2.74,-0.2,-2.5));
#449 = LINE('',#450,#451);
#450 = CARTESIAN_POINT('',(2.74,0.2,-2.5));
#451 = VECTOR('',#452,1.);
#452 = DIRECTION('',(0.,-1.,0.));
#453 = ORIENTED_EDGE('',*,*,#454,.F.);
#454 = EDGE_CURVE('',#264,#447,#455,.T.);
#455 = LINE('',#456,#457);
#456 = CARTESIAN_POINT('',(2.74,-0.2,3.5));
#457 = VECTOR('',#458,1.);
#458 = DIRECTION('',(-0.,-0.,-1.));
#459 = PLANE('',#460);
#460 = AXIS2_PLACEMENT_3D('',#461,#462,#463);
#461 = CARTESIAN_POINT('',(2.74,0.2,3.5));
#462 = DIRECTION('',(-1.,0.,0.));
#463 = DIRECTION('',(0.,-1.,0.));
#464 = ADVANCED_FACE('',(#465),#476,.F.);
#465 = FACE_BOUND('',#466,.F.);
#466 = EDGE_LOOP('',(#467,#468,#469,#475));
#467 = ORIENTED_EDGE('',*,*,#263,.T.);
#468 = ORIENTED_EDGE('',*,*,#454,.T.);
#469 = ORIENTED_EDGE('',*,*,#470,.T.);
#470 = EDGE_CURVE('',#447,#391,#471,.T.);
#471 = LINE('',#472,#473);
#472 = CARTESIAN_POINT('',(2.74,-0.2,-2.5));
#473 = VECTOR('',#474,1.);
#474 = DIRECTION('',(-1.,0.,0.));
#475 = ORIENTED_EDGE('',*,*,#390,.F.);
#476 = PLANE('',#477);
#477 = AXIS2_PLACEMENT_3D('',#478,#479,#480);
#478 = CARTESIAN_POINT('',(2.74,-0.2,3.5));
#479 = DIRECTION('',(0.,1.,0.));
#480 = DIRECTION('',(-1.,0.,0.));
#481 = ADVANCED_FACE('',(#482),#488,.F.);
#482 = FACE_BOUND('',#483,.T.);
#483 = EDGE_LOOP('',(#484,#485,#486,#487));
#484 = ORIENTED_EDGE('',*,*,#350,.T.);
#485 = ORIENTED_EDGE('',*,*,#374,.T.);
#486 = ORIENTED_EDGE('',*,*,#302,.T.);
#487 = ORIENTED_EDGE('',*,*,#326,.T.);
#488 = PLANE('',#489);
#489 = AXIS2_PLACEMENT_3D('',#490,#491,#492);
#490 = CARTESIAN_POINT('',(-0.2,0.2,-2.5));
#491 = DIRECTION('',(0.,0.,1.));
#492 = DIRECTION('',(1.,0.,-0.));
#493 = ADVANCED_FACE('',(#494),#500,.F.);
#494 = FACE_BOUND('',#495,.T.);
#495 = EDGE_LOOP('',(#496,#497,#498,#499));
#496 = ORIENTED_EDGE('',*,*,#422,.T.);
#497 = ORIENTED_EDGE('',*,*,#446,.T.);
#498 = ORIENTED_EDGE('',*,*,#470,.T.);
#499 = ORIENTED_EDGE('',*,*,#398,.T.);
#500 = PLANE('',#501);
#501 = AXIS2_PLACEMENT_3D('',#502,#503,#504);
#502 = CARTESIAN_POINT('',(2.34,0.2,-2.5));
#503 = DIRECTION('',(0.,0.,1.));
#504 = DIRECTION('',(1.,0.,-0.));
#505 = ( GEOMETRIC_REPRESENTATION_CONTEXT(3) 
GLOBAL_UNCERTAINTY_ASSIGNED_CONTEXT((#509)) GLOBAL_UNIT_ASSIGNED_CONTEXT
((#506,#507,#508)) REPRESENTATION_CONTEXT('Context #1',
  '3D Context with UNIT and UNCERTAINTY') );
#506 = ( LENGTH_UNIT() NAMED_UNIT(*) SI_UNIT(.MILLI.,.METRE.) );
#507 = ( NAMED_UNIT(*) PLANE_ANGLE_UNIT() SI_UNIT($,.RADIAN.) );
#508 = ( NAMED_UNIT(*) SI_UNIT($,.STERADIAN.) SOLID_ANGLE_UNIT() );
#509 = UNCERTAINTY_MEASURE_WITH_UNIT(LENGTH_MEASURE(1.E-07),#506,
  'distance_accuracy_value','confusion accuracy');
#510 = CONTEXT_DEPENDENT_SHAPE_REPRESENTATION(#511,#513);
#511 = ( REPRESENTATION_RELATIONSHIP('','',#79,#56) 
REPRESENTATION_RELATIONSHIP_WITH_TRANSFORMATION(#512) 
SHAPE_REPRESENTATION_RELATIONSHIP() );
#512 = ITEM_DEFINED_TRANSFORMATION('','',#11,#57);
#513 = PRODUCT_DEFINITION_SHAPE('Placement','Placement of an item',#514
  );
#514 = NEXT_ASSEMBLY_USAGE_OCCURRENCE('1','=>[0:1:1:3]','',#51,#74,$);
#515 = PRODUCT_RELATED_PRODUCT_CATEGORY('part',$,(#76));
#516 = CONTEXT_DEPENDENT_SHAPE_REPRESENTATION(#517,#519);
#517 = ( REPRESENTATION_RELATIONSHIP('','',#56,#10) 
REPRESENTATION_RELATIONSHIP_WITH_TRANSFORMATION(#518) 
SHAPE_REPRESENTATION_RELATIONSHIP() );
#518 = ITEM_DEFINED_TRANSFORMATION('','',#11,#19);
#519 = PRODUCT_DEFINITION_SHAPE('Placement','Placement of an item',#520
  );
#520 = NEXT_ASSEMBLY_USAGE_OCCURRENCE('3','D1','',#5,#51,$);
#521 = SHAPE_DEFINITION_REPRESENTATION(#522,#528);
#522 = PRODUCT_DEFINITION_SHAPE('','',#523);
#523 = PRODUCT_DEFINITION('design','',#524,#527);
#524 = PRODUCT_DEFINITION_FORMATION('','',#525);
#525 = PRODUCT('R_0805_2012Metric','R_0805_2012Metric','',(#526));
#526 = PRODUCT_CONTEXT('',#2,'mechanical');
#527 = PRODUCT_DEFINITION_CONTEXT('part definition',#2,'design');
#528 = SHAPE_REPRESENTATION('',(#11,#529),#533);
#529 = AXIS2_PLACEMENT_3D('',#530,#531,#532);
#530 = CARTESIAN_POINT('',(0.,0.,0.));
#531 = DIRECTION('',(0.,0.,1.));
#532 = DIRECTION('',(1.,0.,-0.));
#533 = ( GEOMETRIC_REPRESENTATION_CONTEXT(3) 
GLOBAL_UNCERTAINTY_ASSIGNED_CONTEXT((#537)) GLOBAL_UNIT_ASSIGNED_CONTEXT
((#534,#535,#536)) REPRESENTATION_CONTEXT('Context #1',
  '3D Context with UNIT and UNCERTAINTY') );
#534 = ( LENGTH_UNIT() NAMED_UNIT(*) SI_UNIT(.MILLI.,.METRE.) );
#535 = ( NAMED_UNIT(*) PLANE_ANGLE_UNIT() SI_UNIT($,.RADIAN.) );
#536 = ( NAMED_UNIT(*) SI_UNIT($,.STERADIAN.) SOLID_ANGLE_UNIT() );
#537 = UNCERTAINTY_MEASURE_WITH_UNIT(LENGTH_MEASURE(1.E-07),#534,
  'distance_accuracy_value','confusion accuracy');
#538 = CONTEXT_DEPENDENT_SHAPE_REPRESENTATION(#539,#541);
#539 = ( REPRESENTATION_RELATIONSHIP('','',#528,#10) 
REPRESENTATION_RELATIONSHIP_WITH_TRANSFORMATION(#540) 
SHAPE_REPRESENTATION_RELATIONSHIP() );
#540 = ITEM_DEFINED_TRANSFORMATION('','',#11,#23);
#541 = PRODUCT_DEFINITION_SHAPE('Placement','Placement of an item',#542
  );
#542 = NEXT_ASSEMBLY_USAGE_OCCURRENCE('5','R1','',#5,#523,$);
#543 = PRODUCT_RELATED_PRODUCT_CATEGORY('part',$,(#525));
#544 = SHAPE_DEFINITION_REPRESENTATION(#545,#551);
#545 = PRODUCT_DEFINITION_SHAPE('','',#546);
#546 = PRODUCT_DEFINITION('design','',#547,#550);
#547 = PRODUCT_DEFINITION_FORMATION('','',#548);
#548 = PRODUCT('R_0805_2012Metric','R_0805_2012Metric','',(#549));
#549 = PRODUCT_CONTEXT('',#2,'mechanical');
#550 = PRODUCT_DEFINITION_CONTEXT('part definition',#2,'design');
#551 = ADVANCED_BREP_SHAPE_REPRESENTATION('',(#11,#552),#1342);
#552 = MANIFOLD_SOLID_BREP('',#553);
#553 = CLOSED_SHELL('',(#554,#594,#677,#702,#727,#794,#811,#828,#877,
    #894,#911,#960,#977,#1046,#1077,#1101,#1170,#1194,#1211,#1228,#1245,
    #1262,#1279,#1296,#1313,#1330));
#554 = ADVANCED_FACE('',(#555),#589,.F.);
#555 = FACE_BOUND('',#556,.F.);
#556 = EDGE_LOOP('',(#557,#567,#575,#583));
#557 = ORIENTED_EDGE('',*,*,#558,.F.);
#558 = EDGE_CURVE('',#559,#561,#563,.T.);
#559 = VERTEX_POINT('',#560);
#560 = CARTESIAN_POINT('',(-1.,-0.6,4.5E-02));
#561 = VERTEX_POINT('',#562);
#562 = CARTESIAN_POINT('',(-1.,-0.6,0.405));
#563 = LINE('',#564,#565);
#564 = CARTESIAN_POINT('',(-1.,-0.6,0.));
#565 = VECTOR('',#566,1.);
#566 = DIRECTION('',(0.,0.,1.));
#567 = ORIENTED_EDGE('',*,*,#568,.T.);
#568 = EDGE_CURVE('',#559,#569,#571,.T.);
#569 = VERTEX_POINT('',#570);
#570 = CARTESIAN_POINT('',(-1.,0.6,4.5E-02));
#571 = LINE('',#572,#573);
#572 = CARTESIAN_POINT('',(-1.,-0.6,4.5E-02));
#573 = VECTOR('',#574,1.);
#574 = DIRECTION('',(0.,1.,0.));
#575 = ORIENTED_EDGE('',*,*,#576,.T.);
#576 = EDGE_CURVE('',#569,#577,#579,.T.);
#577 = VERTEX_POINT('',#578);
#578 = CARTESIAN_POINT('',(-1.,0.6,0.405));
#579 = LINE('',#580,#581);
#580 = CARTESIAN_POINT('',(-1.,0.6,0.));
#581 = VECTOR('',#582,1.);
#582 = DIRECTION('',(0.,0.,1.));
#583 = ORIENTED_EDGE('',*,*,#584,.F.);
#584 = EDGE_CURVE('',#561,#577,#585,.T.);
#585 = LINE('',#586,#587);
#586 = CARTESIAN_POINT('',(-1.,-0.6,0.405));
#587 = VECTOR('',#588,1.);
#588 = DIRECTION('',(0.,1.,0.));
#589 = PLANE('',#590);
#590 = AXIS2_PLACEMENT_3D('',#591,#592,#593);
#591 = CARTESIAN_POINT('',(-1.,-0.6,0.));
#592 = DIRECTION('',(1.,0.,0.));
#593 = DIRECTION('',(0.,0.,1.));
#594 = ADVANCED_FACE('',(#595),#672,.F.);
#595 = FACE_BOUND('',#596,.F.);
#596 = EDGE_LOOP('',(#597,#607,#614,#615,#624,#632,#641,#649,#657,#665)
  );
#597 = ORIENTED_EDGE('',*,*,#598,.F.);
#598 = EDGE_CURVE('',#599,#601,#603,.T.);
#599 = VERTEX_POINT('',#600);
#600 = CARTESIAN_POINT('',(-0.955,-0.6,-2.775557561563E-17));
#601 = VERTEX_POINT('',#602);
#602 = CARTESIAN_POINT('',(-0.745,-0.6,-2.775557561563E-17));
#603 = LINE('',#604,#605);
#604 = CARTESIAN_POINT('',(-1.,-0.6,0.));
#605 = VECTOR('',#606,1.);
#606 = DIRECTION('',(1.,0.,0.));
#607 = ORIENTED_EDGE('',*,*,#608,.F.);
#608 = EDGE_CURVE('',#559,#599,#609,.T.);
#609 = CIRCLE('',#610,4.5E-02);
#610 = AXIS2_PLACEMENT_3D('',#611,#612,#613);
#611 = CARTESIAN_POINT('',(-0.955,-0.6,4.5E-02));
#612 = DIRECTION('',(0.,-1.,0.));
#613 = DIRECTION('',(0.,0.,1.));
#614 = ORIENTED_EDGE('',*,*,#558,.T.);
#615 = ORIENTED_EDGE('',*,*,#616,.T.);
#616 = EDGE_CURVE('',#561,#617,#619,.T.);
#617 = VERTEX_POINT('',#618);
#618 = CARTESIAN_POINT('',(-0.955,-0.6,0.45));
#619 = CIRCLE('',#620,4.5E-02);
#620 = AXIS2_PLACEMENT_3D('',#621,#622,#623);
#621 = CARTESIAN_POINT('',(-0.955,-0.6,0.405));
#622 = DIRECTION('',(0.,1.,0.));
#623 = DIRECTION('',(0.,-0.,1.));
#624 = ORIENTED_EDGE('',*,*,#625,.T.);
#625 = EDGE_CURVE('',#617,#626,#628,.T.);
#626 = VERTEX_POINT('',#627);
#627 = CARTESIAN_POINT('',(-0.745,-0.6,0.45));
#628 = LINE('',#629,#630);
#629 = CARTESIAN_POINT('',(-1.,-0.6,0.45));
#630 = VECTOR('',#631,1.);
#631 = DIRECTION('',(1.,0.,0.));
#632 = ORIENTED_EDGE('',*,*,#633,.F.);
#633 = EDGE_CURVE('',#634,#626,#636,.T.);
#634 = VERTEX_POINT('',#635);
#635 = CARTESIAN_POINT('',(-0.7,-0.6,0.405));
#636 = CIRCLE('',#637,4.5E-02);
#637 = AXIS2_PLACEMENT_3D('',#638,#639,#640);
#638 = CARTESIAN_POINT('',(-0.745,-0.6,0.405));
#639 = DIRECTION('',(0.,-1.,0.));
#640 = DIRECTION('',(0.,0.,1.));
#641 = ORIENTED_EDGE('',*,*,#642,.F.);
#642 = EDGE_CURVE('',#643,#634,#645,.T.);
#643 = VERTEX_POINT('',#644);
#644 = CARTESIAN_POINT('',(-0.955,-0.6,0.405));
#645 = LINE('',#646,#647);
#646 = CARTESIAN_POINT('',(-0.955,-0.6,0.405));
#647 = VECTOR('',#648,1.);
#648 = DIRECTION('',(1.,0.,0.));
#649 = ORIENTED_EDGE('',*,*,#650,.F.);
#650 = EDGE_CURVE('',#651,#643,#653,.T.);
#651 = VERTEX_POINT('',#652);
#652 = CARTESIAN_POINT('',(-0.955,-0.6,4.5E-02));
#653 = LINE('',#654,#655);
#654 = CARTESIAN_POINT('',(-0.955,-0.6,4.5E-02));
#655 = VECTOR('',#656,1.);
#656 = DIRECTION('',(0.,0.,1.));
#657 = ORIENTED_EDGE('',*,*,#658,.T.);
#658 = EDGE_CURVE('',#651,#659,#661,.T.);
#659 = VERTEX_POINT('',#660);
#660 = CARTESIAN_POINT('',(-0.7,-0.6,4.5E-02));
#661 = LINE('',#662,#663);
#662 = CARTESIAN_POINT('',(-0.955,-0.6,4.5E-02));
#663 = VECTOR('',#664,1.);
#664 = DIRECTION('',(1.,0.,0.));
#665 = ORIENTED_EDGE('',*,*,#666,.T.);
#666 = EDGE_CURVE('',#659,#601,#667,.T.);
#667 = CIRCLE('',#668,4.5E-02);
#668 = AXIS2_PLACEMENT_3D('',#669,#670,#671);
#669 = CARTESIAN_POINT('',(-0.745,-0.6,4.5E-02));
#670 = DIRECTION('',(0.,1.,0.));
#671 = DIRECTION('',(0.,-0.,1.));
#672 = PLANE('',#673);
#673 = AXIS2_PLACEMENT_3D('',#674,#675,#676);
#674 = CARTESIAN_POINT('',(-1.,-0.6,0.));
#675 = DIRECTION('',(0.,1.,0.));
#676 = DIRECTION('',(0.,-0.,1.));
#677 = ADVANCED_FACE('',(#678),#697,.T.);
#678 = FACE_BOUND('',#679,.T.);
#679 = EDGE_LOOP('',(#680,#681,#690,#696));
#680 = ORIENTED_EDGE('',*,*,#568,.T.);
#681 = ORIENTED_EDGE('',*,*,#682,.T.);
#682 = EDGE_CURVE('',#569,#683,#685,.T.);
#683 = VERTEX_POINT('',#684);
#684 = CARTESIAN_POINT('',(-0.955,0.6,-2.775557561563E-17));
#685 = CIRCLE('',#686,4.5E-02);
#686 = AXIS2_PLACEMENT_3D('',#687,#688,#689);
#687 = CARTESIAN_POINT('',(-0.955,0.6,4.5E-02));
#688 = DIRECTION('',(0.,-1.,0.));
#689 = DIRECTION('',(0.,0.,1.));
#690 = ORIENTED_EDGE('',*,*,#691,.F.);
#691 = EDGE_CURVE('',#599,#683,#692,.T.);
#692 = LINE('',#693,#694);
#693 = CARTESIAN_POINT('',(-0.955,-0.6,-2.775557561563E-17));
#694 = VECTOR('',#695,1.);
#695 = DIRECTION('',(0.,1.,0.));
#696 = ORIENTED_EDGE('',*,*,#608,.F.);
#697 = CYLINDRICAL_SURFACE('',#698,4.5E-02);
#698 = AXIS2_PLACEMENT_3D('',#699,#700,#701);
#699 = CARTESIAN_POINT('',(-0.955,-0.6,4.5E-02));
#700 = DIRECTION('',(0.,1.,0.));
#701 = DIRECTION('',(-1.,0.,0.));
#702 = ADVANCED_FACE('',(#703),#722,.T.);
#703 = FACE_BOUND('',#704,.T.);
#704 = EDGE_LOOP('',(#705,#706,#714,#721));
#705 = ORIENTED_EDGE('',*,*,#616,.T.);
#706 = ORIENTED_EDGE('',*,*,#707,.T.);
#707 = EDGE_CURVE('',#617,#708,#710,.T.);
#708 = VERTEX_POINT('',#709);
#709 = CARTESIAN_POINT('',(-0.955,0.6,0.45));
#710 = LINE('',#711,#712);
#711 = CARTESIAN_POINT('',(-0.955,-0.6,0.45));
#712 = VECTOR('',#713,1.);
#713 = DIRECTION('',(0.,1.,0.));
#714 = ORIENTED_EDGE('',*,*,#715,.F.);
#715 = EDGE_CURVE('',#577,#708,#716,.T.);
#716 = CIRCLE('',#717,4.5E-02);
#717 = AXIS2_PLACEMENT_3D('',#718,#719,#720);
#718 = CARTESIAN_POINT('',(-0.955,0.6,0.405));
#719 = DIRECTION('',(0.,1.,0.));
#720 = DIRECTION('',(0.,-0.,1.));
#721 = ORIENTED_EDGE('',*,*,#584,.F.);
#722 = CYLINDRICAL_SURFACE('',#723,4.5E-02);
#723 = AXIS2_PLACEMENT_3D('',#724,#725,#726);
#724 = CARTESIAN_POINT('',(-0.955,-0.6,0.405));
#725 = DIRECTION('',(0.,1.,0.));
#726 = DIRECTION('',(-1.,0.,0.));
#727 = ADVANCED_FACE('',(#728),#789,.T.);
#728 = FACE_BOUND('',#729,.T.);
#729 = EDGE_LOOP('',(#730,#738,#739,#740,#741,#749,#758,#766,#774,#782)
  );
#730 = ORIENTED_EDGE('',*,*,#731,.F.);
#731 = EDGE_CURVE('',#683,#732,#734,.T.);
#732 = VERTEX_POINT('',#733);
#733 = CARTESIAN_POINT('',(-0.745,0.6,-2.775557561563E-17));
#734 = LINE('',#735,#736);
#735 = CARTESIAN_POINT('',(-1.,0.6,0.));
#736 = VECTOR('',#737,1.);
#737 = DIRECTION('',(1.,0.,0.));
#738 = ORIENTED_EDGE('',*,*,#682,.F.);
#739 = ORIENTED_EDGE('',*,*,#576,.T.);
#740 = ORIENTED_EDGE('',*,*,#715,.T.);
#741 = ORIENTED_EDGE('',*,*,#742,.T.);
#742 = EDGE_CURVE('',#708,#743,#745,.T.);
#743 = VERTEX_POINT('',#744);
#744 = CARTESIAN_POINT('',(-0.745,0.6,0.45));
#745 = LINE('',#746,#747);
#746 = CARTESIAN_POINT('',(-1.,0.6,0.45));
#747 = VECTOR('',#748,1.);
#748 = DIRECTION('',(1.,0.,0.));
#749 = ORIENTED_EDGE('',*,*,#750,.F.);
#750 = EDGE_CURVE('',#751,#743,#753,.T.);
#751 = VERTEX_POINT('',#752);
#752 = CARTESIAN_POINT('',(-0.7,0.6,0.405));
#753 = CIRCLE('',#754,4.5E-02);
#754 = AXIS2_PLACEMENT_3D('',#755,#756,#757);
#755 = CARTESIAN_POINT('',(-0.745,0.6,0.405));
#756 = DIRECTION('',(0.,-1.,0.));
#757 = DIRECTION('',(0.,0.,1.));
#758 = ORIENTED_EDGE('',*,*,#759,.F.);
#759 = EDGE_CURVE('',#760,#751,#762,.T.);
#760 = VERTEX_POINT('',#761);
#761 = CARTESIAN_POINT('',(-0.955,0.6,0.405));
#762 = LINE('',#763,#764);
#763 = CARTESIAN_POINT('',(-0.955,0.6,0.405));
#764 = VECTOR('',#765,1.);
#765 = DIRECTION('',(1.,0.,0.));
#766 = ORIENTED_EDGE('',*,*,#767,.F.);
#767 = EDGE_CURVE('',#768,#760,#770,.T.);
#768 = VERTEX_POINT('',#769);
#769 = CARTESIAN_POINT('',(-0.955,0.6,4.5E-02));
#770 = LINE('',#771,#772);
#771 = CARTESIAN_POINT('',(-0.955,0.6,4.5E-02));
#772 = VECTOR('',#773,1.);
#773 = DIRECTION('',(0.,0.,1.));
#774 = ORIENTED_EDGE('',*,*,#775,.T.);
#775 = EDGE_CURVE('',#768,#776,#778,.T.);
#776 = VERTEX_POINT('',#777);
#777 = CARTESIAN_POINT('',(-0.7,0.6,4.5E-02));
#778 = LINE('',#779,#780);
#779 = CARTESIAN_POINT('',(-0.955,0.6,4.5E-02));
#780 = VECTOR('',#781,1.);
#781 = DIRECTION('',(1.,0.,0.));
#782 = ORIENTED_EDGE('',*,*,#783,.T.);
#783 = EDGE_CURVE('',#776,#732,#784,.T.);
#784 = CIRCLE('',#785,4.5E-02);
#785 = AXIS2_PLACEMENT_3D('',#786,#787,#788);
#786 = CARTESIAN_POINT('',(-0.745,0.6,4.5E-02));
#787 = DIRECTION('',(0.,1.,0.));
#788 = DIRECTION('',(0.,-0.,1.));
#789 = PLANE('',#790);
#790 = AXIS2_PLACEMENT_3D('',#791,#792,#793);
#791 = CARTESIAN_POINT('',(-1.,0.6,0.));
#792 = DIRECTION('',(0.,1.,0.));
#793 = DIRECTION('',(0.,-0.,1.));
#794 = ADVANCED_FACE('',(#795),#806,.F.);
#795 = FACE_BOUND('',#796,.F.);
#796 = EDGE_LOOP('',(#797,#798,#799,#800));
#797 = ORIENTED_EDGE('',*,*,#731,.F.);
#798 = ORIENTED_EDGE('',*,*,#691,.F.);
#799 = ORIENTED_EDGE('',*,*,#598,.T.);
#800 = ORIENTED_EDGE('',*,*,#801,.T.);
#801 = EDGE_CURVE('',#601,#732,#802,.T.);
#802 = LINE('',#803,#804);
#803 = CARTESIAN_POINT('',(-0.745,-0.6,-2.775557561563E-17));
#804 = VECTOR('',#805,1.);
#805 = DIRECTION('',(0.,1.,0.));
#806 = PLANE('',#807);
#807 = AXIS2_PLACEMENT_3D('',#808,#809,#810);
#808 = CARTESIAN_POINT('',(-1.,-0.6,0.));
#809 = DIRECTION('',(0.,0.,1.));
#810 = DIRECTION('',(1.,0.,-0.));
#811 = ADVANCED_FACE('',(#812),#823,.T.);
#812 = FACE_BOUND('',#813,.T.);
#813 = EDGE_LOOP('',(#814,#815,#816,#817));
#814 = ORIENTED_EDGE('',*,*,#666,.T.);
#815 = ORIENTED_EDGE('',*,*,#801,.T.);
#816 = ORIENTED_EDGE('',*,*,#783,.F.);
#817 = ORIENTED_EDGE('',*,*,#818,.F.);
#818 = EDGE_CURVE('',#659,#776,#819,.T.);
#819 = LINE('',#820,#821);
#820 = CARTESIAN_POINT('',(-0.7,-0.6,4.5E-02));
#821 = VECTOR('',#822,1.);
#822 = DIRECTION('',(0.,1.,0.));
#823 = CYLINDRICAL_SURFACE('',#824,4.5E-02);
#824 = AXIS2_PLACEMENT_3D('',#825,#826,#827);
#825 = CARTESIAN_POINT('',(-0.745,-0.6,4.5E-02));
#826 = DIRECTION('',(0.,1.,0.));
#827 = DIRECTION('',(1.,0.,0.));
#828 = ADVANCED_FACE('',(#829),#872,.F.);
#829 = FACE_BOUND('',#830,.F.);
#830 = EDGE_LOOP('',(#831,#832,#833,#834,#842,#850,#858,#866));
#831 = ORIENTED_EDGE('',*,*,#658,.F.);
#832 = ORIENTED_EDGE('',*,*,#650,.T.);
#833 = ORIENTED_EDGE('',*,*,#642,.T.);
#834 = ORIENTED_EDGE('',*,*,#835,.T.);
#835 = EDGE_CURVE('',#634,#836,#838,.T.);
#836 = VERTEX_POINT('',#837);
#837 = CARTESIAN_POINT('',(0.7,-0.6,0.405));
#838 = LINE('',#839,#840);
#839 = CARTESIAN_POINT('',(-0.7,-0.6,0.405));
#840 = VECTOR('',#841,1.);
#841 = DIRECTION('',(1.,0.,0.));
#842 = ORIENTED_EDGE('',*,*,#843,.T.);
#843 = EDGE_CURVE('',#836,#844,#846,.T.);
#844 = VERTEX_POINT('',#845);
#845 = CARTESIAN_POINT('',(0.955,-0.6,0.405));
#846 = LINE('',#847,#848);
#847 = CARTESIAN_POINT('',(-0.955,-0.6,0.405));
#848 = VECTOR('',#849,1.);
#849 = DIRECTION('',(1.,0.,0.));
#850 = ORIENTED_EDGE('',*,*,#851,.F.);
#851 = EDGE_CURVE('',#852,#844,#854,.T.);
#852 = VERTEX_POINT('',#853);
#853 = CARTESIAN_POINT('',(0.955,-0.6,4.5E-02));
#854 = LINE('',#855,#856);
#855 = CARTESIAN_POINT('',(0.955,-0.6,4.5E-02));
#856 = VECTOR('',#857,1.);
#857 = DIRECTION('',(0.,0.,1.));
#858 = ORIENTED_EDGE('',*,*,#859,.F.);
#859 = EDGE_CURVE('',#860,#852,#862,.T.);
#860 = VERTEX_POINT('',#861);
#861 = CARTESIAN_POINT('',(0.7,-0.6,4.5E-02));
#862 = LINE('',#863,#864);
#863 = CARTESIAN_POINT('',(-0.955,-0.6,4.5E-02));
#864 = VECTOR('',#865,1.);
#865 = DIRECTION('',(1.,0.,0.));
#866 = ORIENTED_EDGE('',*,*,#867,.F.);
#867 = EDGE_CURVE('',#659,#860,#868,.T.);
#868 = LINE('',#869,#870);
#869 = CARTESIAN_POINT('',(-0.955,-0.6,4.5E-02));
#870 = VECTOR('',#871,1.);
#871 = DIRECTION('',(1.,0.,0.));
#872 = PLANE('',#873);
#873 = AXIS2_PLACEMENT_3D('',#874,#875,#876);
#874 = CARTESIAN_POINT('',(-0.955,-0.6,4.5E-02));
#875 = DIRECTION('',(0.,1.,0.));
#876 = DIRECTION('',(0.,-0.,1.));
#877 = ADVANCED_FACE('',(#878),#889,.T.);
#878 = FACE_BOUND('',#879,.T.);
#879 = EDGE_LOOP('',(#880,#881,#882,#883));
#880 = ORIENTED_EDGE('',*,*,#742,.F.);
#881 = ORIENTED_EDGE('',*,*,#707,.F.);
#882 = ORIENTED_EDGE('',*,*,#625,.T.);
#883 = ORIENTED_EDGE('',*,*,#884,.T.);
#884 = EDGE_CURVE('',#626,#743,#885,.T.);
#885 = LINE('',#886,#887);
#886 = CARTESIAN_POINT('',(-0.745,-0.6,0.45));
#887 = VECTOR('',#888,1.);
#888 = DIRECTION('',(0.,1.,0.));
#889 = PLANE('',#890);
#890 = AXIS2_PLACEMENT_3D('',#891,#892,#893);
#891 = CARTESIAN_POINT('',(-1.,-0.6,0.45));
#892 = DIRECTION('',(0.,0.,1.));
#893 = DIRECTION('',(1.,0.,-0.));
#894 = ADVANCED_FACE('',(#895),#906,.T.);
#895 = FACE_BOUND('',#896,.T.);
#896 = EDGE_LOOP('',(#897,#903,#904,#905));
#897 = ORIENTED_EDGE('',*,*,#898,.T.);
#898 = EDGE_CURVE('',#634,#751,#899,.T.);
#899 = LINE('',#900,#901);
#900 = CARTESIAN_POINT('',(-0.7,-0.6,0.405));
#901 = VECTOR('',#902,1.);
#902 = DIRECTION('',(0.,1.,0.));
#903 = ORIENTED_EDGE('',*,*,#750,.T.);
#904 = ORIENTED_EDGE('',*,*,#884,.F.);
#905 = ORIENTED_EDGE('',*,*,#633,.F.);
#906 = CYLINDRICAL_SURFACE('',#907,4.5E-02);
#907 = AXIS2_PLACEMENT_3D('',#908,#909,#910);
#908 = CARTESIAN_POINT('',(-0.745,-0.6,0.405));
#909 = DIRECTION('',(0.,1.,0.));
#910 = DIRECTION('',(1.,0.,0.));
#911 = ADVANCED_FACE('',(#912),#955,.T.);
#912 = FACE_BOUND('',#913,.T.);
#913 = EDGE_LOOP('',(#914,#915,#916,#917,#925,#933,#941,#949));
#914 = ORIENTED_EDGE('',*,*,#775,.F.);
#915 = ORIENTED_EDGE('',*,*,#767,.T.);
#916 = ORIENTED_EDGE('',*,*,#759,.T.);
#917 = ORIENTED_EDGE('',*,*,#918,.T.);
#918 = EDGE_CURVE('',#751,#919,#921,.T.);
#919 = VERTEX_POINT('',#920);
#920 = CARTESIAN_POINT('',(0.7,0.6,0.405));
#921 = LINE('',#922,#923);
#922 = CARTESIAN_POINT('',(-0.7,0.6,0.405));
#923 = VECTOR('',#924,1.);
#924 = DIRECTION('',(1.,0.,0.));
#925 = ORIENTED_EDGE('',*,*,#926,.T.);
#926 = EDGE_CURVE('',#919,#927,#929,.T.);
#927 = VERTEX_POINT('',#928);
#928 = CARTESIAN_POINT('',(0.955,0.6,0.405));
#929 = LINE('',#930,#931);
#930 = CARTESIAN_POINT('',(-0.955,0.6,0.405));
#931 = VECTOR('',#932,1.);
#932 = DIRECTION('',(1.,0.,0.));
#933 = ORIENTED_EDGE('',*,*,#934,.F.);
#934 = EDGE_CURVE('',#935,#927,#937,.T.);
#935 = VERTEX_POINT('',#936);
#936 = CARTESIAN_POINT('',(0.955,0.6,4.5E-02));
#937 = LINE('',#938,#939);
#938 = CARTESIAN_POINT('',(0.955,0.6,4.5E-02));
#939 = VECTOR('',#940,1.);
#940 = DIRECTION('',(0.,0.,1.));
#941 = ORIENTED_EDGE('',*,*,#942,.F.);
#942 = EDGE_CURVE('',#943,#935,#945,.T.);
#943 = VERTEX_POINT('',#944);
#944 = CARTESIAN_POINT('',(0.7,0.6,4.5E-02));
#945 = LINE('',#946,#947);
#946 = CARTESIAN_POINT('',(-0.955,0.6,4.5E-02));
#947 = VECTOR('',#948,1.);
#948 = DIRECTION('',(1.,0.,0.));
#949 = ORIENTED_EDGE('',*,*,#950,.F.);
#950 = EDGE_CURVE('',#776,#943,#951,.T.);
#951 = LINE('',#952,#953);
#952 = CARTESIAN_POINT('',(-0.955,0.6,4.5E-02));
#953 = VECTOR('',#954,1.);
#954 = DIRECTION('',(1.,0.,0.));
#955 = PLANE('',#956);
#956 = AXIS2_PLACEMENT_3D('',#957,#958,#959);
#957 = CARTESIAN_POINT('',(-0.955,0.6,4.5E-02));
#958 = DIRECTION('',(0.,1.,0.));
#959 = DIRECTION('',(0.,-0.,1.));
#960 = ADVANCED_FACE('',(#961),#972,.F.);
#961 = FACE_BOUND('',#962,.F.);
#962 = EDGE_LOOP('',(#963,#964,#965,#971));
#963 = ORIENTED_EDGE('',*,*,#818,.F.);
#964 = ORIENTED_EDGE('',*,*,#867,.T.);
#965 = ORIENTED_EDGE('',*,*,#966,.T.);
#966 = EDGE_CURVE('',#860,#943,#967,.T.);
#967 = LINE('',#968,#969);
#968 = CARTESIAN_POINT('',(0.7,-0.6,4.5E-02));
#969 = VECTOR('',#970,1.);
#970 = DIRECTION('',(0.,1.,0.));
#971 = ORIENTED_EDGE('',*,*,#950,.F.);
#972 = PLANE('',#973);
#973 = AXIS2_PLACEMENT_3D('',#974,#975,#976);
#974 = CARTESIAN_POINT('',(-0.955,-0.6,4.5E-02));
#975 = DIRECTION('',(0.,0.,1.));
#976 = DIRECTION('',(1.,0.,-0.));
#977 = ADVANCED_FACE('',(#978),#1041,.F.);
#978 = FACE_BOUND('',#979,.F.);
#979 = EDGE_LOOP('',(#980,#990,#997,#998,#999,#1000,#1009,#1017,#1026,
    #1034));
#980 = ORIENTED_EDGE('',*,*,#981,.F.);
#981 = EDGE_CURVE('',#982,#984,#986,.T.);
#982 = VERTEX_POINT('',#983);
#983 = CARTESIAN_POINT('',(0.745,-0.6,-2.775557561563E-17));
#984 = VERTEX_POINT('',#985);
#985 = CARTESIAN_POINT('',(0.955,-0.6,-2.775557561563E-17));
#986 = LINE('',#987,#988);
#987 = CARTESIAN_POINT('',(0.7,-0.6,0.));
#988 = VECTOR('',#989,1.);
#989 = DIRECTION('',(1.,0.,0.));
#990 = ORIENTED_EDGE('',*,*,#991,.F.);
#991 = EDGE_CURVE('',#860,#982,#992,.T.);
#992 = CIRCLE('',#993,4.5E-02);
#993 = AXIS2_PLACEMENT_3D('',#994,#995,#996);
#994 = CARTESIAN_POINT('',(0.745,-0.6,4.5E-02));
#995 = DIRECTION('',(0.,-1.,0.));
#996 = DIRECTION('',(0.,0.,1.));
#997 = ORIENTED_EDGE('',*,*,#859,.T.);
#998 = ORIENTED_EDGE('',*,*,#851,.T.);
#999 = ORIENTED_EDGE('',*,*,#843,.F.);
#1000 = ORIENTED_EDGE('',*,*,#1001,.T.);
#1001 = EDGE_CURVE('',#836,#1002,#1004,.T.);
#1002 = VERTEX_POINT('',#1003);
#1003 = CARTESIAN_POINT('',(0.745,-0.6,0.45));
#1004 = CIRCLE('',#1005,4.5E-02);
#1005 = AXIS2_PLACEMENT_3D('',#1006,#1007,#1008);
#1006 = CARTESIAN_POINT('',(0.745,-0.6,0.405));
#1007 = DIRECTION('',(0.,1.,0.));
#1008 = DIRECTION('',(0.,-0.,1.));
#1009 = ORIENTED_EDGE('',*,*,#1010,.T.);
#1010 = EDGE_CURVE('',#1002,#1011,#1013,.T.);
#1011 = VERTEX_POINT('',#1012);
#1012 = CARTESIAN_POINT('',(0.955,-0.6,0.45));
#1013 = LINE('',#1014,#1015);
#1014 = CARTESIAN_POINT('',(0.7,-0.6,0.45));
#1015 = VECTOR('',#1016,1.);
#1016 = DIRECTION('',(1.,0.,0.));
#1017 = ORIENTED_EDGE('',*,*,#1018,.F.);
#1018 = EDGE_CURVE('',#1019,#1011,#1021,.T.);
#1019 = VERTEX_POINT('',#1020);
#1020 = CARTESIAN_POINT('',(1.,-0.6,0.405));
#1021 = CIRCLE('',#1022,4.5E-02);
#1022 = AXIS2_PLACEMENT_3D('',#1023,#1024,#1025);
#1023 = CARTESIAN_POINT('',(0.955,-0.6,0.405));
#1024 = DIRECTION('',(0.,-1.,0.));
#1025 = DIRECTION('',(0.,0.,1.));
#1026 = ORIENTED_EDGE('',*,*,#1027,.F.);
#1027 = EDGE_CURVE('',#1028,#1019,#1030,.T.);
#1028 = VERTEX_POINT('',#1029);
#1029 = CARTESIAN_POINT('',(1.,-0.6,4.5E-02));
#1030 = LINE('',#1031,#1032);
#1031 = CARTESIAN_POINT('',(1.,-0.6,0.));
#1032 = VECTOR('',#1033,1.);
#1033 = DIRECTION('',(0.,0.,1.));
#1034 = ORIENTED_EDGE('',*,*,#1035,.T.);
#1035 = EDGE_CURVE('',#1028,#984,#1036,.T.);
#1036 = CIRCLE('',#1037,4.5E-02);
#1037 = AXIS2_PLACEMENT_3D('',#1038,#1039,#1040);
#1038 = CARTESIAN_POINT('',(0.955,-0.6,4.5E-02));
#1039 = DIRECTION('',(0.,1.,0.));
#1040 = DIRECTION('',(0.,-0.,1.));
#1041 = PLANE('',#1042);
#1042 = AXIS2_PLACEMENT_3D('',#1043,#1044,#1045);
#1043 = CARTESIAN_POINT('',(0.7,-0.6,0.));
#1044 = DIRECTION('',(0.,1.,0.));
#1045 = DIRECTION('',(0.,-0.,1.));
#1046 = ADVANCED_FACE('',(#1047),#1072,.F.);
#1047 = FACE_BOUND('',#1048,.F.);
#1048 = EDGE_LOOP('',(#1049,#1050,#1058,#1066));
#1049 = ORIENTED_EDGE('',*,*,#835,.F.);
#1050 = ORIENTED_EDGE('',*,*,#1051,.T.);
#1051 = EDGE_CURVE('',#634,#1052,#1054,.T.);
#1052 = VERTEX_POINT('',#1053);
#1053 = CARTESIAN_POINT('',(-0.7,-0.6,0.45));
#1054 = LINE('',#1055,#1056);
#1055 = CARTESIAN_POINT('',(-0.7,-0.6,0.405));
#1056 = VECTOR('',#1057,1.);
#1057 = DIRECTION('',(0.,0.,1.));
#1058 = ORIENTED_EDGE('',*,*,#1059,.T.);
#1059 = EDGE_CURVE('',#1052,#1060,#1062,.T.);
#1060 = VERTEX_POINT('',#1061);
#1061 = CARTESIAN_POINT('',(0.7,-0.6,0.45));
#1062 = LINE('',#1063,#1064);
#1063 = CARTESIAN_POINT('',(-0.7,-0.6,0.45));
#1064 = VECTOR('',#1065,1.);
#1065 = DIRECTION('',(1.,0.,0.));
#1066 = ORIENTED_EDGE('',*,*,#1067,.F.);
#1067 = EDGE_CURVE('',#836,#1060,#1068,.T.);
#1068 = LINE('',#1069,#1070);
#1069 = CARTESIAN_POINT('',(0.7,-0.6,0.405));
#1070 = VECTOR('',#1071,1.);
#1071 = DIRECTION('',(0.,0.,1.));
#1072 = PLANE('',#1073);
#1073 = AXIS2_PLACEMENT_3D('',#1074,#1075,#1076);
#1074 = CARTESIAN_POINT('',(-0.7,-0.6,0.405));
#1075 = DIRECTION('',(0.,1.,0.));
#1076 = DIRECTION('',(0.,-0.,1.));
#1077 = ADVANCED_FACE('',(#1078),#1096,.F.);
#1078 = FACE_BOUND('',#1079,.F.);
#1079 = EDGE_LOOP('',(#1080,#1081,#1082,#1090));
#1080 = ORIENTED_EDGE('',*,*,#1051,.F.);
#1081 = ORIENTED_EDGE('',*,*,#898,.T.);
#1082 = ORIENTED_EDGE('',*,*,#1083,.T.);
#1083 = EDGE_CURVE('',#751,#1084,#1086,.T.);
#1084 = VERTEX_POINT('',#1085);
#1085 = CARTESIAN_POINT('',(-0.7,0.6,0.45));
#1086 = LINE('',#1087,#1088);
#1087 = CARTESIAN_POINT('',(-0.7,0.6,0.405));
#1088 = VECTOR('',#1089,1.);
#1089 = DIRECTION('',(0.,0.,1.));
#1090 = ORIENTED_EDGE('',*,*,#1091,.F.);
#1091 = EDGE_CURVE('',#1052,#1084,#1092,.T.);
#1092 = LINE('',#1093,#1094);
#1093 = CARTESIAN_POINT('',(-0.7,-0.6,0.45));
#1094 = VECTOR('',#1095,1.);
#1095 = DIRECTION('',(0.,1.,0.));
#1096 = PLANE('',#1097);
#1097 = AXIS2_PLACEMENT_3D('',#1098,#1099,#1100);
#1098 = CARTESIAN_POINT('',(-0.7,-0.6,0.405));
#1099 = DIRECTION('',(1.,0.,0.));
#1100 = DIRECTION('',(0.,0.,1.));
#1101 = ADVANCED_FACE('',(#1102),#1165,.T.);
#1102 = FACE_BOUND('',#1103,.T.);
#1103 = EDGE_LOOP('',(#1104,#1114,#1121,#1122,#1123,#1124,#1133,#1141,
    #1150,#1158));
#1104 = ORIENTED_EDGE('',*,*,#1105,.F.);
#1105 = EDGE_CURVE('',#1106,#1108,#1110,.T.);
#1106 = VERTEX_POINT('',#1107);
#1107 = CARTESIAN_POINT('',(0.745,0.6,-2.775557561563E-17));
#1108 = VERTEX_POINT('',#1109);
#1109 = CARTESIAN_POINT('',(0.955,0.6,-2.775557561563E-17));
#1110 = LINE('',#1111,#1112);
#1111 = CARTESIAN_POINT('',(0.7,0.6,0.));
#1112 = VECTOR('',#1113,1.);
#1113 = DIRECTION('',(1.,0.,0.));
#1114 = ORIENTED_EDGE('',*,*,#1115,.F.);
#1115 = EDGE_CURVE('',#943,#1106,#1116,.T.);
#1116 = CIRCLE('',#1117,4.5E-02);
#1117 = AXIS2_PLACEMENT_3D('',#1118,#1119,#1120);
#1118 = CARTESIAN_POINT('',(0.745,0.6,4.5E-02));
#1119 = DIRECTION('',(0.,-1.,0.));
#1120 = DIRECTION('',(0.,0.,1.));
#1121 = ORIENTED_EDGE('',*,*,#942,.T.);
#1122 = ORIENTED_EDGE('',*,*,#934,.T.);
#1123 = ORIENTED_EDGE('',*,*,#926,.F.);
#1124 = ORIENTED_EDGE('',*,*,#1125,.T.);
#1125 = EDGE_CURVE('',#919,#1126,#1128,.T.);
#1126 = VERTEX_POINT('',#1127);
#1127 = CARTESIAN_POINT('',(0.745,0.6,0.45));
#1128 = CIRCLE('',#1129,4.5E-02);
#1129 = AXIS2_PLACEMENT_3D('',#1130,#1131,#1132);
#1130 = CARTESIAN_POINT('',(0.745,0.6,0.405));
#1131 = DIRECTION('',(0.,1.,0.));
#1132 = DIRECTION('',(0.,-0.,1.));
#1133 = ORIENTED_EDGE('',*,*,#1134,.T.);
#1134 = EDGE_CURVE('',#1126,#1135,#1137,.T.);
#1135 = VERTEX_POINT('',#1136);
#1136 = CARTESIAN_POINT('',(0.955,0.6,0.45));
#1137 = LINE('',#1138,#1139);
#1138 = CARTESIAN_POINT('',(0.7,0.6,0.45));
#1139 = VECTOR('',#1140,1.);
#1140 = DIRECTION('',(1.,0.,0.));
#1141 = ORIENTED_EDGE('',*,*,#1142,.F.);
#1142 = EDGE_CURVE('',#1143,#1135,#1145,.T.);
#1143 = VERTEX_POINT('',#1144);
#1144 = CARTESIAN_POINT('',(1.,0.6,0.405));
#1145 = CIRCLE('',#1146,4.5E-02);
#1146 = AXIS2_PLACEMENT_3D('',#1147,#1148,#1149);
#1147 = CARTESIAN_POINT('',(0.955,0.6,0.405));
#1148 = DIRECTION('',(0.,-1.,0.));
#1149 = DIRECTION('',(0.,0.,1.));
#1150 = ORIENTED_EDGE('',*,*,#1151,.F.);
#1151 = EDGE_CURVE('',#1152,#1143,#1154,.T.);
#1152 = VERTEX_POINT('',#1153);
#1153 = CARTESIAN_POINT('',(1.,0.6,4.5E-02));
#1154 = LINE('',#1155,#1156);
#1155 = CARTESIAN_POINT('',(1.,0.6,0.));
#1156 = VECTOR('',#1157,1.);
#1157 = DIRECTION('',(0.,0.,1.));
#1158 = ORIENTED_EDGE('',*,*,#1159,.T.);
#1159 = EDGE_CURVE('',#1152,#1108,#1160,.T.);
#1160 = CIRCLE('',#1161,4.5E-02);
#1161 = AXIS2_PLACEMENT_3D('',#1162,#1163,#1164);
#1162 = CARTESIAN_POINT('',(0.955,0.6,4.5E-02));
#1163 = DIRECTION('',(0.,1.,0.));
#1164 = DIRECTION('',(0.,-0.,1.));
#1165 = PLANE('',#1166);
#1166 = AXIS2_PLACEMENT_3D('',#1167,#1168,#1169);
#1167 = CARTESIAN_POINT('',(0.7,0.6,0.));
#1168 = DIRECTION('',(0.,1.,0.));
#1169 = DIRECTION('',(0.,-0.,1.));
#1170 = ADVANCED_FACE('',(#1171),#1189,.T.);
#1171 = FACE_BOUND('',#1172,.T.);
#1172 = EDGE_LOOP('',(#1173,#1174,#1175,#1183));
#1173 = ORIENTED_EDGE('',*,*,#918,.F.);
#1174 = ORIENTED_EDGE('',*,*,#1083,.T.);
#1175 = ORIENTED_EDGE('',*,*,#1176,.T.);
#1176 = EDGE_CURVE('',#1084,#1177,#1179,.T.);
#1177 = VERTEX_POINT('',#1178);
#1178 = CARTESIAN_POINT('',(0.7,0.6,0.45));
#1179 = LINE('',#1180,#1181);
#1180 = CARTESIAN_POINT('',(-0.7,0.6,0.45));
#1181 = VECTOR('',#1182,1.);
#1182 = DIRECTION('',(1.,0.,0.));
#1183 = ORIENTED_EDGE('',*,*,#1184,.F.);
#1184 = EDGE_CURVE('',#919,#1177,#1185,.T.);
#1185 = LINE('',#1186,#1187);
#1186 = CARTESIAN_POINT('',(0.7,0.6,0.405));
#1187 = VECTOR('',#1188,1.);
#1188 = DIRECTION('',(0.,0.,1.));
#1189 = PLANE('',#1190);
#1190 = AXIS2_PLACEMENT_3D('',#1191,#1192,#1193);
#1191 = CARTESIAN_POINT('',(-0.7,0.6,0.405));
#1192 = DIRECTION('',(0.,1.,0.));
#1193 = DIRECTION('',(0.,-0.,1.));
#1194 = ADVANCED_FACE('',(#1195),#1206,.T.);
#1195 = FACE_BOUND('',#1196,.T.);
#1196 = EDGE_LOOP('',(#1197,#1198,#1199,#1205));
#1197 = ORIENTED_EDGE('',*,*,#966,.T.);
#1198 = ORIENTED_EDGE('',*,*,#1115,.T.);
#1199 = ORIENTED_EDGE('',*,*,#1200,.F.);
#1200 = EDGE_CURVE('',#982,#1106,#1201,.T.);
#1201 = LINE('',#1202,#1203);
#1202 = CARTESIAN_POINT('',(0.745,-0.6,-2.775557561563E-17));
#1203 = VECTOR('',#1204,1.);
#1204 = DIRECTION('',(0.,1.,0.));
#1205 = ORIENTED_EDGE('',*,*,#991,.F.);
#1206 = CYLINDRICAL_SURFACE('',#1207,4.5E-02);
#1207 = AXIS2_PLACEMENT_3D('',#1208,#1209,#1210);
#1208 = CARTESIAN_POINT('',(0.745,-0.6,4.5E-02));
#1209 = DIRECTION('',(0.,1.,0.));
#1210 = DIRECTION('',(-1.,0.,0.));
#1211 = ADVANCED_FACE('',(#1212),#1223,.F.);
#1212 = FACE_BOUND('',#1213,.F.);
#1213 = EDGE_LOOP('',(#1214,#1215,#1216,#1217));
#1214 = ORIENTED_EDGE('',*,*,#1105,.F.);
#1215 = ORIENTED_EDGE('',*,*,#1200,.F.);
#1216 = ORIENTED_EDGE('',*,*,#981,.T.);
#1217 = ORIENTED_EDGE('',*,*,#1218,.T.);
#1218 = EDGE_CURVE('',#984,#1108,#1219,.T.);
#1219 = LINE('',#1220,#1221);
#1220 = CARTESIAN_POINT('',(0.955,-0.6,-2.775557561563E-17));
#1221 = VECTOR('',#1222,1.);
#1222 = DIRECTION('',(0.,1.,0.));
#1223 = PLANE('',#1224);
#1224 = AXIS2_PLACEMENT_3D('',#1225,#1226,#1227);
#1225 = CARTESIAN_POINT('',(0.7,-0.6,0.));
#1226 = DIRECTION('',(0.,0.,1.));
#1227 = DIRECTION('',(1.,0.,-0.));
#1228 = ADVANCED_FACE('',(#1229),#1240,.T.);
#1229 = FACE_BOUND('',#1230,.T.);
#1230 = EDGE_LOOP('',(#1231,#1232,#1233,#1234));
#1231 = ORIENTED_EDGE('',*,*,#1035,.T.);
#1232 = ORIENTED_EDGE('',*,*,#1218,.T.);
#1233 = ORIENTED_EDGE('',*,*,#1159,.F.);
#1234 = ORIENTED_EDGE('',*,*,#1235,.F.);
#1235 = EDGE_CURVE('',#1028,#1152,#1236,.T.);
#1236 = LINE('',#1237,#1238);
#1237 = CARTESIAN_POINT('',(1.,-0.6,4.5E-02));
#1238 = VECTOR('',#1239,1.);
#1239 = DIRECTION('',(0.,1.,0.));
#1240 = CYLINDRICAL_SURFACE('',#1241,4.5E-02);
#1241 = AXIS2_PLACEMENT_3D('',#1242,#1243,#1244);
#1242 = CARTESIAN_POINT('',(0.955,-0.6,4.5E-02));
#1243 = DIRECTION('',(0.,1.,0.));
#1244 = DIRECTION('',(1.,0.,0.));
#1245 = ADVANCED_FACE('',(#1246),#1257,.T.);
#1246 = FACE_BOUND('',#1247,.T.);
#1247 = EDGE_LOOP('',(#1248,#1249,#1250,#1251));
#1248 = ORIENTED_EDGE('',*,*,#1027,.F.);
#1249 = ORIENTED_EDGE('',*,*,#1235,.T.);
#1250 = ORIENTED_EDGE('',*,*,#1151,.T.);
#1251 = ORIENTED_EDGE('',*,*,#1252,.F.);
#1252 = EDGE_CURVE('',#1019,#1143,#1253,.T.);
#1253 = LINE('',#1254,#1255);
#1254 = CARTESIAN_POINT('',(1.,-0.6,0.405));
#1255 = VECTOR('',#1256,1.);
#1256 = DIRECTION('',(0.,1.,0.));
#1257 = PLANE('',#1258);
#1258 = AXIS2_PLACEMENT_3D('',#1259,#1260,#1261);
#1259 = CARTESIAN_POINT('',(1.,-0.6,0.));
#1260 = DIRECTION('',(1.,0.,0.));
#1261 = DIRECTION('',(0.,0.,1.));
#1262 = ADVANCED_FACE('',(#1263),#1274,.T.);
#1263 = FACE_BOUND('',#1264,.T.);
#1264 = EDGE_LOOP('',(#1265,#1266,#1267,#1273));
#1265 = ORIENTED_EDGE('',*,*,#1252,.T.);
#1266 = ORIENTED_EDGE('',*,*,#1142,.T.);
#1267 = ORIENTED_EDGE('',*,*,#1268,.F.);
#1268 = EDGE_CURVE('',#1011,#1135,#1269,.T.);
#1269 = LINE('',#1270,#1271);
#1270 = CARTESIAN_POINT('',(0.955,-0.6,0.45));
#1271 = VECTOR('',#1272,1.);
#1272 = DIRECTION('',(0.,1.,0.));
#1273 = ORIENTED_EDGE('',*,*,#1018,.F.);
#1274 = CYLINDRICAL_SURFACE('',#1275,4.5E-02);
#1275 = AXIS2_PLACEMENT_3D('',#1276,#1277,#1278);
#1276 = CARTESIAN_POINT('',(0.955,-0.6,0.405));
#1277 = DIRECTION('',(0.,1.,0.));
#1278 = DIRECTION('',(1.,0.,0.));
#1279 = ADVANCED_FACE('',(#1280),#1291,.T.);
#1280 = FACE_BOUND('',#1281,.T.);
#1281 = EDGE_LOOP('',(#1282,#1283,#1289,#1290));
#1282 = ORIENTED_EDGE('',*,*,#1134,.F.);
#1283 = ORIENTED_EDGE('',*,*,#1284,.F.);
#1284 = EDGE_CURVE('',#1002,#1126,#1285,.T.);
#1285 = LINE('',#1286,#1287);
#1286 = CARTESIAN_POINT('',(0.745,-0.6,0.45));
#1287 = VECTOR('',#1288,1.);
#1288 = DIRECTION('',(0.,1.,0.));
#1289 = ORIENTED_EDGE('',*,*,#1010,.T.);
#1290 = ORIENTED_EDGE('',*,*,#1268,.T.);
#1291 = PLANE('',#1292);
#1292 = AXIS2_PLACEMENT_3D('',#1293,#1294,#1295);
#1293 = CARTESIAN_POINT('',(0.7,-0.6,0.45));
#1294 = DIRECTION('',(0.,0.,1.));
#1295 = DIRECTION('',(1.,0.,-0.));
#1296 = ADVANCED_FACE('',(#1297),#1308,.T.);
#1297 = FACE_BOUND('',#1298,.T.);
#1298 = EDGE_LOOP('',(#1299,#1300,#1301,#1302));
#1299 = ORIENTED_EDGE('',*,*,#1001,.T.);
#1300 = ORIENTED_EDGE('',*,*,#1284,.T.);
#1301 = ORIENTED_EDGE('',*,*,#1125,.F.);
#1302 = ORIENTED_EDGE('',*,*,#1303,.F.);
#1303 = EDGE_CURVE('',#836,#919,#1304,.T.);
#1304 = LINE('',#1305,#1306);
#1305 = CARTESIAN_POINT('',(0.7,-0.6,0.405));
#1306 = VECTOR('',#1307,1.);
#1307 = DIRECTION('',(0.,1.,0.));
#1308 = CYLINDRICAL_SURFACE('',#1309,4.5E-02);
#1309 = AXIS2_PLACEMENT_3D('',#1310,#1311,#1312);
#1310 = CARTESIAN_POINT('',(0.745,-0.6,0.405));
#1311 = DIRECTION('',(0.,1.,0.));
#1312 = DIRECTION('',(-1.,0.,0.));
#1313 = ADVANCED_FACE('',(#1314),#1325,.T.);
#1314 = FACE_BOUND('',#1315,.T.);
#1315 = EDGE_LOOP('',(#1316,#1317,#1318,#1319));
#1316 = ORIENTED_EDGE('',*,*,#1067,.F.);
#1317 = ORIENTED_EDGE('',*,*,#1303,.T.);
#1318 = ORIENTED_EDGE('',*,*,#1184,.T.);
#1319 = ORIENTED_EDGE('',*,*,#1320,.F.);
#1320 = EDGE_CURVE('',#1060,#1177,#1321,.T.);
#1321 = LINE('',#1322,#1323);
#1322 = CARTESIAN_POINT('',(0.7,-0.6,0.45));
#1323 = VECTOR('',#1324,1.);
#1324 = DIRECTION('',(0.,1.,0.));
#1325 = PLANE('',#1326);
#1326 = AXIS2_PLACEMENT_3D('',#1327,#1328,#1329);
#1327 = CARTESIAN_POINT('',(0.7,-0.6,0.405));
#1328 = DIRECTION('',(1.,0.,0.));
#1329 = DIRECTION('',(0.,0.,1.));
#1330 = ADVANCED_FACE('',(#1331),#1337,.T.);
#1331 = FACE_BOUND('',#1332,.T.);
#1332 = EDGE_LOOP('',(#1333,#1334,#1335,#1336));
#1333 = ORIENTED_EDGE('',*,*,#1091,.F.);
#1334 = ORIENTED_EDGE('',*,*,#1059,.T.);
#1335 = ORIENTED_EDGE('',*,*,#1320,.T.);
#1336 = ORIENTED_EDGE('',*,*,#1176,.F.);
#1337 = PLANE('',#1338);
#1338 = AXIS2_PLACEMENT_3D('',#1339,#1340,#1341);
#1339 = CARTESIAN_POINT('',(-0.7,-0.6,0.45));
#1340 = DIRECTION('',(0.,0.,1.));
#1341 = DIRECTION('',(1.,0.,-0.));
#1342 = ( GEOMETRIC_REPRESENTATION_CONTEXT(3) 
GLOBAL_UNCERTAINTY_ASSIGNED_CONTEXT((#1346)) 
GLOBAL_UNIT_ASSIGNED_CONTEXT((#1343,#1344,#1345)) REPRESENTATION_CONTEXT
('Context #1','3D Context with UNIT and UNCERTAINTY') );
#1343 = ( LENGTH_UNIT() NAMED_UNIT(*) SI_UNIT(.MILLI.,.METRE.) );
#1344 = ( NAMED_UNIT(*) PLANE_ANGLE_UNIT() SI_UNIT($,.RADIAN.) );
#1345 = ( NAMED_UNIT(*) SI_UNIT($,.STERADIAN.) SOLID_ANGLE_UNIT() );
#1346 = UNCERTAINTY_MEASURE_WITH_UNIT(LENGTH_MEASURE(1.E-07),#1343,
  'distance_accuracy_value','confusion accuracy');
#1347 = CONTEXT_DEPENDENT_SHAPE_REPRESENTATION(#1348,#1350);
#1348 = ( REPRESENTATION_RELATIONSHIP('','',#551,#528) 
REPRESENTATION_RELATIONSHIP_WITH_TRANSFORMATION(#1349) 
SHAPE_REPRESENTATION_RELATIONSHIP() );
#1349 = ITEM_DEFINED_TRANSFORMATION('','',#11,#529);
#1350 = PRODUCT_DEFINITION_SHAPE('Placement','Placement of an item',
  #1351);
#1351 = NEXT_ASSEMBLY_USAGE_OCCURRENCE('4','=>[0:1:1:5]','',#523,#546,$
  );
#1352 = PRODUCT_RELATED_PRODUCT_CATEGORY('part',$,(#548));
#1353 = CONTEXT_DEPENDENT_SHAPE_REPRESENTATION(#1354,#1356);
#1354 = ( REPRESENTATION_RELATIONSHIP('','',#528,#10) 
REPRESENTATION_RELATIONSHIP_WITH_TRANSFORMATION(#1355) 
SHAPE_REPRESENTATION_RELATIONSHIP() );
#1355 = ITEM_DEFINED_TRANSFORMATION('','',#11,#27);
#1356 = PRODUCT_DEFINITION_SHAPE('Placement','Placement of an item',
  #1357);
#1357 = NEXT_ASSEMBLY_USAGE_OCCURRENCE('6','R2','',#5,#523,$);
#1358 = CONTEXT_DEPENDENT_SHAPE_REPRESENTATION(#1359,#1361);
#1359 = ( REPRESENTATION_RELATIONSHIP('','',#528,#10) 
REPRESENTATION_RELATIONSHIP_WITH_TRANSFORMATION(#1360) 
SHAPE_REPRESENTATION_RELATIONSHIP() );
#1360 = ITEM_DEFINED_TRANSFORMATION('','',#11,#31);
#1361 = PRODUCT_DEFINITION_SHAPE('Placement','Placement of an item',
  #1362);
#1362 = NEXT_ASSEMBLY_USAGE_OCCURRENCE('7','R3','',#5,#523,$);
#1363 = SHAPE_DEFINITION_REPRESENTATION(#1364,#1370);
#1364 = PRODUCT_DEFINITION_SHAPE('','',#1365);
#1365 = PRODUCT_DEFINITION('design','',#1366,#1369);
#1366 = PRODUCT_DEFINITION_FORMATION('','',#1367);
#1367 = PRODUCT('PinHeader_1x03_P2.54mm_Vertical',
  'PinHeader_1x03_P2.54mm_Vertical','',(#1368));
#1368 = PRODUCT_CONTEXT('',#2,'mechanical');
#1369 = PRODUCT_DEFINITION_CONTEXT('part definition',#2,'design');
#1370 = SHAPE_REPRESENTATION('',(#11,#1371),#1375);
#1371 = AXIS2_PLACEMENT_3D('',#1372,#1373,#1374);
#1372 = CARTESIAN_POINT('',(0.,0.,0.));
#1373 = DIRECTION('',(0.,0.,1.));
#1374 = DIRECTION('',(1.,0.,-0.));
#1375 = ( GEOMETRIC_REPRESENTATION_CONTEXT(3) 
GLOBAL_UNCERTAINTY_ASSIGNED_CONTEXT((#1379)) 
GLOBAL_UNIT_ASSIGNED_CONTEXT((#1376,#1377,#1378)) REPRESENTATION_CONTEXT
('Context #1','3D Context with UNIT and UNCERTAINTY') );
#1376 = ( LENGTH_UNIT() NAMED_UNIT(*) SI_UNIT(.MILLI.,.METRE.) );
#1377 = ( NAMED_UNIT(*) PLANE_ANGLE_UNIT() SI_UNIT($,.RADIAN.) );
#1378 = ( NAMED_UNIT(*) SI_UNIT($,.STERADIAN.) SOLID_ANGLE_UNIT() );
#1379 = UNCERTAINTY_MEASURE_WITH_UNIT(LENGTH_MEASURE(1.E-07),#1376,
  'distance_accuracy_value','confusion accuracy');
#1380 = CONTEXT_DEPENDENT_SHAPE_REPRESENTATION(#1381,#1383);
#1381 = ( REPRESENTATION_RELATIONSHIP('','',#1370,#10) 
REPRESENTATION_RELATIONSHIP_WITH_TRANSFORMATION(#1382) 
SHAPE_REPRESENTATION_RELATIONSHIP() );
#1382 = ITEM_DEFINED_TRANSFORMATION('','',#11,#35);
#1383 = PRODUCT_DEFINITION_SHAPE('Placement','Placement of an item',
  #1384);
#1384 = NEXT_ASSEMBLY_USAGE_OCCURRENCE('9','SW2','',#5,#1365,$);
#1385 = PRODUCT_RELATED_PRODUCT_CATEGORY('part',$,(#1367));
#1386 = SHAPE_DEFINITION_REPRESENTATION(#1387,#1393);
#1387 = PRODUCT_DEFINITION_SHAPE('','',#1388);
#1388 = PRODUCT_DEFINITION('design','',#1389,#1392);
#1389 = PRODUCT_DEFINITION_FORMATION('','',#1390);
#1390 = PRODUCT('PinHeader_1x03_P254mm_Vertical',
  'PinHeader_1x03_P254mm_Vertical','',(#1391));
#1391 = PRODUCT_CONTEXT('',#2,'mechanical');
#1392 = PRODUCT_DEFINITION_CONTEXT('part definition',#2,'design');
#1393 = ADVANCED_BREP_SHAPE_REPRESENTATION('',(#11,#1394),#3500);
#1394 = MANIFOLD_SOLID_BREP('',#1395);
#1395 = CLOSED_SHELL('',(#1396,#1436,#1467,#1498,#1745,#1992,#2009,#2026
    ,#2043,#2060,#2077,#2094,#2111,#2128,#2145,#2162,#2179,#2196,#2213,
    #2230,#2247,#2264,#2276,#2307,#2331,#2355,#2372,#2403,#2427,#2451,
    #2468,#2499,#2523,#2547,#2564,#2595,#2619,#2643,#2660,#2691,#2715,
    #2739,#2756,#2787,#2811,#2835,#2852,#2883,#2907,#2931,#2948,#2979,
    #3003,#3027,#3044,#3075,#3099,#3123,#3140,#3171,#3195,#3219,#3236,
    #3267,#3291,#3315,#3332,#3363,#3387,#3411,#3428,#3440,#3452,#3464,
    #3476,#3488));
#1396 = ADVANCED_FACE('',(#1397),#1431,.F.);
#1397 = FACE_BOUND('',#1398,.F.);
#1398 = EDGE_LOOP('',(#1399,#1409,#1417,#1425));
#1399 = ORIENTED_EDGE('',*,*,#1400,.T.);
#1400 = EDGE_CURVE('',#1401,#1403,#1405,.T.);
#1401 = VERTEX_POINT('',#1402);
#1402 = CARTESIAN_POINT('',(-1.016,1.27,0.));
#1403 = VERTEX_POINT('',#1404);
#1404 = CARTESIAN_POINT('',(-1.016,1.27,2.54));
#1405 = LINE('',#1406,#1407);
#1406 = CARTESIAN_POINT('',(-1.016,1.27,0.));
#1407 = VECTOR('',#1408,1.);
#1408 = DIRECTION('',(0.,0.,1.));
#1409 = ORIENTED_EDGE('',*,*,#1410,.T.);
#1410 = EDGE_CURVE('',#1403,#1411,#1413,.T.);
#1411 = VERTEX_POINT('',#1412);
#1412 = CARTESIAN_POINT('',(-1.27,1.016,2.54));
#1413 = LINE('',#1414,#1415);
#1414 = CARTESIAN_POINT('',(-1.016,1.27,2.54));
#1415 = VECTOR('',#1416,1.);
#1416 = DIRECTION('',(-0.707106781187,-0.707106781187,0.));
#1417 = ORIENTED_EDGE('',*,*,#1418,.F.);
#1418 = EDGE_CURVE('',#1419,#1411,#1421,.T.);
#1419 = VERTEX_POINT('',#1420);
#1420 = CARTESIAN_POINT('',(-1.27,1.016,0.));
#1421 = LINE('',#1422,#1423);
#1422 = CARTESIAN_POINT('',(-1.27,1.016,0.));
#1423 = VECTOR('',#1424,1.);
#1424 = DIRECTION('',(0.,0.,1.));
#1425 = ORIENTED_EDGE('',*,*,#1426,.F.);
#1426 = EDGE_CURVE('',#1401,#1419,#1427,.T.);
#1427 = LINE('',#1428,#1429);
#1428 = CARTESIAN_POINT('',(-1.016,1.27,0.));
#1429 = VECTOR('',#1430,1.);
#1430 = DIRECTION('',(-0.707106781187,-0.707106781187,0.));
#1431 = PLANE('',#1432);
#1432 = AXIS2_PLACEMENT_3D('',#1433,#1434,#1435);
#1433 = CARTESIAN_POINT('',(-1.016,1.27,0.));
#1434 = DIRECTION('',(0.707106781187,-0.707106781187,0.));
#1435 = DIRECTION('',(-0.707106781187,-0.707106781187,0.));
#1436 = ADVANCED_FACE('',(#1437),#1462,.F.);
#1437 = FACE_BOUND('',#1438,.F.);
#1438 = EDGE_LOOP('',(#1439,#1449,#1455,#1456));
#1439 = ORIENTED_EDGE('',*,*,#1440,.T.);
#1440 = EDGE_CURVE('',#1441,#1443,#1445,.T.);
#1441 = VERTEX_POINT('',#1442);
#1442 = CARTESIAN_POINT('',(1.016,1.27,0.));
#1443 = VERTEX_POINT('',#1444);
#1444 = CARTESIAN_POINT('',(1.016,1.27,2.54));
#1445 = LINE('',#1446,#1447);
#1446 = CARTESIAN_POINT('',(1.016,1.27,0.));
#1447 = VECTOR('',#1448,1.);
#1448 = DIRECTION('',(0.,0.,1.));
#1449 = ORIENTED_EDGE('',*,*,#1450,.T.);
#1450 = EDGE_CURVE('',#1443,#1403,#1451,.T.);
#1451 = LINE('',#1452,#1453);
#1452 = CARTESIAN_POINT('',(1.016,1.27,2.54));
#1453 = VECTOR('',#1454,1.);
#1454 = DIRECTION('',(-1.,0.,0.));
#1455 = ORIENTED_EDGE('',*,*,#1400,.F.);
#1456 = ORIENTED_EDGE('',*,*,#1457,.F.);
#1457 = EDGE_CURVE('',#1441,#1401,#1458,.T.);
#1458 = LINE('',#1459,#1460);
#1459 = CARTESIAN_POINT('',(1.016,1.27,0.));
#1460 = VECTOR('',#1461,1.);
#1461 = DIRECTION('',(-1.,0.,0.));
#1462 = PLANE('',#1463);
#1463 = AXIS2_PLACEMENT_3D('',#1464,#1465,#1466);
#1464 = CARTESIAN_POINT('',(1.016,1.27,0.));
#1465 = DIRECTION('',(0.,-1.,0.));
#1466 = DIRECTION('',(-1.,0.,0.));
#1467 = ADVANCED_FACE('',(#1468),#1493,.F.);
#1468 = FACE_BOUND('',#1469,.F.);
#1469 = EDGE_LOOP('',(#1470,#1471,#1479,#1487));
#1470 = ORIENTED_EDGE('',*,*,#1418,.T.);
#1471 = ORIENTED_EDGE('',*,*,#1472,.T.);
#1472 = EDGE_CURVE('',#1411,#1473,#1475,.T.);
#1473 = VERTEX_POINT('',#1474);
#1474 = CARTESIAN_POINT('',(-1.27,-1.016,2.54));
#1475 = LINE('',#1476,#1477);
#1476 = CARTESIAN_POINT('',(-1.27,1.016,2.54));
#1477 = VECTOR('',#1478,1.);
#1478 = DIRECTION('',(0.,-1.,0.));
#1479 = ORIENTED_EDGE('',*,*,#1480,.F.);
#1480 = EDGE_CURVE('',#1481,#1473,#1483,.T.);
#1481 = VERTEX_POINT('',#1482);
#1482 = CARTESIAN_POINT('',(-1.27,-1.016,0.));
#1483 = LINE('',#1484,#1485);
#1484 = CARTESIAN_POINT('',(-1.27,-1.016,0.));
#1485 = VECTOR('',#1486,1.);
#1486 = DIRECTION('',(0.,0.,1.));
#1487 = ORIENTED_EDGE('',*,*,#1488,.F.);
#1488 = EDGE_CURVE('',#1419,#1481,#1489,.T.);
#1489 = LINE('',#1490,#1491);
#1490 = CARTESIAN_POINT('',(-1.27,1.016,0.));
#1491 = VECTOR('',#1492,1.);
#1492 = DIRECTION('',(0.,-1.,0.));
#1493 = PLANE('',#1494);
#1494 = AXIS2_PLACEMENT_3D('',#1495,#1496,#1497);
#1495 = CARTESIAN_POINT('',(-1.27,1.016,0.));
#1496 = DIRECTION('',(1.,0.,0.));
#1497 = DIRECTION('',(0.,-1.,0.));
#1498 = ADVANCED_FACE('',(#1499,#1638,#1672,#1706),#1740,.F.);
#1499 = FACE_BOUND('',#1500,.F.);
#1500 = EDGE_LOOP('',(#1501,#1502,#1503,#1511,#1519,#1527,#1535,#1543,
    #1551,#1559,#1567,#1575,#1583,#1591,#1599,#1607,#1615,#1623,#1631,
    #1637));
#1501 = ORIENTED_EDGE('',*,*,#1426,.T.);
#1502 = ORIENTED_EDGE('',*,*,#1488,.T.);
#1503 = ORIENTED_EDGE('',*,*,#1504,.T.);
#1504 = EDGE_CURVE('',#1481,#1505,#1507,.T.);
#1505 = VERTEX_POINT('',#1506);
#1506 = CARTESIAN_POINT('',(-1.016,-1.27,0.));
#1507 = LINE('',#1508,#1509);
#1508 = CARTESIAN_POINT('',(-1.27,-1.016,0.));
#1509 = VECTOR('',#1510,1.);
#1510 = DIRECTION('',(0.707106781187,-0.707106781187,0.));
#1511 = ORIENTED_EDGE('',*,*,#1512,.T.);
#1512 = EDGE_CURVE('',#1505,#1513,#1515,.T.);
#1513 = VERTEX_POINT('',#1514);
#1514 = CARTESIAN_POINT('',(-1.27,-1.524,0.));
#1515 = LINE('',#1516,#1517);
#1516 = CARTESIAN_POINT('',(-1.016,-1.27,0.));
#1517 = VECTOR('',#1518,1.);
#1518 = DIRECTION('',(-0.707106781187,-0.707106781187,0.));
#1519 = ORIENTED_EDGE('',*,*,#1520,.T.);
#1520 = EDGE_CURVE('',#1513,#1521,#1523,.T.);
#1521 = VERTEX_POINT('',#1522);
#1522 = CARTESIAN_POINT('',(-1.27,-3.556,0.));
#1523 = LINE('',#1524,#1525);
#1524 = CARTESIAN_POINT('',(-1.27,-1.524,0.));
#1525 = VECTOR('',#1526,1.);
#1526 = DIRECTION('',(0.,-1.,0.));
#1527 = ORIENTED_EDGE('',*,*,#1528,.T.);
#1528 = EDGE_CURVE('',#1521,#1529,#1531,.T.);
#1529 = VERTEX_POINT('',#1530);
#1530 = CARTESIAN_POINT('',(-1.016,-3.81,0.));
#1531 = LINE('',#1532,#1533);
#1532 = CARTESIAN_POINT('',(-1.27,-3.556,0.));
#1533 = VECTOR('',#1534,1.);
#1534 = DIRECTION('',(0.707106781187,-0.707106781187,0.));
#1535 = ORIENTED_EDGE('',*,*,#1536,.T.);
#1536 = EDGE_CURVE('',#1529,#1537,#1539,.T.);
#1537 = VERTEX_POINT('',#1538);
#1538 = CARTESIAN_POINT('',(-1.27,-4.064,0.));
#1539 = LINE('',#1540,#1541);
#1540 = CARTESIAN_POINT('',(-1.016,-3.81,0.));
#1541 = VECTOR('',#1542,1.);
#1542 = DIRECTION('',(-0.707106781187,-0.707106781187,0.));
#1543 = ORIENTED_EDGE('',*,*,#1544,.T.);
#1544 = EDGE_CURVE('',#1537,#1545,#1547,.T.);
#1545 = VERTEX_POINT('',#1546);
#1546 = CARTESIAN_POINT('',(-1.27,-6.096,0.));
#1547 = LINE('',#1548,#1549);
#1548 = CARTESIAN_POINT('',(-1.27,-4.064,0.));
#1549 = VECTOR('',#1550,1.);
#1550 = DIRECTION('',(0.,-1.,0.));
#1551 = ORIENTED_EDGE('',*,*,#1552,.T.);
#1552 = EDGE_CURVE('',#1545,#1553,#1555,.T.);
#1553 = VERTEX_POINT('',#1554);
#1554 = CARTESIAN_POINT('',(-1.016,-6.35,0.));
#1555 = LINE('',#1556,#1557);
#1556 = CARTESIAN_POINT('',(-1.27,-6.096,0.));
#1557 = VECTOR('',#1558,1.);
#1558 = DIRECTION('',(0.707106781187,-0.707106781187,0.));
#1559 = ORIENTED_EDGE('',*,*,#1560,.T.);
#1560 = EDGE_CURVE('',#1553,#1561,#1563,.T.);
#1561 = VERTEX_POINT('',#1562);
#1562 = CARTESIAN_POINT('',(1.016,-6.35,0.));
#1563 = LINE('',#1564,#1565);
#1564 = CARTESIAN_POINT('',(-1.016,-6.35,0.));
#1565 = VECTOR('',#1566,1.);
#1566 = DIRECTION('',(1.,0.,0.));
#1567 = ORIENTED_EDGE('',*,*,#1568,.T.);
#1568 = EDGE_CURVE('',#1561,#1569,#1571,.T.);
#1569 = VERTEX_POINT('',#1570);
#1570 = CARTESIAN_POINT('',(1.27,-6.096,0.));
#1571 = LINE('',#1572,#1573);
#1572 = CARTESIAN_POINT('',(1.016,-6.35,0.));
#1573 = VECTOR('',#1574,1.);
#1574 = DIRECTION('',(0.707106781187,0.707106781187,0.));
#1575 = ORIENTED_EDGE('',*,*,#1576,.T.);
#1576 = EDGE_CURVE('',#1569,#1577,#1579,.T.);
#1577 = VERTEX_POINT('',#1578);
#1578 = CARTESIAN_POINT('',(1.27,-4.064,0.));
#1579 = LINE('',#1580,#1581);
#1580 = CARTESIAN_POINT('',(1.27,-6.096,0.));
#1581 = VECTOR('',#1582,1.);
#1582 = DIRECTION('',(0.,1.,0.));
#1583 = ORIENTED_EDGE('',*,*,#1584,.T.);
#1584 = EDGE_CURVE('',#1577,#1585,#1587,.T.);
#1585 = VERTEX_POINT('',#1586);
#1586 = CARTESIAN_POINT('',(1.016,-3.81,0.));
#1587 = LINE('',#1588,#1589);
#1588 = CARTESIAN_POINT('',(1.27,-4.064,0.));
#1589 = VECTOR('',#1590,1.);
#1590 = DIRECTION('',(-0.707106781187,0.707106781187,0.));
#1591 = ORIENTED_EDGE('',*,*,#1592,.T.);
#1592 = EDGE_CURVE('',#1585,#1593,#1595,.T.);
#1593 = VERTEX_POINT('',#1594);
#1594 = CARTESIAN_POINT('',(1.27,-3.556,0.));
#1595 = LINE('',#1596,#1597);
#1596 = CARTESIAN_POINT('',(1.016,-3.81,0.));
#1597 = VECTOR('',#1598,1.);
#1598 = DIRECTION('',(0.707106781187,0.707106781187,0.));
#1599 = ORIENTED_EDGE('',*,*,#1600,.T.);
#1600 = EDGE_CURVE('',#1593,#1601,#1603,.T.);
#1601 = VERTEX_POINT('',#1602);
#1602 = CARTESIAN_POINT('',(1.27,-1.524,0.));
#1603 = LINE('',#1604,#1605);
#1604 = CARTESIAN_POINT('',(1.27,-3.556,0.));
#1605 = VECTOR('',#1606,1.);
#1606 = DIRECTION('',(0.,1.,0.));
#1607 = ORIENTED_EDGE('',*,*,#1608,.T.);
#1608 = EDGE_CURVE('',#1601,#1609,#1611,.T.);
#1609 = VERTEX_POINT('',#1610);
#1610 = CARTESIAN_POINT('',(1.016,-1.27,0.));
#1611 = LINE('',#1612,#1613);
#1612 = CARTESIAN_POINT('',(1.27,-1.524,0.));
#1613 = VECTOR('',#1614,1.);
#1614 = DIRECTION('',(-0.707106781187,0.707106781187,0.));
#1615 = ORIENTED_EDGE('',*,*,#1616,.T.);
#1616 = EDGE_CURVE('',#1609,#1617,#1619,.T.);
#1617 = VERTEX_POINT('',#1618);
#1618 = CARTESIAN_POINT('',(1.27,-1.016,0.));
#1619 = LINE('',#1620,#1621);
#1620 = CARTESIAN_POINT('',(1.016,-1.27,0.));
#1621 = VECTOR('',#1622,1.);
#1622 = DIRECTION('',(0.707106781187,0.707106781187,0.));
#1623 = ORIENTED_EDGE('',*,*,#1624,.T.);
#1624 = EDGE_CURVE('',#1617,#1625,#1627,.T.);
#1625 = VERTEX_POINT('',#1626);
#1626 = CARTESIAN_POINT('',(1.27,1.016,0.));
#1627 = LINE('',#1628,#1629);
#1628 = CARTESIAN_POINT('',(1.27,-1.016,0.));
#1629 = VECTOR('',#1630,1.);
#1630 = DIRECTION('',(0.,1.,0.));
#1631 = ORIENTED_EDGE('',*,*,#1632,.T.);
#1632 = EDGE_CURVE('',#1625,#1441,#1633,.T.);
#1633 = LINE('',#1634,#1635);
#1634 = CARTESIAN_POINT('',(1.27,1.016,0.));
#1635 = VECTOR('',#1636,1.);
#1636 = DIRECTION('',(-0.707106781187,0.707106781187,0.));
#1637 = ORIENTED_EDGE('',*,*,#1457,.T.);
#1638 = FACE_BOUND('',#1639,.F.);
#1639 = EDGE_LOOP('',(#1640,#1650,#1658,#1666));
#1640 = ORIENTED_EDGE('',*,*,#1641,.F.);
#1641 = EDGE_CURVE('',#1642,#1644,#1646,.T.);
#1642 = VERTEX_POINT('',#1643);
#1643 = CARTESIAN_POINT('',(0.32,-0.32,0.));
#1644 = VERTEX_POINT('',#1645);
#1645 = CARTESIAN_POINT('',(0.32,0.32,0.));
#1646 = LINE('',#1647,#1648);
#1647 = CARTESIAN_POINT('',(0.32,-1.43,0.));
#1648 = VECTOR('',#1649,1.);
#1649 = DIRECTION('',(0.,1.,0.));
#1650 = ORIENTED_EDGE('',*,*,#1651,.T.);
#1651 = EDGE_CURVE('',#1642,#1652,#1654,.T.);
#1652 = VERTEX_POINT('',#1653);
#1653 = CARTESIAN_POINT('',(-0.32,-0.32,0.));
#1654 = LINE('',#1655,#1656);
#1655 = CARTESIAN_POINT('',(-0.16,-0.32,0.));
#1656 = VECTOR('',#1657,1.);
#1657 = DIRECTION('',(-1.,0.,0.));
#1658 = ORIENTED_EDGE('',*,*,#1659,.T.);
#1659 = EDGE_CURVE('',#1652,#1660,#1662,.T.);
#1660 = VERTEX_POINT('',#1661);
#1661 = CARTESIAN_POINT('',(-0.32,0.32,0.));
#1662 = LINE('',#1663,#1664);
#1663 = CARTESIAN_POINT('',(-0.32,-1.43,0.));
#1664 = VECTOR('',#1665,1.);
#1665 = DIRECTION('',(0.,1.,0.));
#1666 = ORIENTED_EDGE('',*,*,#1667,.F.);
#1667 = EDGE_CURVE('',#1644,#1660,#1668,.T.);
#1668 = LINE('',#1669,#1670);
#1669 = CARTESIAN_POINT('',(-0.16,0.32,0.));
#1670 = VECTOR('',#1671,1.);
#1671 = DIRECTION('',(-1.,0.,0.));
#1672 = FACE_BOUND('',#1673,.F.);
#1673 = EDGE_LOOP('',(#1674,#1684,#1692,#1700));
#1674 = ORIENTED_EDGE('',*,*,#1675,.T.);
#1675 = EDGE_CURVE('',#1676,#1678,#1680,.T.);
#1676 = VERTEX_POINT('',#1677);
#1677 = CARTESIAN_POINT('',(0.32,-2.86,0.));
#1678 = VERTEX_POINT('',#1679);
#1679 = CARTESIAN_POINT('',(-0.32,-2.86,0.));
#1680 = LINE('',#1681,#1682);
#1681 = CARTESIAN_POINT('',(-0.16,-2.86,0.));
#1682 = VECTOR('',#1683,1.);
#1683 = DIRECTION('',(-1.,0.,0.));
#1684 = ORIENTED_EDGE('',*,*,#1685,.T.);
#1685 = EDGE_CURVE('',#1678,#1686,#1688,.T.);
#1686 = VERTEX_POINT('',#1687);
#1687 = CARTESIAN_POINT('',(-0.32,-2.22,0.));
#1688 = LINE('',#1689,#1690);
#1689 = CARTESIAN_POINT('',(-0.32,-2.7,0.));
#1690 = VECTOR('',#1691,1.);
#1691 = DIRECTION('',(0.,1.,0.));
#1692 = ORIENTED_EDGE('',*,*,#1693,.F.);
#1693 = EDGE_CURVE('',#1694,#1686,#1696,.T.);
#1694 = VERTEX_POINT('',#1695);
#1695 = CARTESIAN_POINT('',(0.32,-2.22,0.));
#1696 = LINE('',#1697,#1698);
#1697 = CARTESIAN_POINT('',(-0.16,-2.22,0.));
#1698 = VECTOR('',#1699,1.);
#1699 = DIRECTION('',(-1.,0.,0.));
#1700 = ORIENTED_EDGE('',*,*,#1701,.F.);
#1701 = EDGE_CURVE('',#1676,#1694,#1702,.T.);
#1702 = LINE('',#1703,#1704);
#1703 = CARTESIAN_POINT('',(0.32,-2.7,0.));
#1704 = VECTOR('',#1705,1.);
#1705 = DIRECTION('',(0.,1.,0.));
#1706 = FACE_BOUND('',#1707,.F.);
#1707 = EDGE_LOOP('',(#1708,#1718,#1726,#1734));
#1708 = ORIENTED_EDGE('',*,*,#1709,.F.);
#1709 = EDGE_CURVE('',#1710,#1712,#1714,.T.);
#1710 = VERTEX_POINT('',#1711);
#1711 = CARTESIAN_POINT('',(0.32,-4.76,0.));
#1712 = VERTEX_POINT('',#1713);
#1713 = CARTESIAN_POINT('',(-0.32,-4.76,0.));
#1714 = LINE('',#1715,#1716);
#1715 = CARTESIAN_POINT('',(-0.16,-4.76,0.));
#1716 = VECTOR('',#1717,1.);
#1717 = DIRECTION('',(-1.,0.,0.));
#1718 = ORIENTED_EDGE('',*,*,#1719,.F.);
#1719 = EDGE_CURVE('',#1720,#1710,#1722,.T.);
#1720 = VERTEX_POINT('',#1721);
#1721 = CARTESIAN_POINT('',(0.32,-5.4,0.));
#1722 = LINE('',#1723,#1724);
#1723 = CARTESIAN_POINT('',(0.32,-3.97,0.));
#1724 = VECTOR('',#1725,1.);
#1725 = DIRECTION('',(0.,1.,0.));
#1726 = ORIENTED_EDGE('',*,*,#1727,.T.);
#1727 = EDGE_CURVE('',#1720,#1728,#1730,.T.);
#1728 = VERTEX_POINT('',#1729);
#1729 = CARTESIAN_POINT('',(-0.32,-5.4,0.));
#1730 = LINE('',#1731,#1732);
#1731 = CARTESIAN_POINT('',(-0.16,-5.4,0.));
#1732 = VECTOR('',#1733,1.);
#1733 = DIRECTION('',(-1.,0.,0.));
#1734 = ORIENTED_EDGE('',*,*,#1735,.T.);
#1735 = EDGE_CURVE('',#1728,#1712,#1736,.T.);
#1736 = LINE('',#1737,#1738);
#1737 = CARTESIAN_POINT('',(-0.32,-3.97,0.));
#1738 = VECTOR('',#1739,1.);
#1739 = DIRECTION('',(0.,1.,0.));
#1740 = PLANE('',#1741);
#1741 = AXIS2_PLACEMENT_3D('',#1742,#1743,#1744);
#1742 = CARTESIAN_POINT('',(5.398204781459E-17,-2.54,0.));
#1743 = DIRECTION('',(0.,0.,1.));
#1744 = DIRECTION('',(1.,0.,-0.));
#1745 = ADVANCED_FACE('',(#1746,#1885,#1919,#1953),#1987,.T.);
#1746 = FACE_BOUND('',#1747,.T.);
#1747 = EDGE_LOOP('',(#1748,#1749,#1750,#1758,#1766,#1774,#1782,#1790,
    #1798,#1806,#1814,#1822,#1830,#1838,#1846,#1854,#1862,#1870,#1878,
    #1884));
#1748 = ORIENTED_EDGE('',*,*,#1410,.T.);
#1749 = ORIENTED_EDGE('',*,*,#1472,.T.);
#1750 = ORIENTED_EDGE('',*,*,#1751,.T.);
#1751 = EDGE_CURVE('',#1473,#1752,#1754,.T.);
#1752 = VERTEX_POINT('',#1753);
#1753 = CARTESIAN_POINT('',(-1.016,-1.27,2.54));
#1754 = LINE('',#1755,#1756);
#1755 = CARTESIAN_POINT('',(-1.27,-1.016,2.54));
#1756 = VECTOR('',#1757,1.);
#1757 = DIRECTION('',(0.707106781187,-0.707106781187,0.));
#1758 = ORIENTED_EDGE('',*,*,#1759,.T.);
#1759 = EDGE_CURVE('',#1752,#1760,#1762,.T.);
#1760 = VERTEX_POINT('',#1761);
#1761 = CARTESIAN_POINT('',(-1.27,-1.524,2.54));
#1762 = LINE('',#1763,#1764);
#1763 = CARTESIAN_POINT('',(-1.016,-1.27,2.54));
#1764 = VECTOR('',#1765,1.);
#1765 = DIRECTION('',(-0.707106781187,-0.707106781187,0.));
#1766 = ORIENTED_EDGE('',*,*,#1767,.T.);
#1767 = EDGE_CURVE('',#1760,#1768,#1770,.T.);
#1768 = VERTEX_POINT('',#1769);
#1769 = CARTESIAN_POINT('',(-1.27,-3.556,2.54));
#1770 = LINE('',#1771,#1772);
#1771 = CARTESIAN_POINT('',(-1.27,-1.524,2.54));
#1772 = VECTOR('',#1773,1.);
#1773 = DIRECTION('',(0.,-1.,0.));
#1774 = ORIENTED_EDGE('',*,*,#1775,.T.);
#1775 = EDGE_CURVE('',#1768,#1776,#1778,.T.);
#1776 = VERTEX_POINT('',#1777);
#1777 = CARTESIAN_POINT('',(-1.016,-3.81,2.54));
#1778 = LINE('',#1779,#1780);
#1779 = CARTESIAN_POINT('',(-1.27,-3.556,2.54));
#1780 = VECTOR('',#1781,1.);
#1781 = DIRECTION('',(0.707106781187,-0.707106781187,0.));
#1782 = ORIENTED_EDGE('',*,*,#1783,.T.);
#1783 = EDGE_CURVE('',#1776,#1784,#1786,.T.);
#1784 = VERTEX_POINT('',#1785);
#1785 = CARTESIAN_POINT('',(-1.27,-4.064,2.54));
#1786 = LINE('',#1787,#1788);
#1787 = CARTESIAN_POINT('',(-1.016,-3.81,2.54));
#1788 = VECTOR('',#1789,1.);
#1789 = DIRECTION('',(-0.707106781187,-0.707106781187,0.));
#1790 = ORIENTED_EDGE('',*,*,#1791,.T.);
#1791 = EDGE_CURVE('',#1784,#1792,#1794,.T.);
#1792 = VERTEX_POINT('',#1793);
#1793 = CARTESIAN_POINT('',(-1.27,-6.096,2.54));
#1794 = LINE('',#1795,#1796);
#1795 = CARTESIAN_POINT('',(-1.27,-4.064,2.54));
#1796 = VECTOR('',#1797,1.);
#1797 = DIRECTION('',(0.,-1.,0.));
#1798 = ORIENTED_EDGE('',*,*,#1799,.T.);
#1799 = EDGE_CURVE('',#1792,#1800,#1802,.T.);
#1800 = VERTEX_POINT('',#1801);
#1801 = CARTESIAN_POINT('',(-1.016,-6.35,2.54));
#1802 = LINE('',#1803,#1804);
#1803 = CARTESIAN_POINT('',(-1.27,-6.096,2.54));
#1804 = VECTOR('',#1805,1.);
#1805 = DIRECTION('',(0.707106781187,-0.707106781187,0.));
#1806 = ORIENTED_EDGE('',*,*,#1807,.T.);
#1807 = EDGE_CURVE('',#1800,#1808,#1810,.T.);
#1808 = VERTEX_POINT('',#1809);
#1809 = CARTESIAN_POINT('',(1.016,-6.35,2.54));
#1810 = LINE('',#1811,#1812);
#1811 = CARTESIAN_POINT('',(-1.016,-6.35,2.54));
#1812 = VECTOR('',#1813,1.);
#1813 = DIRECTION('',(1.,0.,0.));
#1814 = ORIENTED_EDGE('',*,*,#1815,.T.);
#1815 = EDGE_CURVE('',#1808,#1816,#1818,.T.);
#1816 = VERTEX_POINT('',#1817);
#1817 = CARTESIAN_POINT('',(1.27,-6.096,2.54));
#1818 = LINE('',#1819,#1820);
#1819 = CARTESIAN_POINT('',(1.016,-6.35,2.54));
#1820 = VECTOR('',#1821,1.);
#1821 = DIRECTION('',(0.707106781187,0.707106781187,0.));
#1822 = ORIENTED_EDGE('',*,*,#1823,.T.);
#1823 = EDGE_CURVE('',#1816,#1824,#1826,.T.);
#1824 = VERTEX_POINT('',#1825);
#1825 = CARTESIAN_POINT('',(1.27,-4.064,2.54));
#1826 = LINE('',#1827,#1828);
#1827 = CARTESIAN_POINT('',(1.27,-6.096,2.54));
#1828 = VECTOR('',#1829,1.);
#1829 = DIRECTION('',(0.,1.,0.));
#1830 = ORIENTED_EDGE('',*,*,#1831,.T.);
#1831 = EDGE_CURVE('',#1824,#1832,#1834,.T.);
#1832 = VERTEX_POINT('',#1833);
#1833 = CARTESIAN_POINT('',(1.016,-3.81,2.54));
#1834 = LINE('',#1835,#1836);
#1835 = CARTESIAN_POINT('',(1.27,-4.064,2.54));
#1836 = VECTOR('',#1837,1.);
#1837 = DIRECTION('',(-0.707106781187,0.707106781187,0.));
#1838 = ORIENTED_EDGE('',*,*,#1839,.T.);
#1839 = EDGE_CURVE('',#1832,#1840,#1842,.T.);
#1840 = VERTEX_POINT('',#1841);
#1841 = CARTESIAN_POINT('',(1.27,-3.556,2.54));
#1842 = LINE('',#1843,#1844);
#1843 = CARTESIAN_POINT('',(1.016,-3.81,2.54));
#1844 = VECTOR('',#1845,1.);
#1845 = DIRECTION('',(0.707106781187,0.707106781187,0.));
#1846 = ORIENTED_EDGE('',*,*,#1847,.T.);
#1847 = EDGE_CURVE('',#1840,#1848,#1850,.T.);
#1848 = VERTEX_POINT('',#1849);
#1849 = CARTESIAN_POINT('',(1.27,-1.524,2.54));
#1850 = LINE('',#1851,#1852);
#1851 = CARTESIAN_POINT('',(1.27,-3.556,2.54));
#1852 = VECTOR('',#1853,1.);
#1853 = DIRECTION('',(0.,1.,0.));
#1854 = ORIENTED_EDGE('',*,*,#1855,.T.);
#1855 = EDGE_CURVE('',#1848,#1856,#1858,.T.);
#1856 = VERTEX_POINT('',#1857);
#1857 = CARTESIAN_POINT('',(1.016,-1.27,2.54));
#1858 = LINE('',#1859,#1860);
#1859 = CARTESIAN_POINT('',(1.27,-1.524,2.54));
#1860 = VECTOR('',#1861,1.);
#1861 = DIRECTION('',(-0.707106781187,0.707106781187,0.));
#1862 = ORIENTED_EDGE('',*,*,#1863,.T.);
#1863 = EDGE_CURVE('',#1856,#1864,#1866,.T.);
#1864 = VERTEX_POINT('',#1865);
#1865 = CARTESIAN_POINT('',(1.27,-1.016,2.54));
#1866 = LINE('',#1867,#1868);
#1867 = CARTESIAN_POINT('',(1.016,-1.27,2.54));
#1868 = VECTOR('',#1869,1.);
#1869 = DIRECTION('',(0.707106781187,0.707106781187,0.));
#1870 = ORIENTED_EDGE('',*,*,#1871,.T.);
#1871 = EDGE_CURVE('',#1864,#1872,#1874,.T.);
#1872 = VERTEX_POINT('',#1873);
#1873 = CARTESIAN_POINT('',(1.27,1.016,2.54));
#1874 = LINE('',#1875,#1876);
#1875 = CARTESIAN_POINT('',(1.27,-1.016,2.54));
#1876 = VECTOR('',#1877,1.);
#1877 = DIRECTION('',(0.,1.,0.));
#1878 = ORIENTED_EDGE('',*,*,#1879,.T.);
#1879 = EDGE_CURVE('',#1872,#1443,#1880,.T.);
#1880 = LINE('',#1881,#1882);
#1881 = CARTESIAN_POINT('',(1.27,1.016,2.54));
#1882 = VECTOR('',#1883,1.);
#1883 = DIRECTION('',(-0.707106781187,0.707106781187,0.));
#1884 = ORIENTED_EDGE('',*,*,#1450,.T.);
#1885 = FACE_BOUND('',#1886,.T.);
#1886 = EDGE_LOOP('',(#1887,#1897,#1905,#1913));
#1887 = ORIENTED_EDGE('',*,*,#1888,.F.);
#1888 = EDGE_CURVE('',#1889,#1891,#1893,.T.);
#1889 = VERTEX_POINT('',#1890);
#1890 = CARTESIAN_POINT('',(0.32,-0.32,2.54));
#1891 = VERTEX_POINT('',#1892);
#1892 = CARTESIAN_POINT('',(0.32,0.32,2.54));
#1893 = LINE('',#1894,#1895);
#1894 = CARTESIAN_POINT('',(0.32,-1.43,2.54));
#1895 = VECTOR('',#1896,1.);
#1896 = DIRECTION('',(0.,1.,0.));
#1897 = ORIENTED_EDGE('',*,*,#1898,.T.);
#1898 = EDGE_CURVE('',#1889,#1899,#1901,.T.);
#1899 = VERTEX_POINT('',#1900);
#1900 = CARTESIAN_POINT('',(-0.32,-0.32,2.54));
#1901 = LINE('',#1902,#1903);
#1902 = CARTESIAN_POINT('',(-0.16,-0.32,2.54));
#1903 = VECTOR('',#1904,1.);
#1904 = DIRECTION('',(-1.,0.,0.));
#1905 = ORIENTED_EDGE('',*,*,#1906,.T.);
#1906 = EDGE_CURVE('',#1899,#1907,#1909,.T.);
#1907 = VERTEX_POINT('',#1908);
#1908 = CARTESIAN_POINT('',(-0.32,0.32,2.54));
#1909 = LINE('',#1910,#1911);
#1910 = CARTESIAN_POINT('',(-0.32,-1.43,2.54));
#1911 = VECTOR('',#1912,1.);
#1912 = DIRECTION('',(0.,1.,0.));
#1913 = ORIENTED_EDGE('',*,*,#1914,.F.);
#1914 = EDGE_CURVE('',#1891,#1907,#1915,.T.);
#1915 = LINE('',#1916,#1917);
#1916 = CARTESIAN_POINT('',(-0.16,0.32,2.54));
#1917 = VECTOR('',#1918,1.);
#1918 = DIRECTION('',(-1.,0.,0.));
#1919 = FACE_BOUND('',#1920,.T.);
#1920 = EDGE_LOOP('',(#1921,#1931,#1939,#1947));
#1921 = ORIENTED_EDGE('',*,*,#1922,.T.);
#1922 = EDGE_CURVE('',#1923,#1925,#1927,.T.);
#1923 = VERTEX_POINT('',#1924);
#1924 = CARTESIAN_POINT('',(0.32,-2.86,2.54));
#1925 = VERTEX_POINT('',#1926);
#1926 = CARTESIAN_POINT('',(-0.32,-2.86,2.54));
#1927 = LINE('',#1928,#1929);
#1928 = CARTESIAN_POINT('',(-0.16,-2.86,2.54));
#1929 = VECTOR('',#1930,1.);
#1930 = DIRECTION('',(-1.,0.,0.));
#1931 = ORIENTED_EDGE('',*,*,#1932,.T.);
#1932 = EDGE_CURVE('',#1925,#1933,#1935,.T.);
#1933 = VERTEX_POINT('',#1934);
#1934 = CARTESIAN_POINT('',(-0.32,-2.22,2.54));
#1935 = LINE('',#1936,#1937);
#1936 = CARTESIAN_POINT('',(-0.32,-2.7,2.54));
#1937 = VECTOR('',#1938,1.);
#1938 = DIRECTION('',(0.,1.,0.));
#1939 = ORIENTED_EDGE('',*,*,#1940,.F.);
#1940 = EDGE_CURVE('',#1941,#1933,#1943,.T.);
#1941 = VERTEX_POINT('',#1942);
#1942 = CARTESIAN_POINT('',(0.32,-2.22,2.54));
#1943 = LINE('',#1944,#1945);
#1944 = CARTESIAN_POINT('',(-0.16,-2.22,2.54));
#1945 = VECTOR('',#1946,1.);
#1946 = DIRECTION('',(-1.,0.,0.));
#1947 = ORIENTED_EDGE('',*,*,#1948,.F.);
#1948 = EDGE_CURVE('',#1923,#1941,#1949,.T.);
#1949 = LINE('',#1950,#1951);
#1950 = CARTESIAN_POINT('',(0.32,-2.7,2.54));
#1951 = VECTOR('',#1952,1.);
#1952 = DIRECTION('',(0.,1.,0.));
#1953 = FACE_BOUND('',#1954,.T.);
#1954 = EDGE_LOOP('',(#1955,#1965,#1973,#1981));
#1955 = ORIENTED_EDGE('',*,*,#1956,.F.);
#1956 = EDGE_CURVE('',#1957,#1959,#1961,.T.);
#1957 = VERTEX_POINT('',#1958);
#1958 = CARTESIAN_POINT('',(0.32,-4.76,2.54));
#1959 = VERTEX_POINT('',#1960);
#1960 = CARTESIAN_POINT('',(-0.32,-4.76,2.54));
#1961 = LINE('',#1962,#1963);
#1962 = CARTESIAN_POINT('',(-0.16,-4.76,2.54));
#1963 = VECTOR('',#1964,1.);
#1964 = DIRECTION('',(-1.,0.,0.));
#1965 = ORIENTED_EDGE('',*,*,#1966,.F.);
#1966 = EDGE_CURVE('',#1967,#1957,#1969,.T.);
#1967 = VERTEX_POINT('',#1968);
#1968 = CARTESIAN_POINT('',(0.32,-5.4,2.54));
#1969 = LINE('',#1970,#1971);
#1970 = CARTESIAN_POINT('',(0.32,-3.97,2.54));
#1971 = VECTOR('',#1972,1.);
#1972 = DIRECTION('',(0.,1.,0.));
#1973 = ORIENTED_EDGE('',*,*,#1974,.T.);
#1974 = EDGE_CURVE('',#1967,#1975,#1977,.T.);
#1975 = VERTEX_POINT('',#1976);
#1976 = CARTESIAN_POINT('',(-0.32,-5.4,2.54));
#1977 = LINE('',#1978,#1979);
#1978 = CARTESIAN_POINT('',(-0.16,-5.4,2.54));
#1979 = VECTOR('',#1980,1.);
#1980 = DIRECTION('',(-1.,0.,0.));
#1981 = ORIENTED_EDGE('',*,*,#1982,.T.);
#1982 = EDGE_CURVE('',#1975,#1959,#1983,.T.);
#1983 = LINE('',#1984,#1985);
#1984 = CARTESIAN_POINT('',(-0.32,-3.97,2.54));
#1985 = VECTOR('',#1986,1.);
#1986 = DIRECTION('',(0.,1.,0.));
#1987 = PLANE('',#1988);
#1988 = AXIS2_PLACEMENT_3D('',#1989,#1990,#1991);
#1989 = CARTESIAN_POINT('',(5.398204781459E-17,-2.54,2.54));
#1990 = DIRECTION('',(0.,0.,1.));
#1991 = DIRECTION('',(1.,0.,-0.));
#1992 = ADVANCED_FACE('',(#1993),#2004,.F.);
#1993 = FACE_BOUND('',#1994,.F.);
#1994 = EDGE_LOOP('',(#1995,#2001,#2002,#2003));
#1995 = ORIENTED_EDGE('',*,*,#1996,.T.);
#1996 = EDGE_CURVE('',#1625,#1872,#1997,.T.);
#1997 = LINE('',#1998,#1999);
#1998 = CARTESIAN_POINT('',(1.27,1.016,0.));
#1999 = VECTOR('',#2000,1.);
#2000 = DIRECTION('',(0.,0.,1.));
#2001 = ORIENTED_EDGE('',*,*,#1879,.T.);
#2002 = ORIENTED_EDGE('',*,*,#1440,.F.);
#2003 = ORIENTED_EDGE('',*,*,#1632,.F.);
#2004 = PLANE('',#2005);
#2005 = AXIS2_PLACEMENT_3D('',#2006,#2007,#2008);
#2006 = CARTESIAN_POINT('',(1.27,1.016,0.));
#2007 = DIRECTION('',(-0.707106781187,-0.707106781187,0.));
#2008 = DIRECTION('',(-0.707106781187,0.707106781187,0.));
#2009 = ADVANCED_FACE('',(#2010),#2021,.F.);
#2010 = FACE_BOUND('',#2011,.F.);
#2011 = EDGE_LOOP('',(#2012,#2013,#2014,#2020));
#2012 = ORIENTED_EDGE('',*,*,#1480,.T.);
#2013 = ORIENTED_EDGE('',*,*,#1751,.T.);
#2014 = ORIENTED_EDGE('',*,*,#2015,.F.);
#2015 = EDGE_CURVE('',#1505,#1752,#2016,.T.);
#2016 = LINE('',#2017,#2018);
#2017 = CARTESIAN_POINT('',(-1.016,-1.27,0.));
#2018 = VECTOR('',#2019,1.);
#2019 = DIRECTION('',(0.,0.,1.));
#2020 = ORIENTED_EDGE('',*,*,#1504,.F.);
#2021 = PLANE('',#2022);
#2022 = AXIS2_PLACEMENT_3D('',#2023,#2024,#2025);
#2023 = CARTESIAN_POINT('',(-1.27,-1.016,0.));
#2024 = DIRECTION('',(0.707106781187,0.707106781187,0.));
#2025 = DIRECTION('',(0.707106781187,-0.707106781187,0.));
#2026 = ADVANCED_FACE('',(#2027),#2038,.F.);
#2027 = FACE_BOUND('',#2028,.F.);
#2028 = EDGE_LOOP('',(#2029,#2035,#2036,#2037));
#2029 = ORIENTED_EDGE('',*,*,#2030,.T.);
#2030 = EDGE_CURVE('',#1617,#1864,#2031,.T.);
#2031 = LINE('',#2032,#2033);
#2032 = CARTESIAN_POINT('',(1.27,-1.016,0.));
#2033 = VECTOR('',#2034,1.);
#2034 = DIRECTION('',(0.,0.,1.));
#2035 = ORIENTED_EDGE('',*,*,#1871,.T.);
#2036 = ORIENTED_EDGE('',*,*,#1996,.F.);
#2037 = ORIENTED_EDGE('',*,*,#1624,.F.);
#2038 = PLANE('',#2039);
#2039 = AXIS2_PLACEMENT_3D('',#2040,#2041,#2042);
#2040 = CARTESIAN_POINT('',(1.27,-1.016,0.));
#2041 = DIRECTION('',(-1.,0.,0.));
#2042 = DIRECTION('',(0.,1.,0.));
#2043 = ADVANCED_FACE('',(#2044),#2055,.F.);
#2044 = FACE_BOUND('',#2045,.F.);
#2045 = EDGE_LOOP('',(#2046,#2047,#2048,#2054));
#2046 = ORIENTED_EDGE('',*,*,#2015,.T.);
#2047 = ORIENTED_EDGE('',*,*,#1759,.T.);
#2048 = ORIENTED_EDGE('',*,*,#2049,.F.);
#2049 = EDGE_CURVE('',#1513,#1760,#2050,.T.);
#2050 = LINE('',#2051,#2052);
#2051 = CARTESIAN_POINT('',(-1.27,-1.524,0.));
#2052 = VECTOR('',#2053,1.);
#2053 = DIRECTION('',(0.,0.,1.));
#2054 = ORIENTED_EDGE('',*,*,#1512,.F.);
#2055 = PLANE('',#2056);
#2056 = AXIS2_PLACEMENT_3D('',#2057,#2058,#2059);
#2057 = CARTESIAN_POINT('',(-1.016,-1.27,0.));
#2058 = DIRECTION('',(0.707106781187,-0.707106781187,0.));
#2059 = DIRECTION('',(-0.707106781187,-0.707106781187,0.));
#2060 = ADVANCED_FACE('',(#2061),#2072,.F.);
#2061 = FACE_BOUND('',#2062,.F.);
#2062 = EDGE_LOOP('',(#2063,#2069,#2070,#2071));
#2063 = ORIENTED_EDGE('',*,*,#2064,.T.);
#2064 = EDGE_CURVE('',#1609,#1856,#2065,.T.);
#2065 = LINE('',#2066,#2067);
#2066 = CARTESIAN_POINT('',(1.016,-1.27,0.));
#2067 = VECTOR('',#2068,1.);
#2068 = DIRECTION('',(0.,0.,1.));
#2069 = ORIENTED_EDGE('',*,*,#1863,.T.);
#2070 = ORIENTED_EDGE('',*,*,#2030,.F.);
#2071 = ORIENTED_EDGE('',*,*,#1616,.F.);
#2072 = PLANE('',#2073);
#2073 = AXIS2_PLACEMENT_3D('',#2074,#2075,#2076);
#2074 = CARTESIAN_POINT('',(1.016,-1.27,0.));
#2075 = DIRECTION('',(-0.707106781187,0.707106781187,0.));
#2076 = DIRECTION('',(0.707106781187,0.707106781187,0.));
#2077 = ADVANCED_FACE('',(#2078),#2089,.F.);
#2078 = FACE_BOUND('',#2079,.F.);
#2079 = EDGE_LOOP('',(#2080,#2081,#2082,#2088));
#2080 = ORIENTED_EDGE('',*,*,#2049,.T.);
#2081 = ORIENTED_EDGE('',*,*,#1767,.T.);
#2082 = ORIENTED_EDGE('',*,*,#2083,.F.);
#2083 = EDGE_CURVE('',#1521,#1768,#2084,.T.);
#2084 = LINE('',#2085,#2086);
#2085 = CARTESIAN_POINT('',(-1.27,-3.556,0.));
#2086 = VECTOR('',#2087,1.);
#2087 = DIRECTION('',(0.,0.,1.));
#2088 = ORIENTED_EDGE('',*,*,#1520,.F.);
#2089 = PLANE('',#2090);
#2090 = AXIS2_PLACEMENT_3D('',#2091,#2092,#2093);
#2091 = CARTESIAN_POINT('',(-1.27,-1.524,0.));
#2092 = DIRECTION('',(1.,0.,0.));
#2093 = DIRECTION('',(0.,-1.,0.));
#2094 = ADVANCED_FACE('',(#2095),#2106,.F.);
#2095 = FACE_BOUND('',#2096,.F.);
#2096 = EDGE_LOOP('',(#2097,#2103,#2104,#2105));
#2097 = ORIENTED_EDGE('',*,*,#2098,.T.);
#2098 = EDGE_CURVE('',#1601,#1848,#2099,.T.);
#2099 = LINE('',#2100,#2101);
#2100 = CARTESIAN_POINT('',(1.27,-1.524,0.));
#2101 = VECTOR('',#2102,1.);
#2102 = DIRECTION('',(0.,0.,1.));
#2103 = ORIENTED_EDGE('',*,*,#1855,.T.);
#2104 = ORIENTED_EDGE('',*,*,#2064,.F.);
#2105 = ORIENTED_EDGE('',*,*,#1608,.F.);
#2106 = PLANE('',#2107);
#2107 = AXIS2_PLACEMENT_3D('',#2108,#2109,#2110);
#2108 = CARTESIAN_POINT('',(1.27,-1.524,0.));
#2109 = DIRECTION('',(-0.707106781187,-0.707106781187,0.));
#2110 = DIRECTION('',(-0.707106781187,0.707106781187,0.));
#2111 = ADVANCED_FACE('',(#2112),#2123,.F.);
#2112 = FACE_BOUND('',#2113,.F.);
#2113 = EDGE_LOOP('',(#2114,#2115,#2116,#2122));
#2114 = ORIENTED_EDGE('',*,*,#2083,.T.);
#2115 = ORIENTED_EDGE('',*,*,#1775,.T.);
#2116 = ORIENTED_EDGE('',*,*,#2117,.F.);
#2117 = EDGE_CURVE('',#1529,#1776,#2118,.T.);
#2118 = LINE('',#2119,#2120);
#2119 = CARTESIAN_POINT('',(-1.016,-3.81,0.));
#2120 = VECTOR('',#2121,1.);
#2121 = DIRECTION('',(0.,0.,1.));
#2122 = ORIENTED_EDGE('',*,*,#1528,.F.);
#2123 = PLANE('',#2124);
#2124 = AXIS2_PLACEMENT_3D('',#2125,#2126,#2127);
#2125 = CARTESIAN_POINT('',(-1.27,-3.556,0.));
#2126 = DIRECTION('',(0.707106781187,0.707106781187,0.));
#2127 = DIRECTION('',(0.707106781187,-0.707106781187,0.));
#2128 = ADVANCED_FACE('',(#2129),#2140,.F.);
#2129 = FACE_BOUND('',#2130,.F.);
#2130 = EDGE_LOOP('',(#2131,#2137,#2138,#2139));
#2131 = ORIENTED_EDGE('',*,*,#2132,.T.);
#2132 = EDGE_CURVE('',#1593,#1840,#2133,.T.);
#2133 = LINE('',#2134,#2135);
#2134 = CARTESIAN_POINT('',(1.27,-3.556,0.));
#2135 = VECTOR('',#2136,1.);
#2136 = DIRECTION('',(0.,0.,1.));
#2137 = ORIENTED_EDGE('',*,*,#1847,.T.);
#2138 = ORIENTED_EDGE('',*,*,#2098,.F.);
#2139 = ORIENTED_EDGE('',*,*,#1600,.F.);
#2140 = PLANE('',#2141);
#2141 = AXIS2_PLACEMENT_3D('',#2142,#2143,#2144);
#2142 = CARTESIAN_POINT('',(1.27,-3.556,0.));
#2143 = DIRECTION('',(-1.,0.,0.));
#2144 = DIRECTION('',(0.,1.,0.));
#2145 = ADVANCED_FACE('',(#2146),#2157,.F.);
#2146 = FACE_BOUND('',#2147,.F.);
#2147 = EDGE_LOOP('',(#2148,#2149,#2150,#2156));
#2148 = ORIENTED_EDGE('',*,*,#2117,.T.);
#2149 = ORIENTED_EDGE('',*,*,#1783,.T.);
#2150 = ORIENTED_EDGE('',*,*,#2151,.F.);
#2151 = EDGE_CURVE('',#1537,#1784,#2152,.T.);
#2152 = LINE('',#2153,#2154);
#2153 = CARTESIAN_POINT('',(-1.27,-4.064,0.));
#2154 = VECTOR('',#2155,1.);
#2155 = DIRECTION('',(0.,0.,1.));
#2156 = ORIENTED_EDGE('',*,*,#1536,.F.);
#2157 = PLANE('',#2158);
#2158 = AXIS2_PLACEMENT_3D('',#2159,#2160,#2161);
#2159 = CARTESIAN_POINT('',(-1.016,-3.81,0.));
#2160 = DIRECTION('',(0.707106781187,-0.707106781187,0.));
#2161 = DIRECTION('',(-0.707106781187,-0.707106781187,0.));
#2162 = ADVANCED_FACE('',(#2163),#2174,.F.);
#2163 = FACE_BOUND('',#2164,.F.);
#2164 = EDGE_LOOP('',(#2165,#2171,#2172,#2173));
#2165 = ORIENTED_EDGE('',*,*,#2166,.T.);
#2166 = EDGE_CURVE('',#1585,#1832,#2167,.T.);
#2167 = LINE('',#2168,#2169);
#2168 = CARTESIAN_POINT('',(1.016,-3.81,0.));
#2169 = VECTOR('',#2170,1.);
#2170 = DIRECTION('',(0.,0.,1.));
#2171 = ORIENTED_EDGE('',*,*,#1839,.T.);
#2172 = ORIENTED_EDGE('',*,*,#2132,.F.);
#2173 = ORIENTED_EDGE('',*,*,#1592,.F.);
#2174 = PLANE('',#2175);
#2175 = AXIS2_PLACEMENT_3D('',#2176,#2177,#2178);
#2176 = CARTESIAN_POINT('',(1.016,-3.81,0.));
#2177 = DIRECTION('',(-0.707106781187,0.707106781187,0.));
#2178 = DIRECTION('',(0.707106781187,0.707106781187,0.));
#2179 = ADVANCED_FACE('',(#2180),#2191,.F.);
#2180 = FACE_BOUND('',#2181,.F.);
#2181 = EDGE_LOOP('',(#2182,#2183,#2184,#2190));
#2182 = ORIENTED_EDGE('',*,*,#2151,.T.);
#2183 = ORIENTED_EDGE('',*,*,#1791,.T.);
#2184 = ORIENTED_EDGE('',*,*,#2185,.F.);
#2185 = EDGE_CURVE('',#1545,#1792,#2186,.T.);
#2186 = LINE('',#2187,#2188);
#2187 = CARTESIAN_POINT('',(-1.27,-6.096,0.));
#2188 = VECTOR('',#2189,1.);
#2189 = DIRECTION('',(0.,0.,1.));
#2190 = ORIENTED_EDGE('',*,*,#1544,.F.);
#2191 = PLANE('',#2192);
#2192 = AXIS2_PLACEMENT_3D('',#2193,#2194,#2195);
#2193 = CARTESIAN_POINT('',(-1.27,-4.064,0.));
#2194 = DIRECTION('',(1.,0.,0.));
#2195 = DIRECTION('',(0.,-1.,0.));
#2196 = ADVANCED_FACE('',(#2197),#2208,.F.);
#2197 = FACE_BOUND('',#2198,.F.);
#2198 = EDGE_LOOP('',(#2199,#2205,#2206,#2207));
#2199 = ORIENTED_EDGE('',*,*,#2200,.T.);
#2200 = EDGE_CURVE('',#1577,#1824,#2201,.T.);
#2201 = LINE('',#2202,#2203);
#2202 = CARTESIAN_POINT('',(1.27,-4.064,0.));
#2203 = VECTOR('',#2204,1.);
#2204 = DIRECTION('',(0.,0.,1.));
#2205 = ORIENTED_EDGE('',*,*,#1831,.T.);
#2206 = ORIENTED_EDGE('',*,*,#2166,.F.);
#2207 = ORIENTED_EDGE('',*,*,#1584,.F.);
#2208 = PLANE('',#2209);
#2209 = AXIS2_PLACEMENT_3D('',#2210,#2211,#2212);
#2210 = CARTESIAN_POINT('',(1.27,-4.064,0.));
#2211 = DIRECTION('',(-0.707106781187,-0.707106781187,0.));
#2212 = DIRECTION('',(-0.707106781187,0.707106781187,0.));
#2213 = ADVANCED_FACE('',(#2214),#2225,.F.);
#2214 = FACE_BOUND('',#2215,.F.);
#2215 = EDGE_LOOP('',(#2216,#2217,#2218,#2224));
#2216 = ORIENTED_EDGE('',*,*,#2185,.T.);
#2217 = ORIENTED_EDGE('',*,*,#1799,.T.);
#2218 = ORIENTED_EDGE('',*,*,#2219,.F.);
#2219 = EDGE_CURVE('',#1553,#1800,#2220,.T.);
#2220 = LINE('',#2221,#2222);
#2221 = CARTESIAN_POINT('',(-1.016,-6.35,0.));
#2222 = VECTOR('',#2223,1.);
#2223 = DIRECTION('',(0.,0.,1.));
#2224 = ORIENTED_EDGE('',*,*,#1552,.F.);
#2225 = PLANE('',#2226);
#2226 = AXIS2_PLACEMENT_3D('',#2227,#2228,#2229);
#2227 = CARTESIAN_POINT('',(-1.27,-6.096,0.));
#2228 = DIRECTION('',(0.707106781187,0.707106781187,0.));
#2229 = DIRECTION('',(0.707106781187,-0.707106781187,0.));
#2230 = ADVANCED_FACE('',(#2231),#2242,.F.);
#2231 = FACE_BOUND('',#2232,.F.);
#2232 = EDGE_LOOP('',(#2233,#2239,#2240,#2241));
#2233 = ORIENTED_EDGE('',*,*,#2234,.T.);
#2234 = EDGE_CURVE('',#1569,#1816,#2235,.T.);
#2235 = LINE('',#2236,#2237);
#2236 = CARTESIAN_POINT('',(1.27,-6.096,0.));
#2237 = VECTOR('',#2238,1.);
#2238 = DIRECTION('',(0.,0.,1.));
#2239 = ORIENTED_EDGE('',*,*,#1823,.T.);
#2240 = ORIENTED_EDGE('',*,*,#2200,.F.);
#2241 = ORIENTED_EDGE('',*,*,#1576,.F.);
#2242 = PLANE('',#2243);
#2243 = AXIS2_PLACEMENT_3D('',#2244,#2245,#2246);
#2244 = CARTESIAN_POINT('',(1.27,-6.096,0.));
#2245 = DIRECTION('',(-1.,0.,0.));
#2246 = DIRECTION('',(0.,1.,0.));
#2247 = ADVANCED_FACE('',(#2248),#2259,.F.);
#2248 = FACE_BOUND('',#2249,.F.);
#2249 = EDGE_LOOP('',(#2250,#2251,#2252,#2258));
#2250 = ORIENTED_EDGE('',*,*,#2219,.T.);
#2251 = ORIENTED_EDGE('',*,*,#1807,.T.);
#2252 = ORIENTED_EDGE('',*,*,#2253,.F.);
#2253 = EDGE_CURVE('',#1561,#1808,#2254,.T.);
#2254 = LINE('',#2255,#2256);
#2255 = CARTESIAN_POINT('',(1.016,-6.35,0.));
#2256 = VECTOR('',#2257,1.);
#2257 = DIRECTION('',(0.,0.,1.));
#2258 = ORIENTED_EDGE('',*,*,#1560,.F.);
#2259 = PLANE('',#2260);
#2260 = AXIS2_PLACEMENT_3D('',#2261,#2262,#2263);
#2261 = CARTESIAN_POINT('',(-1.016,-6.35,0.));
#2262 = DIRECTION('',(0.,1.,0.));
#2263 = DIRECTION('',(1.,0.,0.));
#2264 = ADVANCED_FACE('',(#2265),#2271,.F.);
#2265 = FACE_BOUND('',#2266,.F.);
#2266 = EDGE_LOOP('',(#2267,#2268,#2269,#2270));
#2267 = ORIENTED_EDGE('',*,*,#2253,.T.);
#2268 = ORIENTED_EDGE('',*,*,#1815,.T.);
#2269 = ORIENTED_EDGE('',*,*,#2234,.F.);
#2270 = ORIENTED_EDGE('',*,*,#1568,.F.);
#2271 = PLANE('',#2272);
#2272 = AXIS2_PLACEMENT_3D('',#2273,#2274,#2275);
#2273 = CARTESIAN_POINT('',(1.016,-6.35,0.));
#2274 = DIRECTION('',(-0.707106781187,0.707106781187,0.));
#2275 = DIRECTION('',(0.707106781187,0.707106781187,0.));
#2276 = ADVANCED_FACE('',(#2277),#2302,.T.);
#2277 = FACE_BOUND('',#2278,.T.);
#2278 = EDGE_LOOP('',(#2279,#2287,#2295,#2301));
#2279 = ORIENTED_EDGE('',*,*,#2280,.F.);
#2280 = EDGE_CURVE('',#2281,#1642,#2283,.T.);
#2281 = VERTEX_POINT('',#2282);
#2282 = CARTESIAN_POINT('',(0.32,-0.32,-2.84));
#2283 = LINE('',#2284,#2285);
#2284 = CARTESIAN_POINT('',(0.32,-0.32,-3.));
#2285 = VECTOR('',#2286,1.);
#2286 = DIRECTION('',(0.,0.,1.));
#2287 = ORIENTED_EDGE('',*,*,#2288,.T.);
#2288 = EDGE_CURVE('',#2281,#2289,#2291,.T.);
#2289 = VERTEX_POINT('',#2290);
#2290 = CARTESIAN_POINT('',(0.32,0.32,-2.84));
#2291 = LINE('',#2292,#2293);
#2292 = CARTESIAN_POINT('',(0.32,-0.32,-2.84));
#2293 = VECTOR('',#2294,1.);
#2294 = DIRECTION('',(0.,1.,0.));
#2295 = ORIENTED_EDGE('',*,*,#2296,.T.);
#2296 = EDGE_CURVE('',#2289,#1644,#2297,.T.);
#2297 = LINE('',#2298,#2299);
#2298 = CARTESIAN_POINT('',(0.32,0.32,-3.));
#2299 = VECTOR('',#2300,1.);
#2300 = DIRECTION('',(0.,0.,1.));
#2301 = ORIENTED_EDGE('',*,*,#1641,.F.);
#2302 = PLANE('',#2303);
#2303 = AXIS2_PLACEMENT_3D('',#2304,#2305,#2306);
#2304 = CARTESIAN_POINT('',(0.32,-0.32,-3.));
#2305 = DIRECTION('',(1.,0.,0.));
#2306 = DIRECTION('',(0.,0.,1.));
#2307 = ADVANCED_FACE('',(#2308),#2326,.T.);
#2308 = FACE_BOUND('',#2309,.T.);
#2309 = EDGE_LOOP('',(#2310,#2311,#2319,#2325));
#2310 = ORIENTED_EDGE('',*,*,#2296,.F.);
#2311 = ORIENTED_EDGE('',*,*,#2312,.F.);
#2312 = EDGE_CURVE('',#2313,#2289,#2315,.T.);
#2313 = VERTEX_POINT('',#2314);
#2314 = CARTESIAN_POINT('',(-0.32,0.32,-2.84));
#2315 = LINE('',#2316,#2317);
#2316 = CARTESIAN_POINT('',(-0.32,0.32,-2.84));
#2317 = VECTOR('',#2318,1.);
#2318 = DIRECTION('',(1.,0.,0.));
#2319 = ORIENTED_EDGE('',*,*,#2320,.T.);
#2320 = EDGE_CURVE('',#2313,#1660,#2321,.T.);
#2321 = LINE('',#2322,#2323);
#2322 = CARTESIAN_POINT('',(-0.32,0.32,-3.));
#2323 = VECTOR('',#2324,1.);
#2324 = DIRECTION('',(0.,0.,1.));
#2325 = ORIENTED_EDGE('',*,*,#1667,.F.);
#2326 = PLANE('',#2327);
#2327 = AXIS2_PLACEMENT_3D('',#2328,#2329,#2330);
#2328 = CARTESIAN_POINT('',(-0.32,0.32,-3.));
#2329 = DIRECTION('',(0.,1.,0.));
#2330 = DIRECTION('',(0.,-0.,1.));
#2331 = ADVANCED_FACE('',(#2332),#2350,.F.);
#2332 = FACE_BOUND('',#2333,.F.);
#2333 = EDGE_LOOP('',(#2334,#2342,#2348,#2349));
#2334 = ORIENTED_EDGE('',*,*,#2335,.F.);
#2335 = EDGE_CURVE('',#2336,#1652,#2338,.T.);
#2336 = VERTEX_POINT('',#2337);
#2337 = CARTESIAN_POINT('',(-0.32,-0.32,-2.84));
#2338 = LINE('',#2339,#2340);
#2339 = CARTESIAN_POINT('',(-0.32,-0.32,-3.));
#2340 = VECTOR('',#2341,1.);
#2341 = DIRECTION('',(0.,0.,1.));
#2342 = ORIENTED_EDGE('',*,*,#2343,.T.);
#2343 = EDGE_CURVE('',#2336,#2313,#2344,.T.);
#2344 = LINE('',#2345,#2346);
#2345 = CARTESIAN_POINT('',(-0.32,-0.32,-2.84));
#2346 = VECTOR('',#2347,1.);
#2347 = DIRECTION('',(0.,1.,0.));
#2348 = ORIENTED_EDGE('',*,*,#2320,.T.);
#2349 = ORIENTED_EDGE('',*,*,#1659,.F.);
#2350 = PLANE('',#2351);
#2351 = AXIS2_PLACEMENT_3D('',#2352,#2353,#2354);
#2352 = CARTESIAN_POINT('',(-0.32,-0.32,-3.));
#2353 = DIRECTION('',(1.,0.,0.));
#2354 = DIRECTION('',(0.,0.,1.));
#2355 = ADVANCED_FACE('',(#2356),#2367,.F.);
#2356 = FACE_BOUND('',#2357,.F.);
#2357 = EDGE_LOOP('',(#2358,#2359,#2365,#2366));
#2358 = ORIENTED_EDGE('',*,*,#2280,.F.);
#2359 = ORIENTED_EDGE('',*,*,#2360,.F.);
#2360 = EDGE_CURVE('',#2336,#2281,#2361,.T.);
#2361 = LINE('',#2362,#2363);
#2362 = CARTESIAN_POINT('',(-0.32,-0.32,-2.84));
#2363 = VECTOR('',#2364,1.);
#2364 = DIRECTION('',(1.,0.,0.));
#2365 = ORIENTED_EDGE('',*,*,#2335,.T.);
#2366 = ORIENTED_EDGE('',*,*,#1651,.F.);
#2367 = PLANE('',#2368);
#2368 = AXIS2_PLACEMENT_3D('',#2369,#2370,#2371);
#2369 = CARTESIAN_POINT('',(-0.32,-0.32,-3.));
#2370 = DIRECTION('',(0.,1.,0.));
#2371 = DIRECTION('',(0.,-0.,1.));
#2372 = ADVANCED_FACE('',(#2373),#2398,.F.);
#2373 = FACE_BOUND('',#2374,.F.);
#2374 = EDGE_LOOP('',(#2375,#2383,#2391,#2397));
#2375 = ORIENTED_EDGE('',*,*,#2376,.F.);
#2376 = EDGE_CURVE('',#2377,#1676,#2379,.T.);
#2377 = VERTEX_POINT('',#2378);
#2378 = CARTESIAN_POINT('',(0.32,-2.86,-2.84));
#2379 = LINE('',#2380,#2381);
#2380 = CARTESIAN_POINT('',(0.32,-2.86,-3.));
#2381 = VECTOR('',#2382,1.);
#2382 = DIRECTION('',(0.,0.,1.));
#2383 = ORIENTED_EDGE('',*,*,#2384,.F.);
#2384 = EDGE_CURVE('',#2385,#2377,#2387,.T.);
#2385 = VERTEX_POINT('',#2386);
#2386 = CARTESIAN_POINT('',(-0.32,-2.86,-2.84));
#2387 = LINE('',#2388,#2389);
#2388 = CARTESIAN_POINT('',(-0.32,-2.86,-2.84));
#2389 = VECTOR('',#2390,1.);
#2390 = DIRECTION('',(1.,0.,0.));
#2391 = ORIENTED_EDGE('',*,*,#2392,.T.);
#2392 = EDGE_CURVE('',#2385,#1678,#2393,.T.);
#2393 = LINE('',#2394,#2395);
#2394 = CARTESIAN_POINT('',(-0.32,-2.86,-3.));
#2395 = VECTOR('',#2396,1.);
#2396 = DIRECTION('',(0.,0.,1.));
#2397 = ORIENTED_EDGE('',*,*,#1675,.F.);
#2398 = PLANE('',#2399);
#2399 = AXIS2_PLACEMENT_3D('',#2400,#2401,#2402);
#2400 = CARTESIAN_POINT('',(-0.32,-2.86,-3.));
#2401 = DIRECTION('',(0.,1.,0.));
#2402 = DIRECTION('',(0.,-0.,1.));
#2403 = ADVANCED_FACE('',(#2404),#2422,.T.);
#2404 = FACE_BOUND('',#2405,.T.);
#2405 = EDGE_LOOP('',(#2406,#2407,#2415,#2421));
#2406 = ORIENTED_EDGE('',*,*,#2376,.F.);
#2407 = ORIENTED_EDGE('',*,*,#2408,.T.);
#2408 = EDGE_CURVE('',#2377,#2409,#2411,.T.);
#2409 = VERTEX_POINT('',#2410);
#2410 = CARTESIAN_POINT('',(0.32,-2.22,-2.84));
#2411 = LINE('',#2412,#2413);
#2412 = CARTESIAN_POINT('',(0.32,-2.86,-2.84));
#2413 = VECTOR('',#2414,1.);
#2414 = DIRECTION('',(0.,1.,0.));
#2415 = ORIENTED_EDGE('',*,*,#2416,.T.);
#2416 = EDGE_CURVE('',#2409,#1694,#2417,.T.);
#2417 = LINE('',#2418,#2419);
#2418 = CARTESIAN_POINT('',(0.32,-2.22,-3.));
#2419 = VECTOR('',#2420,1.);
#2420 = DIRECTION('',(0.,0.,1.));
#2421 = ORIENTED_EDGE('',*,*,#1701,.F.);
#2422 = PLANE('',#2423);
#2423 = AXIS2_PLACEMENT_3D('',#2424,#2425,#2426);
#2424 = CARTESIAN_POINT('',(0.32,-2.86,-3.));
#2425 = DIRECTION('',(1.,0.,0.));
#2426 = DIRECTION('',(0.,0.,1.));
#2427 = ADVANCED_FACE('',(#2428),#2446,.T.);
#2428 = FACE_BOUND('',#2429,.T.);
#2429 = EDGE_LOOP('',(#2430,#2431,#2439,#2445));
#2430 = ORIENTED_EDGE('',*,*,#2416,.F.);
#2431 = ORIENTED_EDGE('',*,*,#2432,.F.);
#2432 = EDGE_CURVE('',#2433,#2409,#2435,.T.);
#2433 = VERTEX_POINT('',#2434);
#2434 = CARTESIAN_POINT('',(-0.32,-2.22,-2.84));
#2435 = LINE('',#2436,#2437);
#2436 = CARTESIAN_POINT('',(-0.32,-2.22,-2.84));
#2437 = VECTOR('',#2438,1.);
#2438 = DIRECTION('',(1.,0.,0.));
#2439 = ORIENTED_EDGE('',*,*,#2440,.T.);
#2440 = EDGE_CURVE('',#2433,#1686,#2441,.T.);
#2441 = LINE('',#2442,#2443);
#2442 = CARTESIAN_POINT('',(-0.32,-2.22,-3.));
#2443 = VECTOR('',#2444,1.);
#2444 = DIRECTION('',(0.,0.,1.));
#2445 = ORIENTED_EDGE('',*,*,#1693,.F.);
#2446 = PLANE('',#2447);
#2447 = AXIS2_PLACEMENT_3D('',#2448,#2449,#2450);
#2448 = CARTESIAN_POINT('',(-0.32,-2.22,-3.));
#2449 = DIRECTION('',(0.,1.,0.));
#2450 = DIRECTION('',(0.,-0.,1.));
#2451 = ADVANCED_FACE('',(#2452),#2463,.F.);
#2452 = FACE_BOUND('',#2453,.F.);
#2453 = EDGE_LOOP('',(#2454,#2455,#2461,#2462));
#2454 = ORIENTED_EDGE('',*,*,#2392,.F.);
#2455 = ORIENTED_EDGE('',*,*,#2456,.T.);
#2456 = EDGE_CURVE('',#2385,#2433,#2457,.T.);
#2457 = LINE('',#2458,#2459);
#2458 = CARTESIAN_POINT('',(-0.32,-2.86,-2.84));
#2459 = VECTOR('',#2460,1.);
#2460 = DIRECTION('',(0.,1.,0.));
#2461 = ORIENTED_EDGE('',*,*,#2440,.T.);
#2462 = ORIENTED_EDGE('',*,*,#1685,.F.);
#2463 = PLANE('',#2464);
#2464 = AXIS2_PLACEMENT_3D('',#2465,#2466,#2467);
#2465 = CARTESIAN_POINT('',(-0.32,-2.86,-3.));
#2466 = DIRECTION('',(1.,0.,0.));
#2467 = DIRECTION('',(0.,0.,1.));
#2468 = ADVANCED_FACE('',(#2469),#2494,.T.);
#2469 = FACE_BOUND('',#2470,.T.);
#2470 = EDGE_LOOP('',(#2471,#2479,#2487,#2493));
#2471 = ORIENTED_EDGE('',*,*,#2472,.F.);
#2472 = EDGE_CURVE('',#2473,#1710,#2475,.T.);
#2473 = VERTEX_POINT('',#2474);
#2474 = CARTESIAN_POINT('',(0.32,-4.76,-2.84));
#2475 = LINE('',#2476,#2477);
#2476 = CARTESIAN_POINT('',(0.32,-4.76,-3.));
#2477 = VECTOR('',#2478,1.);
#2478 = DIRECTION('',(0.,0.,1.));
#2479 = ORIENTED_EDGE('',*,*,#2480,.F.);
#2480 = EDGE_CURVE('',#2481,#2473,#2483,.T.);
#2481 = VERTEX_POINT('',#2482);
#2482 = CARTESIAN_POINT('',(-0.32,-4.76,-2.84));
#2483 = LINE('',#2484,#2485);
#2484 = CARTESIAN_POINT('',(-0.32,-4.76,-2.84));
#2485 = VECTOR('',#2486,1.);
#2486 = DIRECTION('',(1.,0.,0.));
#2487 = ORIENTED_EDGE('',*,*,#2488,.T.);
#2488 = EDGE_CURVE('',#2481,#1712,#2489,.T.);
#2489 = LINE('',#2490,#2491);
#2490 = CARTESIAN_POINT('',(-0.32,-4.76,-3.));
#2491 = VECTOR('',#2492,1.);
#2492 = DIRECTION('',(0.,0.,1.));
#2493 = ORIENTED_EDGE('',*,*,#1709,.F.);
#2494 = PLANE('',#2495);
#2495 = AXIS2_PLACEMENT_3D('',#2496,#2497,#2498);
#2496 = CARTESIAN_POINT('',(-0.32,-4.76,-3.));
#2497 = DIRECTION('',(0.,1.,0.));
#2498 = DIRECTION('',(0.,-0.,1.));
#2499 = ADVANCED_FACE('',(#2500),#2518,.F.);
#2500 = FACE_BOUND('',#2501,.F.);
#2501 = EDGE_LOOP('',(#2502,#2510,#2516,#2517));
#2502 = ORIENTED_EDGE('',*,*,#2503,.F.);
#2503 = EDGE_CURVE('',#2504,#1728,#2506,.T.);
#2504 = VERTEX_POINT('',#2505);
#2505 = CARTESIAN_POINT('',(-0.32,-5.4,-2.84));
#2506 = LINE('',#2507,#2508);
#2507 = CARTESIAN_POINT('',(-0.32,-5.4,-3.));
#2508 = VECTOR('',#2509,1.);
#2509 = DIRECTION('',(0.,0.,1.));
#2510 = ORIENTED_EDGE('',*,*,#2511,.T.);
#2511 = EDGE_CURVE('',#2504,#2481,#2512,.T.);
#2512 = LINE('',#2513,#2514);
#2513 = CARTESIAN_POINT('',(-0.32,-5.4,-2.84));
#2514 = VECTOR('',#2515,1.);
#2515 = DIRECTION('',(0.,1.,0.));
#2516 = ORIENTED_EDGE('',*,*,#2488,.T.);
#2517 = ORIENTED_EDGE('',*,*,#1735,.F.);
#2518 = PLANE('',#2519);
#2519 = AXIS2_PLACEMENT_3D('',#2520,#2521,#2522);
#2520 = CARTESIAN_POINT('',(-0.32,-5.4,-3.));
#2521 = DIRECTION('',(1.,0.,0.));
#2522 = DIRECTION('',(0.,0.,1.));
#2523 = ADVANCED_FACE('',(#2524),#2542,.F.);
#2524 = FACE_BOUND('',#2525,.F.);
#2525 = EDGE_LOOP('',(#2526,#2534,#2540,#2541));
#2526 = ORIENTED_EDGE('',*,*,#2527,.F.);
#2527 = EDGE_CURVE('',#2528,#1720,#2530,.T.);
#2528 = VERTEX_POINT('',#2529);
#2529 = CARTESIAN_POINT('',(0.32,-5.4,-2.84));
#2530 = LINE('',#2531,#2532);
#2531 = CARTESIAN_POINT('',(0.32,-5.4,-3.));
#2532 = VECTOR('',#2533,1.);
#2533 = DIRECTION('',(0.,0.,1.));
#2534 = ORIENTED_EDGE('',*,*,#2535,.F.);
#2535 = EDGE_CURVE('',#2504,#2528,#2536,.T.);
#2536 = LINE('',#2537,#2538);
#2537 = CARTESIAN_POINT('',(-0.32,-5.4,-2.84));
#2538 = VECTOR('',#2539,1.);
#2539 = DIRECTION('',(1.,0.,0.));
#2540 = ORIENTED_EDGE('',*,*,#2503,.T.);
#2541 = ORIENTED_EDGE('',*,*,#1727,.F.);
#2542 = PLANE('',#2543);
#2543 = AXIS2_PLACEMENT_3D('',#2544,#2545,#2546);
#2544 = CARTESIAN_POINT('',(-0.32,-5.4,-3.));
#2545 = DIRECTION('',(0.,1.,0.));
#2546 = DIRECTION('',(0.,-0.,1.));
#2547 = ADVANCED_FACE('',(#2548),#2559,.T.);
#2548 = FACE_BOUND('',#2549,.T.);
#2549 = EDGE_LOOP('',(#2550,#2551,#2557,#2558));
#2550 = ORIENTED_EDGE('',*,*,#2527,.F.);
#2551 = ORIENTED_EDGE('',*,*,#2552,.T.);
#2552 = EDGE_CURVE('',#2528,#2473,#2553,.T.);
#2553 = LINE('',#2554,#2555);
#2554 = CARTESIAN_POINT('',(0.32,-5.4,-2.84));
#2555 = VECTOR('',#2556,1.);
#2556 = DIRECTION('',(0.,1.,0.));
#2557 = ORIENTED_EDGE('',*,*,#2472,.T.);
#2558 = ORIENTED_EDGE('',*,*,#1719,.F.);
#2559 = PLANE('',#2560);
#2560 = AXIS2_PLACEMENT_3D('',#2561,#2562,#2563);
#2561 = CARTESIAN_POINT('',(0.32,-5.4,-3.));
#2562 = DIRECTION('',(1.,0.,0.));
#2563 = DIRECTION('',(0.,0.,1.));
#2564 = ADVANCED_FACE('',(#2565),#2590,.T.);
#2565 = FACE_BOUND('',#2566,.T.);
#2566 = EDGE_LOOP('',(#2567,#2575,#2576,#2584));
#2567 = ORIENTED_EDGE('',*,*,#2568,.F.);
#2568 = EDGE_CURVE('',#1889,#2569,#2571,.T.);
#2569 = VERTEX_POINT('',#2570);
#2570 = CARTESIAN_POINT('',(0.32,-0.32,8.38));
#2571 = LINE('',#2572,#2573);
#2572 = CARTESIAN_POINT('',(0.32,-0.32,-3.));
#2573 = VECTOR('',#2574,1.);
#2574 = DIRECTION('',(0.,0.,1.));
#2575 = ORIENTED_EDGE('',*,*,#1888,.T.);
#2576 = ORIENTED_EDGE('',*,*,#2577,.T.);
#2577 = EDGE_CURVE('',#1891,#2578,#2580,.T.);
#2578 = VERTEX_POINT('',#2579);
#2579 = CARTESIAN_POINT('',(0.32,0.32,8.38));
#2580 = LINE('',#2581,#2582);
#2581 = CARTESIAN_POINT('',(0.32,0.32,-3.));
#2582 = VECTOR('',#2583,1.);
#2583 = DIRECTION('',(0.,0.,1.));
#2584 = ORIENTED_EDGE('',*,*,#2585,.F.);
#2585 = EDGE_CURVE('',#2569,#2578,#2586,.T.);
#2586 = LINE('',#2587,#2588);
#2587 = CARTESIAN_POINT('',(0.32,-0.32,8.38));
#2588 = VECTOR('',#2589,1.);
#2589 = DIRECTION('',(0.,1.,0.));
#2590 = PLANE('',#2591);
#2591 = AXIS2_PLACEMENT_3D('',#2592,#2593,#2594);
#2592 = CARTESIAN_POINT('',(0.32,-0.32,-3.));
#2593 = DIRECTION('',(1.,0.,0.));
#2594 = DIRECTION('',(0.,0.,1.));
#2595 = ADVANCED_FACE('',(#2596),#2614,.T.);
#2596 = FACE_BOUND('',#2597,.T.);
#2597 = EDGE_LOOP('',(#2598,#2599,#2600,#2608));
#2598 = ORIENTED_EDGE('',*,*,#2577,.F.);
#2599 = ORIENTED_EDGE('',*,*,#1914,.T.);
#2600 = ORIENTED_EDGE('',*,*,#2601,.T.);
#2601 = EDGE_CURVE('',#1907,#2602,#2604,.T.);
#2602 = VERTEX_POINT('',#2603);
#2603 = CARTESIAN_POINT('',(-0.32,0.32,8.38));
#2604 = LINE('',#2605,#2606);
#2605 = CARTESIAN_POINT('',(-0.32,0.32,-3.));
#2606 = VECTOR('',#2607,1.);
#2607 = DIRECTION('',(0.,0.,1.));
#2608 = ORIENTED_EDGE('',*,*,#2609,.T.);
#2609 = EDGE_CURVE('',#2602,#2578,#2610,.T.);
#2610 = LINE('',#2611,#2612);
#2611 = CARTESIAN_POINT('',(-0.32,0.32,8.38));
#2612 = VECTOR('',#2613,1.);
#2613 = DIRECTION('',(1.,0.,0.));
#2614 = PLANE('',#2615);
#2615 = AXIS2_PLACEMENT_3D('',#2616,#2617,#2618);
#2616 = CARTESIAN_POINT('',(-0.32,0.32,-3.));
#2617 = DIRECTION('',(0.,1.,0.));
#2618 = DIRECTION('',(0.,-0.,1.));
#2619 = ADVANCED_FACE('',(#2620),#2638,.F.);
#2620 = FACE_BOUND('',#2621,.F.);
#2621 = EDGE_LOOP('',(#2622,#2630,#2631,#2632));
#2622 = ORIENTED_EDGE('',*,*,#2623,.F.);
#2623 = EDGE_CURVE('',#1899,#2624,#2626,.T.);
#2624 = VERTEX_POINT('',#2625);
#2625 = CARTESIAN_POINT('',(-0.32,-0.32,8.38));
#2626 = LINE('',#2627,#2628);
#2627 = CARTESIAN_POINT('',(-0.32,-0.32,-3.));
#2628 = VECTOR('',#2629,1.);
#2629 = DIRECTION('',(0.,0.,1.));
#2630 = ORIENTED_EDGE('',*,*,#1906,.T.);
#2631 = ORIENTED_EDGE('',*,*,#2601,.T.);
#2632 = ORIENTED_EDGE('',*,*,#2633,.F.);
#2633 = EDGE_CURVE('',#2624,#2602,#2634,.T.);
#2634 = LINE('',#2635,#2636);
#2635 = CARTESIAN_POINT('',(-0.32,-0.32,8.38));
#2636 = VECTOR('',#2637,1.);
#2637 = DIRECTION('',(0.,1.,0.));
#2638 = PLANE('',#2639);
#2639 = AXIS2_PLACEMENT_3D('',#2640,#2641,#2642);
#2640 = CARTESIAN_POINT('',(-0.32,-0.32,-3.));
#2641 = DIRECTION('',(1.,0.,0.));
#2642 = DIRECTION('',(0.,0.,1.));
#2643 = ADVANCED_FACE('',(#2644),#2655,.F.);
#2644 = FACE_BOUND('',#2645,.F.);
#2645 = EDGE_LOOP('',(#2646,#2647,#2648,#2649));
#2646 = ORIENTED_EDGE('',*,*,#2568,.F.);
#2647 = ORIENTED_EDGE('',*,*,#1898,.T.);
#2648 = ORIENTED_EDGE('',*,*,#2623,.T.);
#2649 = ORIENTED_EDGE('',*,*,#2650,.T.);
#2650 = EDGE_CURVE('',#2624,#2569,#2651,.T.);
#2651 = LINE('',#2652,#2653);
#2652 = CARTESIAN_POINT('',(-0.32,-0.32,8.38));
#2653 = VECTOR('',#2654,1.);
#2654 = DIRECTION('',(1.,0.,0.));
#2655 = PLANE('',#2656);
#2656 = AXIS2_PLACEMENT_3D('',#2657,#2658,#2659);
#2657 = CARTESIAN_POINT('',(-0.32,-0.32,-3.));
#2658 = DIRECTION('',(0.,1.,0.));
#2659 = DIRECTION('',(0.,-0.,1.));
#2660 = ADVANCED_FACE('',(#2661),#2686,.F.);
#2661 = FACE_BOUND('',#2662,.F.);
#2662 = EDGE_LOOP('',(#2663,#2671,#2672,#2680));
#2663 = ORIENTED_EDGE('',*,*,#2664,.F.);
#2664 = EDGE_CURVE('',#1923,#2665,#2667,.T.);
#2665 = VERTEX_POINT('',#2666);
#2666 = CARTESIAN_POINT('',(0.32,-2.86,8.38));
#2667 = LINE('',#2668,#2669);
#2668 = CARTESIAN_POINT('',(0.32,-2.86,-3.));
#2669 = VECTOR('',#2670,1.);
#2670 = DIRECTION('',(0.,0.,1.));
#2671 = ORIENTED_EDGE('',*,*,#1922,.T.);
#2672 = ORIENTED_EDGE('',*,*,#2673,.T.);
#2673 = EDGE_CURVE('',#1925,#2674,#2676,.T.);
#2674 = VERTEX_POINT('',#2675);
#2675 = CARTESIAN_POINT('',(-0.32,-2.86,8.38));
#2676 = LINE('',#2677,#2678);
#2677 = CARTESIAN_POINT('',(-0.32,-2.86,-3.));
#2678 = VECTOR('',#2679,1.);
#2679 = DIRECTION('',(0.,0.,1.));
#2680 = ORIENTED_EDGE('',*,*,#2681,.T.);
#2681 = EDGE_CURVE('',#2674,#2665,#2682,.T.);
#2682 = LINE('',#2683,#2684);
#2683 = CARTESIAN_POINT('',(-0.32,-2.86,8.38));
#2684 = VECTOR('',#2685,1.);
#2685 = DIRECTION('',(1.,0.,0.));
#2686 = PLANE('',#2687);
#2687 = AXIS2_PLACEMENT_3D('',#2688,#2689,#2690);
#2688 = CARTESIAN_POINT('',(-0.32,-2.86,-3.));
#2689 = DIRECTION('',(0.,1.,0.));
#2690 = DIRECTION('',(0.,-0.,1.));
#2691 = ADVANCED_FACE('',(#2692),#2710,.T.);
#2692 = FACE_BOUND('',#2693,.T.);
#2693 = EDGE_LOOP('',(#2694,#2695,#2696,#2704));
#2694 = ORIENTED_EDGE('',*,*,#2664,.F.);
#2695 = ORIENTED_EDGE('',*,*,#1948,.T.);
#2696 = ORIENTED_EDGE('',*,*,#2697,.T.);
#2697 = EDGE_CURVE('',#1941,#2698,#2700,.T.);
#2698 = VERTEX_POINT('',#2699);
#2699 = CARTESIAN_POINT('',(0.32,-2.22,8.38));
#2700 = LINE('',#2701,#2702);
#2701 = CARTESIAN_POINT('',(0.32,-2.22,-3.));
#2702 = VECTOR('',#2703,1.);
#2703 = DIRECTION('',(0.,0.,1.));
#2704 = ORIENTED_EDGE('',*,*,#2705,.F.);
#2705 = EDGE_CURVE('',#2665,#2698,#2706,.T.);
#2706 = LINE('',#2707,#2708);
#2707 = CARTESIAN_POINT('',(0.32,-2.86,8.38));
#2708 = VECTOR('',#2709,1.);
#2709 = DIRECTION('',(0.,1.,0.));
#2710 = PLANE('',#2711);
#2711 = AXIS2_PLACEMENT_3D('',#2712,#2713,#2714);
#2712 = CARTESIAN_POINT('',(0.32,-2.86,-3.));
#2713 = DIRECTION('',(1.,0.,0.));
#2714 = DIRECTION('',(0.,0.,1.));
#2715 = ADVANCED_FACE('',(#2716),#2734,.T.);
#2716 = FACE_BOUND('',#2717,.T.);
#2717 = EDGE_LOOP('',(#2718,#2719,#2720,#2728));
#2718 = ORIENTED_EDGE('',*,*,#2697,.F.);
#2719 = ORIENTED_EDGE('',*,*,#1940,.T.);
#2720 = ORIENTED_EDGE('',*,*,#2721,.T.);
#2721 = EDGE_CURVE('',#1933,#2722,#2724,.T.);
#2722 = VERTEX_POINT('',#2723);
#2723 = CARTESIAN_POINT('',(-0.32,-2.22,8.38));
#2724 = LINE('',#2725,#2726);
#2725 = CARTESIAN_POINT('',(-0.32,-2.22,-3.));
#2726 = VECTOR('',#2727,1.);
#2727 = DIRECTION('',(0.,0.,1.));
#2728 = ORIENTED_EDGE('',*,*,#2729,.T.);
#2729 = EDGE_CURVE('',#2722,#2698,#2730,.T.);
#2730 = LINE('',#2731,#2732);
#2731 = CARTESIAN_POINT('',(-0.32,-2.22,8.38));
#2732 = VECTOR('',#2733,1.);
#2733 = DIRECTION('',(1.,0.,0.));
#2734 = PLANE('',#2735);
#2735 = AXIS2_PLACEMENT_3D('',#2736,#2737,#2738);
#2736 = CARTESIAN_POINT('',(-0.32,-2.22,-3.));
#2737 = DIRECTION('',(0.,1.,0.));
#2738 = DIRECTION('',(0.,-0.,1.));
#2739 = ADVANCED_FACE('',(#2740),#2751,.F.);
#2740 = FACE_BOUND('',#2741,.F.);
#2741 = EDGE_LOOP('',(#2742,#2743,#2744,#2745));
#2742 = ORIENTED_EDGE('',*,*,#2673,.F.);
#2743 = ORIENTED_EDGE('',*,*,#1932,.T.);
#2744 = ORIENTED_EDGE('',*,*,#2721,.T.);
#2745 = ORIENTED_EDGE('',*,*,#2746,.F.);
#2746 = EDGE_CURVE('',#2674,#2722,#2747,.T.);
#2747 = LINE('',#2748,#2749);
#2748 = CARTESIAN_POINT('',(-0.32,-2.86,8.38));
#2749 = VECTOR('',#2750,1.);
#2750 = DIRECTION('',(0.,1.,0.));
#2751 = PLANE('',#2752);
#2752 = AXIS2_PLACEMENT_3D('',#2753,#2754,#2755);
#2753 = CARTESIAN_POINT('',(-0.32,-2.86,-3.));
#2754 = DIRECTION('',(1.,0.,0.));
#2755 = DIRECTION('',(0.,0.,1.));
#2756 = ADVANCED_FACE('',(#2757),#2782,.T.);
#2757 = FACE_BOUND('',#2758,.T.);
#2758 = EDGE_LOOP('',(#2759,#2767,#2768,#2776));
#2759 = ORIENTED_EDGE('',*,*,#2760,.F.);
#2760 = EDGE_CURVE('',#1957,#2761,#2763,.T.);
#2761 = VERTEX_POINT('',#2762);
#2762 = CARTESIAN_POINT('',(0.32,-4.76,8.38));
#2763 = LINE('',#2764,#2765);
#2764 = CARTESIAN_POINT('',(0.32,-4.76,-3.));
#2765 = VECTOR('',#2766,1.);
#2766 = DIRECTION('',(0.,0.,1.));
#2767 = ORIENTED_EDGE('',*,*,#1956,.T.);
#2768 = ORIENTED_EDGE('',*,*,#2769,.T.);
#2769 = EDGE_CURVE('',#1959,#2770,#2772,.T.);
#2770 = VERTEX_POINT('',#2771);
#2771 = CARTESIAN_POINT('',(-0.32,-4.76,8.38));
#2772 = LINE('',#2773,#2774);
#2773 = CARTESIAN_POINT('',(-0.32,-4.76,-3.));
#2774 = VECTOR('',#2775,1.);
#2775 = DIRECTION('',(0.,0.,1.));
#2776 = ORIENTED_EDGE('',*,*,#2777,.T.);
#2777 = EDGE_CURVE('',#2770,#2761,#2778,.T.);
#2778 = LINE('',#2779,#2780);
#2779 = CARTESIAN_POINT('',(-0.32,-4.76,8.38));
#2780 = VECTOR('',#2781,1.);
#2781 = DIRECTION('',(1.,0.,0.));
#2782 = PLANE('',#2783);
#2783 = AXIS2_PLACEMENT_3D('',#2784,#2785,#2786);
#2784 = CARTESIAN_POINT('',(-0.32,-4.76,-3.));
#2785 = DIRECTION('',(0.,1.,0.));
#2786 = DIRECTION('',(0.,-0.,1.));
#2787 = ADVANCED_FACE('',(#2788),#2806,.F.);
#2788 = FACE_BOUND('',#2789,.F.);
#2789 = EDGE_LOOP('',(#2790,#2798,#2799,#2800));
#2790 = ORIENTED_EDGE('',*,*,#2791,.F.);
#2791 = EDGE_CURVE('',#1975,#2792,#2794,.T.);
#2792 = VERTEX_POINT('',#2793);
#2793 = CARTESIAN_POINT('',(-0.32,-5.4,8.38));
#2794 = LINE('',#2795,#2796);
#2795 = CARTESIAN_POINT('',(-0.32,-5.4,-3.));
#2796 = VECTOR('',#2797,1.);
#2797 = DIRECTION('',(0.,0.,1.));
#2798 = ORIENTED_EDGE('',*,*,#1982,.T.);
#2799 = ORIENTED_EDGE('',*,*,#2769,.T.);
#2800 = ORIENTED_EDGE('',*,*,#2801,.F.);
#2801 = EDGE_CURVE('',#2792,#2770,#2802,.T.);
#2802 = LINE('',#2803,#2804);
#2803 = CARTESIAN_POINT('',(-0.32,-5.4,8.38));
#2804 = VECTOR('',#2805,1.);
#2805 = DIRECTION('',(0.,1.,0.));
#2806 = PLANE('',#2807);
#2807 = AXIS2_PLACEMENT_3D('',#2808,#2809,#2810);
#2808 = CARTESIAN_POINT('',(-0.32,-5.4,-3.));
#2809 = DIRECTION('',(1.,0.,0.));
#2810 = DIRECTION('',(0.,0.,1.));
#2811 = ADVANCED_FACE('',(#2812),#2830,.F.);
#2812 = FACE_BOUND('',#2813,.F.);
#2813 = EDGE_LOOP('',(#2814,#2822,#2823,#2824));
#2814 = ORIENTED_EDGE('',*,*,#2815,.F.);
#2815 = EDGE_CURVE('',#1967,#2816,#2818,.T.);
#2816 = VERTEX_POINT('',#2817);
#2817 = CARTESIAN_POINT('',(0.32,-5.4,8.38));
#2818 = LINE('',#2819,#2820);
#2819 = CARTESIAN_POINT('',(0.32,-5.4,-3.));
#2820 = VECTOR('',#2821,1.);
#2821 = DIRECTION('',(0.,0.,1.));
#2822 = ORIENTED_EDGE('',*,*,#1974,.T.);
#2823 = ORIENTED_EDGE('',*,*,#2791,.T.);
#2824 = ORIENTED_EDGE('',*,*,#2825,.T.);
#2825 = EDGE_CURVE('',#2792,#2816,#2826,.T.);
#2826 = LINE('',#2827,#2828);
#2827 = CARTESIAN_POINT('',(-0.32,-5.4,8.38));
#2828 = VECTOR('',#2829,1.);
#2829 = DIRECTION('',(1.,0.,0.));
#2830 = PLANE('',#2831);
#2831 = AXIS2_PLACEMENT_3D('',#2832,#2833,#2834);
#2832 = CARTESIAN_POINT('',(-0.32,-5.4,-3.));
#2833 = DIRECTION('',(0.,1.,0.));
#2834 = DIRECTION('',(0.,-0.,1.));
#2835 = ADVANCED_FACE('',(#2836),#2847,.T.);
#2836 = FACE_BOUND('',#2837,.T.);
#2837 = EDGE_LOOP('',(#2838,#2839,#2840,#2841));
#2838 = ORIENTED_EDGE('',*,*,#2815,.F.);
#2839 = ORIENTED_EDGE('',*,*,#1966,.T.);
#2840 = ORIENTED_EDGE('',*,*,#2760,.T.);
#2841 = ORIENTED_EDGE('',*,*,#2842,.F.);
#2842 = EDGE_CURVE('',#2816,#2761,#2843,.T.);
#2843 = LINE('',#2844,#2845);
#2844 = CARTESIAN_POINT('',(0.32,-5.4,8.38));
#2845 = VECTOR('',#2846,1.);
#2846 = DIRECTION('',(0.,1.,0.));
#2847 = PLANE('',#2848);
#2848 = AXIS2_PLACEMENT_3D('',#2849,#2850,#2851);
#2849 = CARTESIAN_POINT('',(0.32,-5.4,-3.));
#2850 = DIRECTION('',(1.,0.,0.));
#2851 = DIRECTION('',(0.,0.,1.));
#2852 = ADVANCED_FACE('',(#2853),#2878,.F.);
#2853 = FACE_BOUND('',#2854,.F.);
#2854 = EDGE_LOOP('',(#2855,#2863,#2864,#2872));
#2855 = ORIENTED_EDGE('',*,*,#2856,.F.);
#2856 = EDGE_CURVE('',#2281,#2857,#2859,.T.);
#2857 = VERTEX_POINT('',#2858);
#2858 = CARTESIAN_POINT('',(0.16,-0.16,-3.));
#2859 = LINE('',#2860,#2861);
#2860 = CARTESIAN_POINT('',(0.16,-0.16,-3.));
#2861 = VECTOR('',#2862,1.);
#2862 = DIRECTION('',(-0.57735026919,0.57735026919,-0.57735026919));
#2863 = ORIENTED_EDGE('',*,*,#2288,.T.);
#2864 = ORIENTED_EDGE('',*,*,#2865,.T.);
#2865 = EDGE_CURVE('',#2289,#2866,#2868,.T.);
#2866 = VERTEX_POINT('',#2867);
#2867 = CARTESIAN_POINT('',(0.16,0.16,-3.));
#2868 = LINE('',#2869,#2870);
#2869 = CARTESIAN_POINT('',(5.333333333333E-02,5.333333333333E-02,
    -3.106666666667));
#2870 = VECTOR('',#2871,1.);
#2871 = DIRECTION('',(-0.57735026919,-0.57735026919,-0.57735026919));
#2872 = ORIENTED_EDGE('',*,*,#2873,.F.);
#2873 = EDGE_CURVE('',#2857,#2866,#2874,.T.);
#2874 = LINE('',#2875,#2876);
#2875 = CARTESIAN_POINT('',(0.16,-0.32,-3.));
#2876 = VECTOR('',#2877,1.);
#2877 = DIRECTION('',(0.,1.,0.));
#2878 = PLANE('',#2879);
#2879 = AXIS2_PLACEMENT_3D('',#2880,#2881,#2882);
#2880 = CARTESIAN_POINT('',(0.24,-0.32,-2.92));
#2881 = DIRECTION('',(-0.707106781187,1.735167508357E-18,0.707106781187)
  );
#2882 = DIRECTION('',(1.226948711654E-18,1.,-1.226948711654E-18));
#2883 = ADVANCED_FACE('',(#2884),#2902,.F.);
#2884 = FACE_BOUND('',#2885,.T.);
#2885 = EDGE_LOOP('',(#2886,#2894,#2895,#2896));
#2886 = ORIENTED_EDGE('',*,*,#2887,.F.);
#2887 = EDGE_CURVE('',#2313,#2888,#2890,.T.);
#2888 = VERTEX_POINT('',#2889);
#2889 = CARTESIAN_POINT('',(-0.16,0.16,-3.));
#2890 = LINE('',#2891,#2892);
#2891 = CARTESIAN_POINT('',(-0.16,0.16,-3.));
#2892 = VECTOR('',#2893,1.);
#2893 = DIRECTION('',(0.57735026919,-0.57735026919,-0.57735026919));
#2894 = ORIENTED_EDGE('',*,*,#2312,.T.);
#2895 = ORIENTED_EDGE('',*,*,#2865,.T.);
#2896 = ORIENTED_EDGE('',*,*,#2897,.F.);
#2897 = EDGE_CURVE('',#2888,#2866,#2898,.T.);
#2898 = LINE('',#2899,#2900);
#2899 = CARTESIAN_POINT('',(-0.32,0.16,-3.));
#2900 = VECTOR('',#2901,1.);
#2901 = DIRECTION('',(1.,0.,0.));
#2902 = PLANE('',#2903);
#2903 = AXIS2_PLACEMENT_3D('',#2904,#2905,#2906);
#2904 = CARTESIAN_POINT('',(-0.32,0.24,-2.92));
#2905 = DIRECTION('',(-1.735167508357E-18,-0.707106781187,0.707106781187
    ));
#2906 = DIRECTION('',(-1.,1.226948711654E-18,-1.226948711654E-18));
#2907 = ADVANCED_FACE('',(#2908),#2926,.T.);
#2908 = FACE_BOUND('',#2909,.T.);
#2909 = EDGE_LOOP('',(#2910,#2918,#2919,#2920));
#2910 = ORIENTED_EDGE('',*,*,#2911,.F.);
#2911 = EDGE_CURVE('',#2336,#2912,#2914,.T.);
#2912 = VERTEX_POINT('',#2913);
#2913 = CARTESIAN_POINT('',(-0.16,-0.16,-3.));
#2914 = LINE('',#2915,#2916);
#2915 = CARTESIAN_POINT('',(-0.266666666667,-0.266666666667,
    -2.893333333333));
#2916 = VECTOR('',#2917,1.);
#2917 = DIRECTION('',(0.57735026919,0.57735026919,-0.57735026919));
#2918 = ORIENTED_EDGE('',*,*,#2343,.T.);
#2919 = ORIENTED_EDGE('',*,*,#2887,.T.);
#2920 = ORIENTED_EDGE('',*,*,#2921,.F.);
#2921 = EDGE_CURVE('',#2912,#2888,#2922,.T.);
#2922 = LINE('',#2923,#2924);
#2923 = CARTESIAN_POINT('',(-0.16,-0.32,-3.));
#2924 = VECTOR('',#2925,1.);
#2925 = DIRECTION('',(0.,1.,0.));
#2926 = PLANE('',#2927);
#2927 = AXIS2_PLACEMENT_3D('',#2928,#2929,#2930);
#2928 = CARTESIAN_POINT('',(-0.24,-0.32,-2.92));
#2929 = DIRECTION('',(-0.707106781187,-1.735167508357E-18,
    -0.707106781187));
#2930 = DIRECTION('',(-1.226948711654E-18,1.,-1.226948711654E-18));
#2931 = ADVANCED_FACE('',(#2932),#2943,.T.);
#2932 = FACE_BOUND('',#2933,.F.);
#2933 = EDGE_LOOP('',(#2934,#2935,#2936,#2937));
#2934 = ORIENTED_EDGE('',*,*,#2911,.F.);
#2935 = ORIENTED_EDGE('',*,*,#2360,.T.);
#2936 = ORIENTED_EDGE('',*,*,#2856,.T.);
#2937 = ORIENTED_EDGE('',*,*,#2938,.F.);
#2938 = EDGE_CURVE('',#2912,#2857,#2939,.T.);
#2939 = LINE('',#2940,#2941);
#2940 = CARTESIAN_POINT('',(-0.32,-0.16,-3.));
#2941 = VECTOR('',#2942,1.);
#2942 = DIRECTION('',(1.,0.,0.));
#2943 = PLANE('',#2944);
#2944 = AXIS2_PLACEMENT_3D('',#2945,#2946,#2947);
#2945 = CARTESIAN_POINT('',(-0.32,-0.24,-2.92));
#2946 = DIRECTION('',(1.735167508357E-18,-0.707106781187,-0.707106781187
    ));
#2947 = DIRECTION('',(-1.,-1.226948711654E-18,-1.226948711654E-18));
#2948 = ADVANCED_FACE('',(#2949),#2974,.T.);
#2949 = FACE_BOUND('',#2950,.F.);
#2950 = EDGE_LOOP('',(#2951,#2959,#2960,#2968));
#2951 = ORIENTED_EDGE('',*,*,#2952,.F.);
#2952 = EDGE_CURVE('',#2385,#2953,#2955,.T.);
#2953 = VERTEX_POINT('',#2954);
#2954 = CARTESIAN_POINT('',(-0.16,-2.7,-3.));
#2955 = LINE('',#2956,#2957);
#2956 = CARTESIAN_POINT('',(-0.266666666667,-2.806666666667,
    -2.893333333333));
#2957 = VECTOR('',#2958,1.);
#2958 = DIRECTION('',(0.57735026919,0.57735026919,-0.57735026919));
#2959 = ORIENTED_EDGE('',*,*,#2384,.T.);
#2960 = ORIENTED_EDGE('',*,*,#2961,.T.);
#2961 = EDGE_CURVE('',#2377,#2962,#2964,.T.);
#2962 = VERTEX_POINT('',#2963);
#2963 = CARTESIAN_POINT('',(0.16,-2.7,-3.));
#2964 = LINE('',#2965,#2966);
#2965 = CARTESIAN_POINT('',(0.16,-2.7,-3.));
#2966 = VECTOR('',#2967,1.);
#2967 = DIRECTION('',(-0.57735026919,0.57735026919,-0.57735026919));
#2968 = ORIENTED_EDGE('',*,*,#2969,.F.);
#2969 = EDGE_CURVE('',#2953,#2962,#2970,.T.);
#2970 = LINE('',#2971,#2972);
#2971 = CARTESIAN_POINT('',(-0.32,-2.7,-3.));
#2972 = VECTOR('',#2973,1.);
#2973 = DIRECTION('',(1.,0.,0.));
#2974 = PLANE('',#2975);
#2975 = AXIS2_PLACEMENT_3D('',#2976,#2977,#2978);
#2976 = CARTESIAN_POINT('',(-0.32,-2.78,-2.92));
#2977 = DIRECTION('',(1.735167508357E-18,-0.707106781187,-0.707106781187
    ));
#2978 = DIRECTION('',(-1.,-1.226948711654E-18,-1.226948711654E-18));
#2979 = ADVANCED_FACE('',(#2980),#2998,.F.);
#2980 = FACE_BOUND('',#2981,.F.);
#2981 = EDGE_LOOP('',(#2982,#2983,#2984,#2992));
#2982 = ORIENTED_EDGE('',*,*,#2961,.F.);
#2983 = ORIENTED_EDGE('',*,*,#2408,.T.);
#2984 = ORIENTED_EDGE('',*,*,#2985,.T.);
#2985 = EDGE_CURVE('',#2409,#2986,#2988,.T.);
#2986 = VERTEX_POINT('',#2987);
#2987 = CARTESIAN_POINT('',(0.16,-2.38,-3.));
#2988 = LINE('',#2989,#2990);
#2989 = CARTESIAN_POINT('',(5.333333333333E-02,-2.486666666667,
    -3.106666666667));
#2990 = VECTOR('',#2991,1.);
#2991 = DIRECTION('',(-0.57735026919,-0.57735026919,-0.57735026919));
#2992 = ORIENTED_EDGE('',*,*,#2993,.F.);
#2993 = EDGE_CURVE('',#2962,#2986,#2994,.T.);
#2994 = LINE('',#2995,#2996);
#2995 = CARTESIAN_POINT('',(0.16,-2.86,-3.));
#2996 = VECTOR('',#2997,1.);
#2997 = DIRECTION('',(0.,1.,0.));
#2998 = PLANE('',#2999);
#2999 = AXIS2_PLACEMENT_3D('',#3000,#3001,#3002);
#3000 = CARTESIAN_POINT('',(0.24,-2.86,-2.92));
#3001 = DIRECTION('',(-0.707106781187,1.735167508357E-18,0.707106781187)
  );
#3002 = DIRECTION('',(1.226948711654E-18,1.,-1.226948711654E-18));
#3003 = ADVANCED_FACE('',(#3004),#3022,.F.);
#3004 = FACE_BOUND('',#3005,.T.);
#3005 = EDGE_LOOP('',(#3006,#3014,#3015,#3016));
#3006 = ORIENTED_EDGE('',*,*,#3007,.F.);
#3007 = EDGE_CURVE('',#2433,#3008,#3010,.T.);
#3008 = VERTEX_POINT('',#3009);
#3009 = CARTESIAN_POINT('',(-0.16,-2.38,-3.));
#3010 = LINE('',#3011,#3012);
#3011 = CARTESIAN_POINT('',(-0.16,-2.38,-3.));
#3012 = VECTOR('',#3013,1.);
#3013 = DIRECTION('',(0.57735026919,-0.57735026919,-0.57735026919));
#3014 = ORIENTED_EDGE('',*,*,#2432,.T.);
#3015 = ORIENTED_EDGE('',*,*,#2985,.T.);
#3016 = ORIENTED_EDGE('',*,*,#3017,.F.);
#3017 = EDGE_CURVE('',#3008,#2986,#3018,.T.);
#3018 = LINE('',#3019,#3020);
#3019 = CARTESIAN_POINT('',(-0.32,-2.38,-3.));
#3020 = VECTOR('',#3021,1.);
#3021 = DIRECTION('',(1.,0.,0.));
#3022 = PLANE('',#3023);
#3023 = AXIS2_PLACEMENT_3D('',#3024,#3025,#3026);
#3024 = CARTESIAN_POINT('',(-0.32,-2.3,-2.92));
#3025 = DIRECTION('',(-1.735167508357E-18,-0.707106781187,0.707106781187
    ));
#3026 = DIRECTION('',(-1.,1.226948711654E-18,-1.226948711654E-18));
#3027 = ADVANCED_FACE('',(#3028),#3039,.T.);
#3028 = FACE_BOUND('',#3029,.T.);
#3029 = EDGE_LOOP('',(#3030,#3031,#3032,#3033));
#3030 = ORIENTED_EDGE('',*,*,#2952,.F.);
#3031 = ORIENTED_EDGE('',*,*,#2456,.T.);
#3032 = ORIENTED_EDGE('',*,*,#3007,.T.);
#3033 = ORIENTED_EDGE('',*,*,#3034,.F.);
#3034 = EDGE_CURVE('',#2953,#3008,#3035,.T.);
#3035 = LINE('',#3036,#3037);
#3036 = CARTESIAN_POINT('',(-0.16,-2.86,-3.));
#3037 = VECTOR('',#3038,1.);
#3038 = DIRECTION('',(0.,1.,0.));
#3039 = PLANE('',#3040);
#3040 = AXIS2_PLACEMENT_3D('',#3041,#3042,#3043);
#3041 = CARTESIAN_POINT('',(-0.24,-2.86,-2.92));
#3042 = DIRECTION('',(-0.707106781187,-1.735167508357E-18,
    -0.707106781187));
#3043 = DIRECTION('',(-1.226948711654E-18,1.,-1.226948711654E-18));
#3044 = ADVANCED_FACE('',(#3045),#3070,.F.);
#3045 = FACE_BOUND('',#3046,.T.);
#3046 = EDGE_LOOP('',(#3047,#3055,#3056,#3064));
#3047 = ORIENTED_EDGE('',*,*,#3048,.F.);
#3048 = EDGE_CURVE('',#2481,#3049,#3051,.T.);
#3049 = VERTEX_POINT('',#3050);
#3050 = CARTESIAN_POINT('',(-0.16,-4.92,-3.));
#3051 = LINE('',#3052,#3053);
#3052 = CARTESIAN_POINT('',(-0.16,-4.92,-3.));
#3053 = VECTOR('',#3054,1.);
#3054 = DIRECTION('',(0.57735026919,-0.57735026919,-0.57735026919));
#3055 = ORIENTED_EDGE('',*,*,#2480,.T.);
#3056 = ORIENTED_EDGE('',*,*,#3057,.T.);
#3057 = EDGE_CURVE('',#2473,#3058,#3060,.T.);
#3058 = VERTEX_POINT('',#3059);
#3059 = CARTESIAN_POINT('',(0.16,-4.92,-3.));
#3060 = LINE('',#3061,#3062);
#3061 = CARTESIAN_POINT('',(5.333333333333E-02,-5.026666666667,
    -3.106666666667));
#3062 = VECTOR('',#3063,1.);
#3063 = DIRECTION('',(-0.57735026919,-0.57735026919,-0.57735026919));
#3064 = ORIENTED_EDGE('',*,*,#3065,.F.);
#3065 = EDGE_CURVE('',#3049,#3058,#3066,.T.);
#3066 = LINE('',#3067,#3068);
#3067 = CARTESIAN_POINT('',(-0.32,-4.92,-3.));
#3068 = VECTOR('',#3069,1.);
#3069 = DIRECTION('',(1.,0.,0.));
#3070 = PLANE('',#3071);
#3071 = AXIS2_PLACEMENT_3D('',#3072,#3073,#3074);
#3072 = CARTESIAN_POINT('',(-0.32,-4.84,-2.92));
#3073 = DIRECTION('',(-1.735167508357E-18,-0.707106781187,0.707106781187
    ));
#3074 = DIRECTION('',(-1.,1.226948711654E-18,-1.226948711654E-18));
#3075 = ADVANCED_FACE('',(#3076),#3094,.T.);
#3076 = FACE_BOUND('',#3077,.T.);
#3077 = EDGE_LOOP('',(#3078,#3086,#3087,#3088));
#3078 = ORIENTED_EDGE('',*,*,#3079,.F.);
#3079 = EDGE_CURVE('',#2504,#3080,#3082,.T.);
#3080 = VERTEX_POINT('',#3081);
#3081 = CARTESIAN_POINT('',(-0.16,-5.24,-3.));
#3082 = LINE('',#3083,#3084);
#3083 = CARTESIAN_POINT('',(-0.266666666667,-5.346666666667,
    -2.893333333333));
#3084 = VECTOR('',#3085,1.);
#3085 = DIRECTION('',(0.57735026919,0.57735026919,-0.57735026919));
#3086 = ORIENTED_EDGE('',*,*,#2511,.T.);
#3087 = ORIENTED_EDGE('',*,*,#3048,.T.);
#3088 = ORIENTED_EDGE('',*,*,#3089,.F.);
#3089 = EDGE_CURVE('',#3080,#3049,#3090,.T.);
#3090 = LINE('',#3091,#3092);
#3091 = CARTESIAN_POINT('',(-0.16,-5.4,-3.));
#3092 = VECTOR('',#3093,1.);
#3093 = DIRECTION('',(0.,1.,0.));
#3094 = PLANE('',#3095);
#3095 = AXIS2_PLACEMENT_3D('',#3096,#3097,#3098);
#3096 = CARTESIAN_POINT('',(-0.24,-5.4,-2.92));
#3097 = DIRECTION('',(-0.707106781187,-1.735167508357E-18,
    -0.707106781187));
#3098 = DIRECTION('',(-1.226948711654E-18,1.,-1.226948711654E-18));
#3099 = ADVANCED_FACE('',(#3100),#3118,.T.);
#3100 = FACE_BOUND('',#3101,.F.);
#3101 = EDGE_LOOP('',(#3102,#3103,#3104,#3112));
#3102 = ORIENTED_EDGE('',*,*,#3079,.F.);
#3103 = ORIENTED_EDGE('',*,*,#2535,.T.);
#3104 = ORIENTED_EDGE('',*,*,#3105,.T.);
#3105 = EDGE_CURVE('',#2528,#3106,#3108,.T.);
#3106 = VERTEX_POINT('',#3107);
#3107 = CARTESIAN_POINT('',(0.16,-5.24,-3.));
#3108 = LINE('',#3109,#3110);
#3109 = CARTESIAN_POINT('',(0.16,-5.24,-3.));
#3110 = VECTOR('',#3111,1.);
#3111 = DIRECTION('',(-0.57735026919,0.57735026919,-0.57735026919));
#3112 = ORIENTED_EDGE('',*,*,#3113,.F.);
#3113 = EDGE_CURVE('',#3080,#3106,#3114,.T.);
#3114 = LINE('',#3115,#3116);
#3115 = CARTESIAN_POINT('',(-0.32,-5.24,-3.));
#3116 = VECTOR('',#3117,1.);
#3117 = DIRECTION('',(1.,0.,0.));
#3118 = PLANE('',#3119);
#3119 = AXIS2_PLACEMENT_3D('',#3120,#3121,#3122);
#3120 = CARTESIAN_POINT('',(-0.32,-5.32,-2.92));
#3121 = DIRECTION('',(1.735167508357E-18,-0.707106781187,-0.707106781187
    ));
#3122 = DIRECTION('',(-1.,-1.226948711654E-18,-1.226948711654E-18));
#3123 = ADVANCED_FACE('',(#3124),#3135,.F.);
#3124 = FACE_BOUND('',#3125,.F.);
#3125 = EDGE_LOOP('',(#3126,#3127,#3128,#3129));
#3126 = ORIENTED_EDGE('',*,*,#3105,.F.);
#3127 = ORIENTED_EDGE('',*,*,#2552,.T.);
#3128 = ORIENTED_EDGE('',*,*,#3057,.T.);
#3129 = ORIENTED_EDGE('',*,*,#3130,.F.);
#3130 = EDGE_CURVE('',#3106,#3058,#3131,.T.);
#3131 = LINE('',#3132,#3133);
#3132 = CARTESIAN_POINT('',(0.16,-5.4,-3.));
#3133 = VECTOR('',#3134,1.);
#3134 = DIRECTION('',(0.,1.,0.));
#3135 = PLANE('',#3136);
#3136 = AXIS2_PLACEMENT_3D('',#3137,#3138,#3139);
#3137 = CARTESIAN_POINT('',(0.24,-5.4,-2.92));
#3138 = DIRECTION('',(-0.707106781187,1.735167508357E-18,0.707106781187)
  );
#3139 = DIRECTION('',(1.226948711654E-18,1.,-1.226948711654E-18));
#3140 = ADVANCED_FACE('',(#3141),#3166,.T.);
#3141 = FACE_BOUND('',#3142,.T.);
#3142 = EDGE_LOOP('',(#3143,#3151,#3152,#3160));
#3143 = ORIENTED_EDGE('',*,*,#3144,.F.);
#3144 = EDGE_CURVE('',#2569,#3145,#3147,.T.);
#3145 = VERTEX_POINT('',#3146);
#3146 = CARTESIAN_POINT('',(0.16,-0.16,8.54));
#3147 = LINE('',#3148,#3149);
#3148 = CARTESIAN_POINT('',(0.16,-0.16,8.54));
#3149 = VECTOR('',#3150,1.);
#3150 = DIRECTION('',(-0.57735026919,0.57735026919,0.57735026919));
#3151 = ORIENTED_EDGE('',*,*,#2585,.T.);
#3152 = ORIENTED_EDGE('',*,*,#3153,.T.);
#3153 = EDGE_CURVE('',#2578,#3154,#3156,.T.);
#3154 = VERTEX_POINT('',#3155);
#3155 = CARTESIAN_POINT('',(0.16,0.16,8.54));
#3156 = LINE('',#3157,#3158);
#3157 = CARTESIAN_POINT('',(5.333333333333E-02,5.333333333333E-02,
    8.646666666667));
#3158 = VECTOR('',#3159,1.);
#3159 = DIRECTION('',(-0.57735026919,-0.57735026919,0.57735026919));
#3160 = ORIENTED_EDGE('',*,*,#3161,.F.);
#3161 = EDGE_CURVE('',#3145,#3154,#3162,.T.);
#3162 = LINE('',#3163,#3164);
#3163 = CARTESIAN_POINT('',(0.16,-0.32,8.54));
#3164 = VECTOR('',#3165,1.);
#3165 = DIRECTION('',(0.,1.,0.));
#3166 = PLANE('',#3167);
#3167 = AXIS2_PLACEMENT_3D('',#3168,#3169,#3170);
#3168 = CARTESIAN_POINT('',(0.24,-0.32,8.46));
#3169 = DIRECTION('',(0.707106781187,-1.735167508357E-18,0.707106781187)
  );
#3170 = DIRECTION('',(1.226948711654E-18,1.,1.226948711654E-18));
#3171 = ADVANCED_FACE('',(#3172),#3190,.T.);
#3172 = FACE_BOUND('',#3173,.F.);
#3173 = EDGE_LOOP('',(#3174,#3182,#3183,#3184));
#3174 = ORIENTED_EDGE('',*,*,#3175,.F.);
#3175 = EDGE_CURVE('',#2602,#3176,#3178,.T.);
#3176 = VERTEX_POINT('',#3177);
#3177 = CARTESIAN_POINT('',(-0.16,0.16,8.54));
#3178 = LINE('',#3179,#3180);
#3179 = CARTESIAN_POINT('',(-0.16,0.16,8.54));
#3180 = VECTOR('',#3181,1.);
#3181 = DIRECTION('',(0.57735026919,-0.57735026919,0.57735026919));
#3182 = ORIENTED_EDGE('',*,*,#2609,.T.);
#3183 = ORIENTED_EDGE('',*,*,#3153,.T.);
#3184 = ORIENTED_EDGE('',*,*,#3185,.F.);
#3185 = EDGE_CURVE('',#3176,#3154,#3186,.T.);
#3186 = LINE('',#3187,#3188);
#3187 = CARTESIAN_POINT('',(-0.32,0.16,8.54));
#3188 = VECTOR('',#3189,1.);
#3189 = DIRECTION('',(1.,0.,0.));
#3190 = PLANE('',#3191);
#3191 = AXIS2_PLACEMENT_3D('',#3192,#3193,#3194);
#3192 = CARTESIAN_POINT('',(-0.32,0.24,8.46));
#3193 = DIRECTION('',(1.735167508357E-18,0.707106781187,0.707106781187)
  );
#3194 = DIRECTION('',(-1.,1.226948711654E-18,1.226948711654E-18));
#3195 = ADVANCED_FACE('',(#3196),#3214,.F.);
#3196 = FACE_BOUND('',#3197,.F.);
#3197 = EDGE_LOOP('',(#3198,#3206,#3207,#3208));
#3198 = ORIENTED_EDGE('',*,*,#3199,.F.);
#3199 = EDGE_CURVE('',#2624,#3200,#3202,.T.);
#3200 = VERTEX_POINT('',#3201);
#3201 = CARTESIAN_POINT('',(-0.16,-0.16,8.54));
#3202 = LINE('',#3203,#3204);
#3203 = CARTESIAN_POINT('',(-0.266666666667,-0.266666666667,
    8.433333333333));
#3204 = VECTOR('',#3205,1.);
#3205 = DIRECTION('',(0.57735026919,0.57735026919,0.57735026919));
#3206 = ORIENTED_EDGE('',*,*,#2633,.T.);
#3207 = ORIENTED_EDGE('',*,*,#3175,.T.);
#3208 = ORIENTED_EDGE('',*,*,#3209,.F.);
#3209 = EDGE_CURVE('',#3200,#3176,#3210,.T.);
#3210 = LINE('',#3211,#3212);
#3211 = CARTESIAN_POINT('',(-0.16,-0.32,8.54));
#3212 = VECTOR('',#3213,1.);
#3213 = DIRECTION('',(0.,1.,0.));
#3214 = PLANE('',#3215);
#3215 = AXIS2_PLACEMENT_3D('',#3216,#3217,#3218);
#3216 = CARTESIAN_POINT('',(-0.24,-0.32,8.46));
#3217 = DIRECTION('',(0.707106781187,1.735167508357E-18,-0.707106781187)
  );
#3218 = DIRECTION('',(-1.226948711654E-18,1.,1.226948711654E-18));
#3219 = ADVANCED_FACE('',(#3220),#3231,.F.);
#3220 = FACE_BOUND('',#3221,.T.);
#3221 = EDGE_LOOP('',(#3222,#3223,#3224,#3225));
#3222 = ORIENTED_EDGE('',*,*,#3199,.F.);
#3223 = ORIENTED_EDGE('',*,*,#2650,.T.);
#3224 = ORIENTED_EDGE('',*,*,#3144,.T.);
#3225 = ORIENTED_EDGE('',*,*,#3226,.F.);
#3226 = EDGE_CURVE('',#3200,#3145,#3227,.T.);
#3227 = LINE('',#3228,#3229);
#3228 = CARTESIAN_POINT('',(-0.32,-0.16,8.54));
#3229 = VECTOR('',#3230,1.);
#3230 = DIRECTION('',(1.,0.,0.));
#3231 = PLANE('',#3232);
#3232 = AXIS2_PLACEMENT_3D('',#3233,#3234,#3235);
#3233 = CARTESIAN_POINT('',(-0.32,-0.24,8.46));
#3234 = DIRECTION('',(-1.735167508357E-18,0.707106781187,-0.707106781187
    ));
#3235 = DIRECTION('',(-1.,-1.226948711654E-18,1.226948711654E-18));
#3236 = ADVANCED_FACE('',(#3237),#3262,.F.);
#3237 = FACE_BOUND('',#3238,.T.);
#3238 = EDGE_LOOP('',(#3239,#3247,#3248,#3256));
#3239 = ORIENTED_EDGE('',*,*,#3240,.F.);
#3240 = EDGE_CURVE('',#2674,#3241,#3243,.T.);
#3241 = VERTEX_POINT('',#3242);
#3242 = CARTESIAN_POINT('',(-0.16,-2.7,8.54));
#3243 = LINE('',#3244,#3245);
#3244 = CARTESIAN_POINT('',(-0.266666666667,-2.806666666667,
    8.433333333333));
#3245 = VECTOR('',#3246,1.);
#3246 = DIRECTION('',(0.57735026919,0.57735026919,0.57735026919));
#3247 = ORIENTED_EDGE('',*,*,#2681,.T.);
#3248 = ORIENTED_EDGE('',*,*,#3249,.T.);
#3249 = EDGE_CURVE('',#2665,#3250,#3252,.T.);
#3250 = VERTEX_POINT('',#3251);
#3251 = CARTESIAN_POINT('',(0.16,-2.7,8.54));
#3252 = LINE('',#3253,#3254);
#3253 = CARTESIAN_POINT('',(0.16,-2.7,8.54));
#3254 = VECTOR('',#3255,1.);
#3255 = DIRECTION('',(-0.57735026919,0.57735026919,0.57735026919));
#3256 = ORIENTED_EDGE('',*,*,#3257,.F.);
#3257 = EDGE_CURVE('',#3241,#3250,#3258,.T.);
#3258 = LINE('',#3259,#3260);
#3259 = CARTESIAN_POINT('',(-0.32,-2.7,8.54));
#3260 = VECTOR('',#3261,1.);
#3261 = DIRECTION('',(1.,0.,0.));
#3262 = PLANE('',#3263);
#3263 = AXIS2_PLACEMENT_3D('',#3264,#3265,#3266);
#3264 = CARTESIAN_POINT('',(-0.32,-2.78,8.46));
#3265 = DIRECTION('',(-1.735167508357E-18,0.707106781187,-0.707106781187
    ));
#3266 = DIRECTION('',(-1.,-1.226948711654E-18,1.226948711654E-18));
#3267 = ADVANCED_FACE('',(#3268),#3286,.T.);
#3268 = FACE_BOUND('',#3269,.T.);
#3269 = EDGE_LOOP('',(#3270,#3271,#3272,#3280));
#3270 = ORIENTED_EDGE('',*,*,#3249,.F.);
#3271 = ORIENTED_EDGE('',*,*,#2705,.T.);
#3272 = ORIENTED_EDGE('',*,*,#3273,.T.);
#3273 = EDGE_CURVE('',#2698,#3274,#3276,.T.);
#3274 = VERTEX_POINT('',#3275);
#3275 = CARTESIAN_POINT('',(0.16,-2.38,8.54));
#3276 = LINE('',#3277,#3278);
#3277 = CARTESIAN_POINT('',(5.333333333333E-02,-2.486666666667,
    8.646666666667));
#3278 = VECTOR('',#3279,1.);
#3279 = DIRECTION('',(-0.57735026919,-0.57735026919,0.57735026919));
#3280 = ORIENTED_EDGE('',*,*,#3281,.F.);
#3281 = EDGE_CURVE('',#3250,#3274,#3282,.T.);
#3282 = LINE('',#3283,#3284);
#3283 = CARTESIAN_POINT('',(0.16,-2.86,8.54));
#3284 = VECTOR('',#3285,1.);
#3285 = DIRECTION('',(0.,1.,0.));
#3286 = PLANE('',#3287);
#3287 = AXIS2_PLACEMENT_3D('',#3288,#3289,#3290);
#3288 = CARTESIAN_POINT('',(0.24,-2.86,8.46));
#3289 = DIRECTION('',(0.707106781187,-1.735167508357E-18,0.707106781187)
  );
#3290 = DIRECTION('',(1.226948711654E-18,1.,1.226948711654E-18));
#3291 = ADVANCED_FACE('',(#3292),#3310,.T.);
#3292 = FACE_BOUND('',#3293,.F.);
#3293 = EDGE_LOOP('',(#3294,#3302,#3303,#3304));
#3294 = ORIENTED_EDGE('',*,*,#3295,.F.);
#3295 = EDGE_CURVE('',#2722,#3296,#3298,.T.);
#3296 = VERTEX_POINT('',#3297);
#3297 = CARTESIAN_POINT('',(-0.16,-2.38,8.54));
#3298 = LINE('',#3299,#3300);
#3299 = CARTESIAN_POINT('',(-0.16,-2.38,8.54));
#3300 = VECTOR('',#3301,1.);
#3301 = DIRECTION('',(0.57735026919,-0.57735026919,0.57735026919));
#3302 = ORIENTED_EDGE('',*,*,#2729,.T.);
#3303 = ORIENTED_EDGE('',*,*,#3273,.T.);
#3304 = ORIENTED_EDGE('',*,*,#3305,.F.);
#3305 = EDGE_CURVE('',#3296,#3274,#3306,.T.);
#3306 = LINE('',#3307,#3308);
#3307 = CARTESIAN_POINT('',(-0.32,-2.38,8.54));
#3308 = VECTOR('',#3309,1.);
#3309 = DIRECTION('',(1.,0.,0.));
#3310 = PLANE('',#3311);
#3311 = AXIS2_PLACEMENT_3D('',#3312,#3313,#3314);
#3312 = CARTESIAN_POINT('',(-0.32,-2.3,8.46));
#3313 = DIRECTION('',(1.735167508357E-18,0.707106781187,0.707106781187)
  );
#3314 = DIRECTION('',(-1.,1.226948711654E-18,1.226948711654E-18));
#3315 = ADVANCED_FACE('',(#3316),#3327,.F.);
#3316 = FACE_BOUND('',#3317,.F.);
#3317 = EDGE_LOOP('',(#3318,#3319,#3320,#3321));
#3318 = ORIENTED_EDGE('',*,*,#3240,.F.);
#3319 = ORIENTED_EDGE('',*,*,#2746,.T.);
#3320 = ORIENTED_EDGE('',*,*,#3295,.T.);
#3321 = ORIENTED_EDGE('',*,*,#3322,.F.);
#3322 = EDGE_CURVE('',#3241,#3296,#3323,.T.);
#3323 = LINE('',#3324,#3325);
#3324 = CARTESIAN_POINT('',(-0.16,-2.86,8.54));
#3325 = VECTOR('',#3326,1.);
#3326 = DIRECTION('',(0.,1.,0.));
#3327 = PLANE('',#3328);
#3328 = AXIS2_PLACEMENT_3D('',#3329,#3330,#3331);
#3329 = CARTESIAN_POINT('',(-0.24,-2.86,8.46));
#3330 = DIRECTION('',(0.707106781187,1.735167508357E-18,-0.707106781187)
  );
#3331 = DIRECTION('',(-1.226948711654E-18,1.,1.226948711654E-18));
#3332 = ADVANCED_FACE('',(#3333),#3358,.T.);
#3333 = FACE_BOUND('',#3334,.F.);
#3334 = EDGE_LOOP('',(#3335,#3343,#3344,#3352));
#3335 = ORIENTED_EDGE('',*,*,#3336,.F.);
#3336 = EDGE_CURVE('',#2770,#3337,#3339,.T.);
#3337 = VERTEX_POINT('',#3338);
#3338 = CARTESIAN_POINT('',(-0.16,-4.92,8.54));
#3339 = LINE('',#3340,#3341);
#3340 = CARTESIAN_POINT('',(-0.16,-4.92,8.54));
#3341 = VECTOR('',#3342,1.);
#3342 = DIRECTION('',(0.57735026919,-0.57735026919,0.57735026919));
#3343 = ORIENTED_EDGE('',*,*,#2777,.T.);
#3344 = ORIENTED_EDGE('',*,*,#3345,.T.);
#3345 = EDGE_CURVE('',#2761,#3346,#3348,.T.);
#3346 = VERTEX_POINT('',#3347);
#3347 = CARTESIAN_POINT('',(0.16,-4.92,8.54));
#3348 = LINE('',#3349,#3350);
#3349 = CARTESIAN_POINT('',(5.333333333333E-02,-5.026666666667,
    8.646666666667));
#3350 = VECTOR('',#3351,1.);
#3351 = DIRECTION('',(-0.57735026919,-0.57735026919,0.57735026919));
#3352 = ORIENTED_EDGE('',*,*,#3353,.F.);
#3353 = EDGE_CURVE('',#3337,#3346,#3354,.T.);
#3354 = LINE('',#3355,#3356);
#3355 = CARTESIAN_POINT('',(-0.32,-4.92,8.54));
#3356 = VECTOR('',#3357,1.);
#3357 = DIRECTION('',(1.,0.,0.));
#3358 = PLANE('',#3359);
#3359 = AXIS2_PLACEMENT_3D('',#3360,#3361,#3362);
#3360 = CARTESIAN_POINT('',(-0.32,-4.84,8.46));
#3361 = DIRECTION('',(1.735167508357E-18,0.707106781187,0.707106781187)
  );
#3362 = DIRECTION('',(-1.,1.226948711654E-18,1.226948711654E-18));
#3363 = ADVANCED_FACE('',(#3364),#3382,.F.);
#3364 = FACE_BOUND('',#3365,.F.);
#3365 = EDGE_LOOP('',(#3366,#3374,#3375,#3376));
#3366 = ORIENTED_EDGE('',*,*,#3367,.F.);
#3367 = EDGE_CURVE('',#2792,#3368,#3370,.T.);
#3368 = VERTEX_POINT('',#3369);
#3369 = CARTESIAN_POINT('',(-0.16,-5.24,8.54));
#3370 = LINE('',#3371,#3372);
#3371 = CARTESIAN_POINT('',(-0.266666666667,-5.346666666667,
    8.433333333333));
#3372 = VECTOR('',#3373,1.);
#3373 = DIRECTION('',(0.57735026919,0.57735026919,0.57735026919));
#3374 = ORIENTED_EDGE('',*,*,#2801,.T.);
#3375 = ORIENTED_EDGE('',*,*,#3336,.T.);
#3376 = ORIENTED_EDGE('',*,*,#3377,.F.);
#3377 = EDGE_CURVE('',#3368,#3337,#3378,.T.);
#3378 = LINE('',#3379,#3380);
#3379 = CARTESIAN_POINT('',(-0.16,-5.4,8.54));
#3380 = VECTOR('',#3381,1.);
#3381 = DIRECTION('',(0.,1.,0.));
#3382 = PLANE('',#3383);
#3383 = AXIS2_PLACEMENT_3D('',#3384,#3385,#3386);
#3384 = CARTESIAN_POINT('',(-0.24,-5.4,8.46));
#3385 = DIRECTION('',(0.707106781187,1.735167508357E-18,-0.707106781187)
  );
#3386 = DIRECTION('',(-1.226948711654E-18,1.,1.226948711654E-18));
#3387 = ADVANCED_FACE('',(#3388),#3406,.F.);
#3388 = FACE_BOUND('',#3389,.T.);
#3389 = EDGE_LOOP('',(#3390,#3391,#3392,#3400));
#3390 = ORIENTED_EDGE('',*,*,#3367,.F.);
#3391 = ORIENTED_EDGE('',*,*,#2825,.T.);
#3392 = ORIENTED_EDGE('',*,*,#3393,.T.);
#3393 = EDGE_CURVE('',#2816,#3394,#3396,.T.);
#3394 = VERTEX_POINT('',#3395);
#3395 = CARTESIAN_POINT('',(0.16,-5.24,8.54));
#3396 = LINE('',#3397,#3398);
#3397 = CARTESIAN_POINT('',(0.16,-5.24,8.54));
#3398 = VECTOR('',#3399,1.);
#3399 = DIRECTION('',(-0.57735026919,0.57735026919,0.57735026919));
#3400 = ORIENTED_EDGE('',*,*,#3401,.F.);
#3401 = EDGE_CURVE('',#3368,#3394,#3402,.T.);
#3402 = LINE('',#3403,#3404);
#3403 = CARTESIAN_POINT('',(-0.32,-5.24,8.54));
#3404 = VECTOR('',#3405,1.);
#3405 = DIRECTION('',(1.,0.,0.));
#3406 = PLANE('',#3407);
#3407 = AXIS2_PLACEMENT_3D('',#3408,#3409,#3410);
#3408 = CARTESIAN_POINT('',(-0.32,-5.32,8.46));
#3409 = DIRECTION('',(-1.735167508357E-18,0.707106781187,-0.707106781187
    ));
#3410 = DIRECTION('',(-1.,-1.226948711654E-18,1.226948711654E-18));
#3411 = ADVANCED_FACE('',(#3412),#3423,.T.);
#3412 = FACE_BOUND('',#3413,.T.);
#3413 = EDGE_LOOP('',(#3414,#3415,#3416,#3417));
#3414 = ORIENTED_EDGE('',*,*,#3393,.F.);
#3415 = ORIENTED_EDGE('',*,*,#2842,.T.);
#3416 = ORIENTED_EDGE('',*,*,#3345,.T.);
#3417 = ORIENTED_EDGE('',*,*,#3418,.F.);
#3418 = EDGE_CURVE('',#3394,#3346,#3419,.T.);
#3419 = LINE('',#3420,#3421);
#3420 = CARTESIAN_POINT('',(0.16,-5.4,8.54));
#3421 = VECTOR('',#3422,1.);
#3422 = DIRECTION('',(0.,1.,0.));
#3423 = PLANE('',#3424);
#3424 = AXIS2_PLACEMENT_3D('',#3425,#3426,#3427);
#3425 = CARTESIAN_POINT('',(0.24,-5.4,8.46));
#3426 = DIRECTION('',(0.707106781187,-1.735167508357E-18,0.707106781187)
  );
#3427 = DIRECTION('',(1.226948711654E-18,1.,1.226948711654E-18));
#3428 = ADVANCED_FACE('',(#3429),#3435,.F.);
#3429 = FACE_BOUND('',#3430,.F.);
#3430 = EDGE_LOOP('',(#3431,#3432,#3433,#3434));
#3431 = ORIENTED_EDGE('',*,*,#2897,.F.);
#3432 = ORIENTED_EDGE('',*,*,#2921,.F.);
#3433 = ORIENTED_EDGE('',*,*,#2938,.T.);
#3434 = ORIENTED_EDGE('',*,*,#2873,.T.);
#3435 = PLANE('',#3436);
#3436 = AXIS2_PLACEMENT_3D('',#3437,#3438,#3439);
#3437 = CARTESIAN_POINT('',(-0.32,-0.32,-3.));
#3438 = DIRECTION('',(0.,0.,1.));
#3439 = DIRECTION('',(1.,0.,-0.));
#3440 = ADVANCED_FACE('',(#3441),#3447,.F.);
#3441 = FACE_BOUND('',#3442,.F.);
#3442 = EDGE_LOOP('',(#3443,#3444,#3445,#3446));
#3443 = ORIENTED_EDGE('',*,*,#3017,.F.);
#3444 = ORIENTED_EDGE('',*,*,#3034,.F.);
#3445 = ORIENTED_EDGE('',*,*,#2969,.T.);
#3446 = ORIENTED_EDGE('',*,*,#2993,.T.);
#3447 = PLANE('',#3448);
#3448 = AXIS2_PLACEMENT_3D('',#3449,#3450,#3451);
#3449 = CARTESIAN_POINT('',(-0.32,-2.86,-3.));
#3450 = DIRECTION('',(0.,0.,1.));
#3451 = DIRECTION('',(1.,0.,-0.));
#3452 = ADVANCED_FACE('',(#3453),#3459,.F.);
#3453 = FACE_BOUND('',#3454,.F.);
#3454 = EDGE_LOOP('',(#3455,#3456,#3457,#3458));
#3455 = ORIENTED_EDGE('',*,*,#3065,.F.);
#3456 = ORIENTED_EDGE('',*,*,#3089,.F.);
#3457 = ORIENTED_EDGE('',*,*,#3113,.T.);
#3458 = ORIENTED_EDGE('',*,*,#3130,.T.);
#3459 = PLANE('',#3460);
#3460 = AXIS2_PLACEMENT_3D('',#3461,#3462,#3463);
#3461 = CARTESIAN_POINT('',(-0.32,-5.4,-3.));
#3462 = DIRECTION('',(0.,0.,1.));
#3463 = DIRECTION('',(1.,0.,-0.));
#3464 = ADVANCED_FACE('',(#3465),#3471,.T.);
#3465 = FACE_BOUND('',#3466,.T.);
#3466 = EDGE_LOOP('',(#3467,#3468,#3469,#3470));
#3467 = ORIENTED_EDGE('',*,*,#3226,.T.);
#3468 = ORIENTED_EDGE('',*,*,#3161,.T.);
#3469 = ORIENTED_EDGE('',*,*,#3185,.F.);
#3470 = ORIENTED_EDGE('',*,*,#3209,.F.);
#3471 = PLANE('',#3472);
#3472 = AXIS2_PLACEMENT_3D('',#3473,#3474,#3475);
#3473 = CARTESIAN_POINT('',(-0.32,-0.32,8.54));
#3474 = DIRECTION('',(0.,0.,1.));
#3475 = DIRECTION('',(1.,0.,-0.));
#3476 = ADVANCED_FACE('',(#3477),#3483,.T.);
#3477 = FACE_BOUND('',#3478,.T.);
#3478 = EDGE_LOOP('',(#3479,#3480,#3481,#3482));
#3479 = ORIENTED_EDGE('',*,*,#3257,.T.);
#3480 = ORIENTED_EDGE('',*,*,#3281,.T.);
#3481 = ORIENTED_EDGE('',*,*,#3305,.F.);
#3482 = ORIENTED_EDGE('',*,*,#3322,.F.);
#3483 = PLANE('',#3484);
#3484 = AXIS2_PLACEMENT_3D('',#3485,#3486,#3487);
#3485 = CARTESIAN_POINT('',(-0.32,-2.86,8.54));
#3486 = DIRECTION('',(0.,0.,1.));
#3487 = DIRECTION('',(1.,0.,-0.));
#3488 = ADVANCED_FACE('',(#3489),#3495,.T.);
#3489 = FACE_BOUND('',#3490,.T.);
#3490 = EDGE_LOOP('',(#3491,#3492,#3493,#3494));
#3491 = ORIENTED_EDGE('',*,*,#3401,.T.);
#3492 = ORIENTED_EDGE('',*,*,#3418,.T.);
#3493 = ORIENTED_EDGE('',*,*,#3353,.F.);
#3494 = ORIENTED_EDGE('',*,*,#3377,.F.);
#3495 = PLANE('',#3496);
#3496 = AXIS2_PLACEMENT_3D('',#3497,#3498,#3499);
#3497 = CARTESIAN_POINT('',(-0.32,-5.4,8.54));
#3498 = DIRECTION('',(0.,0.,1.));
#3499 = DIRECTION('',(1.,0.,-0.));
#3500 = ( GEOMETRIC_REPRESENTATION_CONTEXT(3) 
GLOBAL_UNCERTAINTY_ASSIGNED_CONTEXT((#3504)) 
GLOBAL_UNIT_ASSIGNED_CONTEXT((#3501,#3502,#3503)) REPRESENTATION_CONTEXT
('Context #1','3D Context with UNIT and UNCERTAINTY') );
#3501 = ( LENGTH_UNIT() NAMED_UNIT(*) SI_UNIT(.MILLI.,.METRE.) );
#3502 = ( NAMED_UNIT(*) PLANE_ANGLE_UNIT() SI_UNIT($,.RADIAN.) );
#3503 = ( NAMED_UNIT(*) SI_UNIT($,.STERADIAN.) SOLID_ANGLE_UNIT() );
#3504 = UNCERTAINTY_MEASURE_WITH_UNIT(LENGTH_MEASURE(1.E-07),#3501,
  'distance_accuracy_value','confusion accuracy');
#3505 = CONTEXT_DEPENDENT_SHAPE_REPRESENTATION(#3506,#3508);
#3506 = ( REPRESENTATION_RELATIONSHIP('','',#1393,#1370) 
REPRESENTATION_RELATIONSHIP_WITH_TRANSFORMATION(#3507) 
SHAPE_REPRESENTATION_RELATIONSHIP() );
#3507 = ITEM_DEFINED_TRANSFORMATION('','',#11,#1371);
#3508 = PRODUCT_DEFINITION_SHAPE('Placement','Placement of an item',
  #3509);
#3509 = NEXT_ASSEMBLY_USAGE_OCCURRENCE('8','=>[0:1:1:7]','',#1365,#1388,
  $);
#3510 = PRODUCT_RELATED_PRODUCT_CATEGORY('part',$,(#1390));
#3511 = SHAPE_DEFINITION_REPRESENTATION(#3512,#3518);
#3512 = PRODUCT_DEFINITION_SHAPE('','',#3513);
#3513 = PRODUCT_DEFINITION('design','',#3514,#3517);
#3514 = PRODUCT_DEFINITION_FORMATION('','',#3515);
#3515 = PRODUCT('514_display_PCB','514_display_PCB','',(#3516));
#3516 = PRODUCT_CONTEXT('',#2,'mechanical');
#3517 = PRODUCT_DEFINITION_CONTEXT('part definition',#2,'design');
#3518 = ADVANCED_BREP_SHAPE_REPRESENTATION('',(#11,#3519),#5580);
#3519 = MANIFOLD_SOLID_BREP('',#3520);
#3520 = CLOSED_SHELL('',(#3521,#3561,#3592,#3623,#4179,#4735,#4747,#4764
    ,#4781,#4798,#4815,#4832,#4849,#4866,#4883,#4900,#4917,#4934,#4951,
    #4968,#4985,#5002,#5019,#5036,#5053,#5070,#5087,#5104,#5121,#5138,
    #5155,#5172,#5189,#5206,#5223,#5240,#5257,#5274,#5291,#5308,#5325,
    #5342,#5359,#5376,#5393,#5410,#5427,#5444,#5461,#5478,#5495,#5512,
    #5529,#5546,#5563));
#3521 = ADVANCED_FACE('',(#3522),#3556,.T.);
#3522 = FACE_BOUND('',#3523,.T.);
#3523 = EDGE_LOOP('',(#3524,#3534,#3542,#3550));
#3524 = ORIENTED_EDGE('',*,*,#3525,.T.);
#3525 = EDGE_CURVE('',#3526,#3528,#3530,.T.);
#3526 = VERTEX_POINT('',#3527);
#3527 = CARTESIAN_POINT('',(163.46,-180.96,0.));
#3528 = VERTEX_POINT('',#3529);
#3529 = CARTESIAN_POINT('',(163.46,-180.96,1.6));
#3530 = LINE('',#3531,#3532);
#3531 = CARTESIAN_POINT('',(163.46,-180.96,0.));
#3532 = VECTOR('',#3533,1.);
#3533 = DIRECTION('',(0.,0.,1.));
#3534 = ORIENTED_EDGE('',*,*,#3535,.T.);
#3535 = EDGE_CURVE('',#3528,#3536,#3538,.T.);
#3536 = VERTEX_POINT('',#3537);
#3537 = CARTESIAN_POINT('',(24.46,-180.96,1.6));
#3538 = LINE('',#3539,#3540);
#3539 = CARTESIAN_POINT('',(163.46,-180.96,1.6));
#3540 = VECTOR('',#3541,1.);
#3541 = DIRECTION('',(-1.,0.,0.));
#3542 = ORIENTED_EDGE('',*,*,#3543,.F.);
#3543 = EDGE_CURVE('',#3544,#3536,#3546,.T.);
#3544 = VERTEX_POINT('',#3545);
#3545 = CARTESIAN_POINT('',(24.46,-180.96,0.));
#3546 = LINE('',#3547,#3548);
#3547 = CARTESIAN_POINT('',(24.46,-180.96,0.));
#3548 = VECTOR('',#3549,1.);
#3549 = DIRECTION('',(0.,0.,1.));
#3550 = ORIENTED_EDGE('',*,*,#3551,.F.);
#3551 = EDGE_CURVE('',#3526,#3544,#3552,.T.);
#3552 = LINE('',#3553,#3554);
#3553 = CARTESIAN_POINT('',(163.46,-180.96,0.));
#3554 = VECTOR('',#3555,1.);
#3555 = DIRECTION('',(-1.,0.,0.));
#3556 = PLANE('',#3557);
#3557 = AXIS2_PLACEMENT_3D('',#3558,#3559,#3560);
#3558 = CARTESIAN_POINT('',(163.46,-180.96,0.));
#3559 = DIRECTION('',(0.,-1.,0.));
#3560 = DIRECTION('',(-1.,0.,0.));
#3561 = ADVANCED_FACE('',(#3562),#3587,.T.);
#3562 = FACE_BOUND('',#3563,.T.);
#3563 = EDGE_LOOP('',(#3564,#3574,#3580,#3581));
#3564 = ORIENTED_EDGE('',*,*,#3565,.T.);
#3565 = EDGE_CURVE('',#3566,#3568,#3570,.T.);
#3566 = VERTEX_POINT('',#3567);
#3567 = CARTESIAN_POINT('',(140.5,-27.,0.));
#3568 = VERTEX_POINT('',#3569);
#3569 = CARTESIAN_POINT('',(140.5,-27.,1.6));
#3570 = LINE('',#3571,#3572);
#3571 = CARTESIAN_POINT('',(140.5,-27.,0.));
#3572 = VECTOR('',#3573,1.);
#3573 = DIRECTION('',(0.,0.,1.));
#3574 = ORIENTED_EDGE('',*,*,#3575,.T.);
#3575 = EDGE_CURVE('',#3568,#3528,#3576,.T.);
#3576 = LINE('',#3577,#3578);
#3577 = CARTESIAN_POINT('',(140.5,-27.,1.6));
#3578 = VECTOR('',#3579,1.);
#3579 = DIRECTION('',(0.147498505557,-0.989062278554,0.));
#3580 = ORIENTED_EDGE('',*,*,#3525,.F.);
#3581 = ORIENTED_EDGE('',*,*,#3582,.F.);
#3582 = EDGE_CURVE('',#3566,#3526,#3583,.T.);
#3583 = LINE('',#3584,#3585);
#3584 = CARTESIAN_POINT('',(140.5,-27.,0.));
#3585 = VECTOR('',#3586,1.);
#3586 = DIRECTION('',(0.147498505557,-0.989062278554,0.));
#3587 = PLANE('',#3588);
#3588 = AXIS2_PLACEMENT_3D('',#3589,#3590,#3591);
#3589 = CARTESIAN_POINT('',(140.5,-27.,0.));
#3590 = DIRECTION('',(0.989062278554,0.147498505557,-0.));
#3591 = DIRECTION('',(0.147498505557,-0.989062278554,0.));
#3592 = ADVANCED_FACE('',(#3593),#3618,.T.);
#3593 = FACE_BOUND('',#3594,.T.);
#3594 = EDGE_LOOP('',(#3595,#3596,#3604,#3612));
#3595 = ORIENTED_EDGE('',*,*,#3543,.T.);
#3596 = ORIENTED_EDGE('',*,*,#3597,.T.);
#3597 = EDGE_CURVE('',#3536,#3598,#3600,.T.);
#3598 = VERTEX_POINT('',#3599);
#3599 = CARTESIAN_POINT('',(46.46,-27.46,1.6));
#3600 = LINE('',#3601,#3602);
#3601 = CARTESIAN_POINT('',(24.46,-180.96,1.6));
#3602 = VECTOR('',#3603,1.);
#3603 = DIRECTION('',(0.141872754845,0.989884903124,0.));
#3604 = ORIENTED_EDGE('',*,*,#3605,.F.);
#3605 = EDGE_CURVE('',#3606,#3598,#3608,.T.);
#3606 = VERTEX_POINT('',#3607);
#3607 = CARTESIAN_POINT('',(46.46,-27.46,0.));
#3608 = LINE('',#3609,#3610);
#3609 = CARTESIAN_POINT('',(46.46,-27.46,0.));
#3610 = VECTOR('',#3611,1.);
#3611 = DIRECTION('',(0.,0.,1.));
#3612 = ORIENTED_EDGE('',*,*,#3613,.F.);
#3613 = EDGE_CURVE('',#3544,#3606,#3614,.T.);
#3614 = LINE('',#3615,#3616);
#3615 = CARTESIAN_POINT('',(24.46,-180.96,0.));
#3616 = VECTOR('',#3617,1.);
#3617 = DIRECTION('',(0.141872754845,0.989884903124,0.));
#3618 = PLANE('',#3619);
#3619 = AXIS2_PLACEMENT_3D('',#3620,#3621,#3622);
#3620 = CARTESIAN_POINT('',(24.46,-180.96,0.));
#3621 = DIRECTION('',(-0.989884903124,0.141872754845,0.));
#3622 = DIRECTION('',(0.141872754845,0.989884903124,0.));
#3623 = ADVANCED_FACE('',(#3624,#3635,#3646,#3657,#3668,#3679,#3690,
    #3701,#3712,#3723,#3734,#3745,#3756,#3767,#3778,#3789,#3800,#3811,
    #3822,#3833,#3844,#3855,#3866,#3877,#3888,#3899,#3910,#3921,#3932,
    #3943,#3954,#3965,#3976,#3987,#3998,#4009,#4020,#4031,#4042,#4053,
    #4064,#4075,#4086,#4097,#4108,#4119,#4130,#4141,#4152,#4163),#4174,
  .F.);
#3624 = FACE_BOUND('',#3625,.F.);
#3625 = EDGE_LOOP('',(#3626,#3627,#3628,#3634));
#3626 = ORIENTED_EDGE('',*,*,#3551,.F.);
#3627 = ORIENTED_EDGE('',*,*,#3582,.F.);
#3628 = ORIENTED_EDGE('',*,*,#3629,.F.);
#3629 = EDGE_CURVE('',#3606,#3566,#3630,.T.);
#3630 = LINE('',#3631,#3632);
#3631 = CARTESIAN_POINT('',(46.46,-27.46,0.));
#3632 = VECTOR('',#3633,1.);
#3633 = DIRECTION('',(0.999988036655,4.891476997674E-03,0.));
#3634 = ORIENTED_EDGE('',*,*,#3613,.F.);
#3635 = FACE_BOUND('',#3636,.F.);
#3636 = EDGE_LOOP('',(#3637));
#3637 = ORIENTED_EDGE('',*,*,#3638,.F.);
#3638 = EDGE_CURVE('',#3639,#3639,#3641,.T.);
#3639 = VERTEX_POINT('',#3640);
#3640 = CARTESIAN_POINT('',(81.11,-171.93,0.));
#3641 = CIRCLE('',#3642,1.3);
#3642 = AXIS2_PLACEMENT_3D('',#3643,#3644,#3645);
#3643 = CARTESIAN_POINT('',(79.81,-171.93,0.));
#3644 = DIRECTION('',(0.,0.,1.));
#3645 = DIRECTION('',(1.,0.,-0.));
#3646 = FACE_BOUND('',#3647,.F.);
#3647 = EDGE_LOOP('',(#3648));
#3648 = ORIENTED_EDGE('',*,*,#3649,.T.);
#3649 = EDGE_CURVE('',#3650,#3650,#3652,.T.);
#3650 = VERTEX_POINT('',#3651);
#3651 = CARTESIAN_POINT('',(85.,-174.785,0.));
#3652 = CIRCLE('',#3653,0.425);
#3653 = AXIS2_PLACEMENT_3D('',#3654,#3655,#3656);
#3654 = CARTESIAN_POINT('',(85.,-174.36,0.));
#3655 = DIRECTION('',(-0.,0.,-1.));
#3656 = DIRECTION('',(-0.,-1.,0.));
#3657 = FACE_BOUND('',#3658,.F.);
#3658 = EDGE_LOOP('',(#3659));
#3659 = ORIENTED_EDGE('',*,*,#3660,.F.);
#3660 = EDGE_CURVE('',#3661,#3661,#3663,.T.);
#3661 = VERTEX_POINT('',#3662);
#3662 = CARTESIAN_POINT('',(81.11,-153.93,0.));
#3663 = CIRCLE('',#3664,1.3);
#3664 = AXIS2_PLACEMENT_3D('',#3665,#3666,#3667);
#3665 = CARTESIAN_POINT('',(79.81,-153.93,0.));
#3666 = DIRECTION('',(0.,0.,1.));
#3667 = DIRECTION('',(1.,0.,-0.));
#3668 = FACE_BOUND('',#3669,.F.);
#3669 = EDGE_LOOP('',(#3670));
#3670 = ORIENTED_EDGE('',*,*,#3671,.T.);
#3671 = EDGE_CURVE('',#3672,#3672,#3674,.T.);
#3672 = VERTEX_POINT('',#3673);
#3673 = CARTESIAN_POINT('',(85.,-151.925,0.));
#3674 = CIRCLE('',#3675,0.425);
#3675 = AXIS2_PLACEMENT_3D('',#3676,#3677,#3678);
#3676 = CARTESIAN_POINT('',(85.,-151.5,0.));
#3677 = DIRECTION('',(-0.,0.,-1.));
#3678 = DIRECTION('',(-0.,-1.,0.));
#3679 = FACE_BOUND('',#3680,.F.);
#3680 = EDGE_LOOP('',(#3681));
#3681 = ORIENTED_EDGE('',*,*,#3682,.T.);
#3682 = EDGE_CURVE('',#3683,#3683,#3685,.T.);
#3683 = VERTEX_POINT('',#3684);
#3684 = CARTESIAN_POINT('',(43.75,-121.65,0.));
#3685 = CIRCLE('',#3686,0.65);
#3686 = AXIS2_PLACEMENT_3D('',#3687,#3688,#3689);
#3687 = CARTESIAN_POINT('',(43.75,-121.,0.));
#3688 = DIRECTION('',(-0.,0.,-1.));
#3689 = DIRECTION('',(-0.,-1.,0.));
#3690 = FACE_BOUND('',#3691,.F.);
#3691 = EDGE_LOOP('',(#3692));
#3692 = ORIENTED_EDGE('',*,*,#3693,.T.);
#3693 = EDGE_CURVE('',#3694,#3694,#3696,.T.);
#3694 = VERTEX_POINT('',#3695);
#3695 = CARTESIAN_POINT('',(43.75,-116.65,0.));
#3696 = CIRCLE('',#3697,0.65);
#3697 = AXIS2_PLACEMENT_3D('',#3698,#3699,#3700);
#3698 = CARTESIAN_POINT('',(43.75,-116.,0.));
#3699 = DIRECTION('',(-0.,0.,-1.));
#3700 = DIRECTION('',(-0.,-1.,0.));
#3701 = FACE_BOUND('',#3702,.F.);
#3702 = EDGE_LOOP('',(#3703));
#3703 = ORIENTED_EDGE('',*,*,#3704,.T.);
#3704 = EDGE_CURVE('',#3705,#3705,#3707,.T.);
#3705 = VERTEX_POINT('',#3706);
#3706 = CARTESIAN_POINT('',(56.25,-121.65,0.));
#3707 = CIRCLE('',#3708,0.65);
#3708 = AXIS2_PLACEMENT_3D('',#3709,#3710,#3711);
#3709 = CARTESIAN_POINT('',(56.25,-121.,0.));
#3710 = DIRECTION('',(-0.,0.,-1.));
#3711 = DIRECTION('',(-0.,-1.,0.));
#3712 = FACE_BOUND('',#3713,.F.);
#3713 = EDGE_LOOP('',(#3714));
#3714 = ORIENTED_EDGE('',*,*,#3715,.T.);
#3715 = EDGE_CURVE('',#3716,#3716,#3718,.T.);
#3716 = VERTEX_POINT('',#3717);
#3717 = CARTESIAN_POINT('',(56.25,-116.65,0.));
#3718 = CIRCLE('',#3719,0.65);
#3719 = AXIS2_PLACEMENT_3D('',#3720,#3721,#3722);
#3720 = CARTESIAN_POINT('',(56.25,-116.,0.));
#3721 = DIRECTION('',(-0.,0.,-1.));
#3722 = DIRECTION('',(-0.,-1.,0.));
#3723 = FACE_BOUND('',#3724,.F.);
#3724 = EDGE_LOOP('',(#3725));
#3725 = ORIENTED_EDGE('',*,*,#3726,.F.);
#3726 = EDGE_CURVE('',#3727,#3727,#3729,.T.);
#3727 = VERTEX_POINT('',#3728);
#3728 = CARTESIAN_POINT('',(89.76,-176.43,0.));
#3729 = CIRCLE('',#3730,0.95);
#3730 = AXIS2_PLACEMENT_3D('',#3731,#3732,#3733);
#3731 = CARTESIAN_POINT('',(88.81,-176.43,0.));
#3732 = DIRECTION('',(0.,0.,1.));
#3733 = DIRECTION('',(1.,0.,-0.));
#3734 = FACE_BOUND('',#3735,.F.);
#3735 = EDGE_LOOP('',(#3736));
#3736 = ORIENTED_EDGE('',*,*,#3737,.T.);
#3737 = EDGE_CURVE('',#3738,#3738,#3740,.T.);
#3738 = VERTEX_POINT('',#3739);
#3739 = CARTESIAN_POINT('',(92.62,-174.785,0.));
#3740 = CIRCLE('',#3741,0.425);
#3741 = AXIS2_PLACEMENT_3D('',#3742,#3743,#3744);
#3742 = CARTESIAN_POINT('',(92.62,-174.36,0.));
#3743 = DIRECTION('',(-0.,0.,-1.));
#3744 = DIRECTION('',(-0.,-1.,0.));
#3745 = FACE_BOUND('',#3746,.F.);
#3746 = EDGE_LOOP('',(#3747));
#3747 = ORIENTED_EDGE('',*,*,#3748,.F.);
#3748 = EDGE_CURVE('',#3749,#3749,#3751,.T.);
#3749 = VERTEX_POINT('',#3750);
#3750 = CARTESIAN_POINT('',(100.76,-162.93,0.));
#3751 = CIRCLE('',#3752,1.95);
#3752 = AXIS2_PLACEMENT_3D('',#3753,#3754,#3755);
#3753 = CARTESIAN_POINT('',(98.81,-162.93,0.));
#3754 = DIRECTION('',(0.,0.,1.));
#3755 = DIRECTION('',(1.,0.,-0.));
#3756 = FACE_BOUND('',#3757,.F.);
#3757 = EDGE_LOOP('',(#3758));
#3758 = ORIENTED_EDGE('',*,*,#3759,.F.);
#3759 = EDGE_CURVE('',#3760,#3760,#3762,.T.);
#3760 = VERTEX_POINT('',#3761);
#3761 = CARTESIAN_POINT('',(89.76,-149.43,0.));
#3762 = CIRCLE('',#3763,0.95);
#3763 = AXIS2_PLACEMENT_3D('',#3764,#3765,#3766);
#3764 = CARTESIAN_POINT('',(88.81,-149.43,0.));
#3765 = DIRECTION('',(0.,0.,1.));
#3766 = DIRECTION('',(1.,0.,-0.));
#3767 = FACE_BOUND('',#3768,.F.);
#3768 = EDGE_LOOP('',(#3769));
#3769 = ORIENTED_EDGE('',*,*,#3770,.T.);
#3770 = EDGE_CURVE('',#3771,#3771,#3773,.T.);
#3771 = VERTEX_POINT('',#3772);
#3772 = CARTESIAN_POINT('',(92.62,-151.925,0.));
#3773 = CIRCLE('',#3774,0.425);
#3774 = AXIS2_PLACEMENT_3D('',#3775,#3776,#3777);
#3775 = CARTESIAN_POINT('',(92.62,-151.5,0.));
#3776 = DIRECTION('',(-0.,0.,-1.));
#3777 = DIRECTION('',(-0.,-1.,0.));
#3778 = FACE_BOUND('',#3779,.F.);
#3779 = EDGE_LOOP('',(#3780));
#3780 = ORIENTED_EDGE('',*,*,#3781,.T.);
#3781 = EDGE_CURVE('',#3782,#3782,#3784,.T.);
#3782 = VERTEX_POINT('',#3783);
#3783 = CARTESIAN_POINT('',(83.835,-109.88,0.));
#3784 = CIRCLE('',#3785,0.5);
#3785 = AXIS2_PLACEMENT_3D('',#3786,#3787,#3788);
#3786 = CARTESIAN_POINT('',(83.835,-109.38,0.));
#3787 = DIRECTION('',(-0.,0.,-1.));
#3788 = DIRECTION('',(-0.,-1.,0.));
#3789 = FACE_BOUND('',#3790,.F.);
#3790 = EDGE_LOOP('',(#3791));
#3791 = ORIENTED_EDGE('',*,*,#3792,.T.);
#3792 = EDGE_CURVE('',#3793,#3793,#3795,.T.);
#3793 = VERTEX_POINT('',#3794);
#3794 = CARTESIAN_POINT('',(86.375,-109.88,0.));
#3795 = CIRCLE('',#3796,0.5);
#3796 = AXIS2_PLACEMENT_3D('',#3797,#3798,#3799);
#3797 = CARTESIAN_POINT('',(86.375,-109.38,0.));
#3798 = DIRECTION('',(-0.,0.,-1.));
#3799 = DIRECTION('',(-0.,-1.,0.));
#3800 = FACE_BOUND('',#3801,.F.);
#3801 = EDGE_LOOP('',(#3802));
#3802 = ORIENTED_EDGE('',*,*,#3803,.T.);
#3803 = EDGE_CURVE('',#3804,#3804,#3806,.T.);
#3804 = VERTEX_POINT('',#3805);
#3805 = CARTESIAN_POINT('',(71.38,-75.38,0.));
#3806 = CIRCLE('',#3807,0.5);
#3807 = AXIS2_PLACEMENT_3D('',#3808,#3809,#3810);
#3808 = CARTESIAN_POINT('',(71.38,-74.88,0.));
#3809 = DIRECTION('',(-0.,0.,-1.));
#3810 = DIRECTION('',(-0.,-1.,0.));
#3811 = FACE_BOUND('',#3812,.F.);
#3812 = EDGE_LOOP('',(#3813));
#3813 = ORIENTED_EDGE('',*,*,#3814,.T.);
#3814 = EDGE_CURVE('',#3815,#3815,#3817,.T.);
#3815 = VERTEX_POINT('',#3816);
#3816 = CARTESIAN_POINT('',(73.92,-75.38,0.));
#3817 = CIRCLE('',#3818,0.5);
#3818 = AXIS2_PLACEMENT_3D('',#3819,#3820,#3821);
#3819 = CARTESIAN_POINT('',(73.92,-74.88,0.));
#3820 = DIRECTION('',(-0.,0.,-1.));
#3821 = DIRECTION('',(-0.,-1.,0.));
#3822 = FACE_BOUND('',#3823,.F.);
#3823 = EDGE_LOOP('',(#3824));
#3824 = ORIENTED_EDGE('',*,*,#3825,.T.);
#3825 = EDGE_CURVE('',#3826,#3826,#3828,.T.);
#3826 = VERTEX_POINT('',#3827);
#3827 = CARTESIAN_POINT('',(69.76,-64.5195,0.));
#3828 = CIRCLE('',#3829,0.4445);
#3829 = AXIS2_PLACEMENT_3D('',#3830,#3831,#3832);
#3830 = CARTESIAN_POINT('',(69.76,-64.075,0.));
#3831 = DIRECTION('',(-0.,0.,-1.));
#3832 = DIRECTION('',(3.197042680585E-14,-1.,-0.));
#3833 = FACE_BOUND('',#3834,.F.);
#3834 = EDGE_LOOP('',(#3835));
#3835 = ORIENTED_EDGE('',*,*,#3836,.T.);
#3836 = EDGE_CURVE('',#3837,#3837,#3839,.T.);
#3837 = VERTEX_POINT('',#3838);
#3838 = CARTESIAN_POINT('',(72.3,-64.5195,0.));
#3839 = CIRCLE('',#3840,0.4445);
#3840 = AXIS2_PLACEMENT_3D('',#3841,#3842,#3843);
#3841 = CARTESIAN_POINT('',(72.3,-64.075,0.));
#3842 = DIRECTION('',(-0.,0.,-1.));
#3843 = DIRECTION('',(-3.197042680585E-14,-1.,0.));
#3844 = FACE_BOUND('',#3845,.F.);
#3845 = EDGE_LOOP('',(#3846));
#3846 = ORIENTED_EDGE('',*,*,#3847,.T.);
#3847 = EDGE_CURVE('',#3848,#3848,#3850,.T.);
#3848 = VERTEX_POINT('',#3849);
#3849 = CARTESIAN_POINT('',(74.84,-64.5195,0.));
#3850 = CIRCLE('',#3851,0.4445);
#3851 = AXIS2_PLACEMENT_3D('',#3852,#3853,#3854);
#3852 = CARTESIAN_POINT('',(74.84,-64.075,0.));
#3853 = DIRECTION('',(-0.,0.,-1.));
#3854 = DIRECTION('',(-0.,-1.,0.));
#3855 = FACE_BOUND('',#3856,.F.);
#3856 = EDGE_LOOP('',(#3857));
#3857 = ORIENTED_EDGE('',*,*,#3858,.T.);
#3858 = EDGE_CURVE('',#3859,#3859,#3861,.T.);
#3859 = VERTEX_POINT('',#3860);
#3860 = CARTESIAN_POINT('',(76.46,-75.38,0.));
#3861 = CIRCLE('',#3862,0.5);
#3862 = AXIS2_PLACEMENT_3D('',#3863,#3864,#3865);
#3863 = CARTESIAN_POINT('',(76.46,-74.88,0.));
#3864 = DIRECTION('',(-0.,0.,-1.));
#3865 = DIRECTION('',(-0.,-1.,0.));
#3866 = FACE_BOUND('',#3867,.F.);
#3867 = EDGE_LOOP('',(#3868));
#3868 = ORIENTED_EDGE('',*,*,#3869,.T.);
#3869 = EDGE_CURVE('',#3870,#3870,#3872,.T.);
#3870 = VERTEX_POINT('',#3871);
#3871 = CARTESIAN_POINT('',(79.,-75.38,0.));
#3872 = CIRCLE('',#3873,0.5);
#3873 = AXIS2_PLACEMENT_3D('',#3874,#3875,#3876);
#3874 = CARTESIAN_POINT('',(79.,-74.88,0.));
#3875 = DIRECTION('',(-0.,0.,-1.));
#3876 = DIRECTION('',(-0.,-1.,0.));
#3877 = FACE_BOUND('',#3878,.F.);
#3878 = EDGE_LOOP('',(#3879));
#3879 = ORIENTED_EDGE('',*,*,#3880,.T.);
#3880 = EDGE_CURVE('',#3881,#3881,#3883,.T.);
#3881 = VERTEX_POINT('',#3882);
#3882 = CARTESIAN_POINT('',(77.38,-64.5195,0.));
#3883 = CIRCLE('',#3884,0.4445);
#3884 = AXIS2_PLACEMENT_3D('',#3885,#3886,#3887);
#3885 = CARTESIAN_POINT('',(77.38,-64.075,0.));
#3886 = DIRECTION('',(-0.,0.,-1.));
#3887 = DIRECTION('',(-0.,-1.,0.));
#3888 = FACE_BOUND('',#3889,.F.);
#3889 = EDGE_LOOP('',(#3890));
#3890 = ORIENTED_EDGE('',*,*,#3891,.T.);
#3891 = EDGE_CURVE('',#3892,#3892,#3894,.T.);
#3892 = VERTEX_POINT('',#3893);
#3893 = CARTESIAN_POINT('',(79.92,-64.5195,0.));
#3894 = CIRCLE('',#3895,0.4445);
#3895 = AXIS2_PLACEMENT_3D('',#3896,#3897,#3898);
#3896 = CARTESIAN_POINT('',(79.92,-64.075,0.));
#3897 = DIRECTION('',(-0.,0.,-1.));
#3898 = DIRECTION('',(-0.,-1.,0.));
#3899 = FACE_BOUND('',#3900,.F.);
#3900 = EDGE_LOOP('',(#3901));
#3901 = ORIENTED_EDGE('',*,*,#3902,.T.);
#3902 = EDGE_CURVE('',#3903,#3903,#3905,.T.);
#3903 = VERTEX_POINT('',#3904);
#3904 = CARTESIAN_POINT('',(82.46,-64.5195,0.));
#3905 = CIRCLE('',#3906,0.4445);
#3906 = AXIS2_PLACEMENT_3D('',#3907,#3908,#3909);
#3907 = CARTESIAN_POINT('',(82.46,-64.075,0.));
#3908 = DIRECTION('',(-0.,0.,-1.));
#3909 = DIRECTION('',(-3.197042680585E-14,-1.,0.));
#3910 = FACE_BOUND('',#3911,.F.);
#3911 = EDGE_LOOP('',(#3912));
#3912 = ORIENTED_EDGE('',*,*,#3913,.T.);
#3913 = EDGE_CURVE('',#3914,#3914,#3916,.T.);
#3914 = VERTEX_POINT('',#3915);
#3915 = CARTESIAN_POINT('',(85.,-64.5195,0.));
#3916 = CIRCLE('',#3917,0.4445);
#3917 = AXIS2_PLACEMENT_3D('',#3918,#3919,#3920);
#3918 = CARTESIAN_POINT('',(85.,-64.075,0.));
#3919 = DIRECTION('',(-0.,0.,-1.));
#3920 = DIRECTION('',(-0.,-1.,0.));
#3921 = FACE_BOUND('',#3922,.F.);
#3922 = EDGE_LOOP('',(#3923));
#3923 = ORIENTED_EDGE('',*,*,#3924,.T.);
#3924 = EDGE_CURVE('',#3925,#3925,#3927,.T.);
#3925 = VERTEX_POINT('',#3926);
#3926 = CARTESIAN_POINT('',(69.76,-49.2795,0.));
#3927 = CIRCLE('',#3928,0.4445);
#3928 = AXIS2_PLACEMENT_3D('',#3929,#3930,#3931);
#3929 = CARTESIAN_POINT('',(69.76,-48.835,0.));
#3930 = DIRECTION('',(-0.,0.,-1.));
#3931 = DIRECTION('',(3.197042680585E-14,-1.,-0.));
#3932 = FACE_BOUND('',#3933,.F.);
#3933 = EDGE_LOOP('',(#3934));
#3934 = ORIENTED_EDGE('',*,*,#3935,.T.);
#3935 = EDGE_CURVE('',#3936,#3936,#3938,.T.);
#3936 = VERTEX_POINT('',#3937);
#3937 = CARTESIAN_POINT('',(72.3,-49.2795,0.));
#3938 = CIRCLE('',#3939,0.4445);
#3939 = AXIS2_PLACEMENT_3D('',#3940,#3941,#3942);
#3940 = CARTESIAN_POINT('',(72.3,-48.835,0.));
#3941 = DIRECTION('',(-0.,0.,-1.));
#3942 = DIRECTION('',(-3.197042680585E-14,-1.,0.));
#3943 = FACE_BOUND('',#3944,.F.);
#3944 = EDGE_LOOP('',(#3945));
#3945 = ORIENTED_EDGE('',*,*,#3946,.T.);
#3946 = EDGE_CURVE('',#3947,#3947,#3949,.T.);
#3947 = VERTEX_POINT('',#3948);
#3948 = CARTESIAN_POINT('',(74.84,-49.2795,0.));
#3949 = CIRCLE('',#3950,0.4445);
#3950 = AXIS2_PLACEMENT_3D('',#3951,#3952,#3953);
#3951 = CARTESIAN_POINT('',(74.84,-48.835,0.));
#3952 = DIRECTION('',(-0.,0.,-1.));
#3953 = DIRECTION('',(-0.,-1.,0.));
#3954 = FACE_BOUND('',#3955,.F.);
#3955 = EDGE_LOOP('',(#3956));
#3956 = ORIENTED_EDGE('',*,*,#3957,.T.);
#3957 = EDGE_CURVE('',#3958,#3958,#3960,.T.);
#3958 = VERTEX_POINT('',#3959);
#3959 = CARTESIAN_POINT('',(77.38,-49.2795,0.));
#3960 = CIRCLE('',#3961,0.4445);
#3961 = AXIS2_PLACEMENT_3D('',#3962,#3963,#3964);
#3962 = CARTESIAN_POINT('',(77.38,-48.835,0.));
#3963 = DIRECTION('',(-0.,0.,-1.));
#3964 = DIRECTION('',(-0.,-1.,0.));
#3965 = FACE_BOUND('',#3966,.F.);
#3966 = EDGE_LOOP('',(#3967));
#3967 = ORIENTED_EDGE('',*,*,#3968,.T.);
#3968 = EDGE_CURVE('',#3969,#3969,#3971,.T.);
#3969 = VERTEX_POINT('',#3970);
#3970 = CARTESIAN_POINT('',(79.92,-49.2795,0.));
#3971 = CIRCLE('',#3972,0.4445);
#3972 = AXIS2_PLACEMENT_3D('',#3973,#3974,#3975);
#3973 = CARTESIAN_POINT('',(79.92,-48.835,0.));
#3974 = DIRECTION('',(-0.,0.,-1.));
#3975 = DIRECTION('',(-0.,-1.,0.));
#3976 = FACE_BOUND('',#3977,.F.);
#3977 = EDGE_LOOP('',(#3978));
#3978 = ORIENTED_EDGE('',*,*,#3979,.T.);
#3979 = EDGE_CURVE('',#3980,#3980,#3982,.T.);
#3980 = VERTEX_POINT('',#3981);
#3981 = CARTESIAN_POINT('',(82.46,-49.2795,0.));
#3982 = CIRCLE('',#3983,0.4445);
#3983 = AXIS2_PLACEMENT_3D('',#3984,#3985,#3986);
#3984 = CARTESIAN_POINT('',(82.46,-48.835,0.));
#3985 = DIRECTION('',(-0.,0.,-1.));
#3986 = DIRECTION('',(-3.197042680585E-14,-1.,0.));
#3987 = FACE_BOUND('',#3988,.F.);
#3988 = EDGE_LOOP('',(#3989));
#3989 = ORIENTED_EDGE('',*,*,#3990,.T.);
#3990 = EDGE_CURVE('',#3991,#3991,#3993,.T.);
#3991 = VERTEX_POINT('',#3992);
#3992 = CARTESIAN_POINT('',(85.,-49.2795,0.));
#3993 = CIRCLE('',#3994,0.4445);
#3994 = AXIS2_PLACEMENT_3D('',#3995,#3996,#3997);
#3995 = CARTESIAN_POINT('',(85.,-48.835,0.));
#3996 = DIRECTION('',(-0.,0.,-1.));
#3997 = DIRECTION('',(-0.,-1.,0.));
#3998 = FACE_BOUND('',#3999,.F.);
#3999 = EDGE_LOOP('',(#4000));
#4000 = ORIENTED_EDGE('',*,*,#4001,.T.);
#4001 = EDGE_CURVE('',#4002,#4002,#4004,.T.);
#4002 = VERTEX_POINT('',#4003);
#4003 = CARTESIAN_POINT('',(88.915,-109.88,0.));
#4004 = CIRCLE('',#4005,0.5);
#4005 = AXIS2_PLACEMENT_3D('',#4006,#4007,#4008);
#4006 = CARTESIAN_POINT('',(88.915,-109.38,0.));
#4007 = DIRECTION('',(-0.,0.,-1.));
#4008 = DIRECTION('',(-0.,-1.,0.));
#4009 = FACE_BOUND('',#4010,.F.);
#4010 = EDGE_LOOP('',(#4011));
#4011 = ORIENTED_EDGE('',*,*,#4012,.T.);
#4012 = EDGE_CURVE('',#4013,#4013,#4015,.T.);
#4013 = VERTEX_POINT('',#4014);
#4014 = CARTESIAN_POINT('',(91.455,-109.88,0.));
#4015 = CIRCLE('',#4016,0.5);
#4016 = AXIS2_PLACEMENT_3D('',#4017,#4018,#4019);
#4017 = CARTESIAN_POINT('',(91.455,-109.38,0.));
#4018 = DIRECTION('',(-0.,0.,-1.));
#4019 = DIRECTION('',(-0.,-1.,0.));
#4020 = FACE_BOUND('',#4021,.F.);
#4021 = EDGE_LOOP('',(#4022));
#4022 = ORIENTED_EDGE('',*,*,#4023,.T.);
#4023 = EDGE_CURVE('',#4024,#4024,#4026,.T.);
#4024 = VERTEX_POINT('',#4025);
#4025 = CARTESIAN_POINT('',(128.,-94.95,0.));
#4026 = CIRCLE('',#4027,0.45);
#4027 = AXIS2_PLACEMENT_3D('',#4028,#4029,#4030);
#4028 = CARTESIAN_POINT('',(128.,-94.5,0.));
#4029 = DIRECTION('',(-0.,0.,-1.));
#4030 = DIRECTION('',(-0.,-1.,0.));
#4031 = FACE_BOUND('',#4032,.F.);
#4032 = EDGE_LOOP('',(#4033));
#4033 = ORIENTED_EDGE('',*,*,#4034,.T.);
#4034 = EDGE_CURVE('',#4035,#4035,#4037,.T.);
#4035 = VERTEX_POINT('',#4036);
#4036 = CARTESIAN_POINT('',(130.54,-94.95,0.));
#4037 = CIRCLE('',#4038,0.45);
#4038 = AXIS2_PLACEMENT_3D('',#4039,#4040,#4041);
#4039 = CARTESIAN_POINT('',(130.54,-94.5,0.));
#4040 = DIRECTION('',(-0.,0.,-1.));
#4041 = DIRECTION('',(-6.315935428979E-14,-1.,0.));
#4042 = FACE_BOUND('',#4043,.F.);
#4043 = EDGE_LOOP('',(#4044));
#4044 = ORIENTED_EDGE('',*,*,#4045,.T.);
#4045 = EDGE_CURVE('',#4046,#4046,#4048,.T.);
#4046 = VERTEX_POINT('',#4047);
#4047 = CARTESIAN_POINT('',(128.,-81.45,0.));
#4048 = CIRCLE('',#4049,0.45);
#4049 = AXIS2_PLACEMENT_3D('',#4050,#4051,#4052);
#4050 = CARTESIAN_POINT('',(128.,-81.,0.));
#4051 = DIRECTION('',(-0.,0.,-1.));
#4052 = DIRECTION('',(-0.,-1.,0.));
#4053 = FACE_BOUND('',#4054,.F.);
#4054 = EDGE_LOOP('',(#4055));
#4055 = ORIENTED_EDGE('',*,*,#4056,.T.);
#4056 = EDGE_CURVE('',#4057,#4057,#4059,.T.);
#4057 = VERTEX_POINT('',#4058);
#4058 = CARTESIAN_POINT('',(130.54,-81.45,0.));
#4059 = CIRCLE('',#4060,0.45);
#4060 = AXIS2_PLACEMENT_3D('',#4061,#4062,#4063);
#4061 = CARTESIAN_POINT('',(130.54,-81.,0.));
#4062 = DIRECTION('',(-0.,0.,-1.));
#4063 = DIRECTION('',(-6.315935428979E-14,-1.,0.));
#4064 = FACE_BOUND('',#4065,.F.);
#4065 = EDGE_LOOP('',(#4066));
#4066 = ORIENTED_EDGE('',*,*,#4067,.T.);
#4067 = EDGE_CURVE('',#4068,#4068,#4070,.T.);
#4068 = VERTEX_POINT('',#4069);
#4069 = CARTESIAN_POINT('',(99.,-75.38,0.));
#4070 = CIRCLE('',#4071,0.5);
#4071 = AXIS2_PLACEMENT_3D('',#4072,#4073,#4074);
#4072 = CARTESIAN_POINT('',(99.,-74.88,0.));
#4073 = DIRECTION('',(-0.,0.,-1.));
#4074 = DIRECTION('',(-0.,-1.,0.));
#4075 = FACE_BOUND('',#4076,.F.);
#4076 = EDGE_LOOP('',(#4077));
#4077 = ORIENTED_EDGE('',*,*,#4078,.T.);
#4078 = EDGE_CURVE('',#4079,#4079,#4081,.T.);
#4079 = VERTEX_POINT('',#4080);
#4080 = CARTESIAN_POINT('',(101.54,-75.38,0.));
#4081 = CIRCLE('',#4082,0.5);
#4082 = AXIS2_PLACEMENT_3D('',#4083,#4084,#4085);
#4083 = CARTESIAN_POINT('',(101.54,-74.88,0.));
#4084 = DIRECTION('',(-0.,0.,-1.));
#4085 = DIRECTION('',(-0.,-1.,0.));
#4086 = FACE_BOUND('',#4087,.F.);
#4087 = EDGE_LOOP('',(#4088));
#4088 = ORIENTED_EDGE('',*,*,#4089,.T.);
#4089 = EDGE_CURVE('',#4090,#4090,#4092,.T.);
#4090 = VERTEX_POINT('',#4091);
#4091 = CARTESIAN_POINT('',(104.08,-75.38,0.));
#4092 = CIRCLE('',#4093,0.5);
#4093 = AXIS2_PLACEMENT_3D('',#4094,#4095,#4096);
#4094 = CARTESIAN_POINT('',(104.08,-74.88,0.));
#4095 = DIRECTION('',(-0.,0.,-1.));
#4096 = DIRECTION('',(-0.,-1.,0.));
#4097 = FACE_BOUND('',#4098,.F.);
#4098 = EDGE_LOOP('',(#4099));
#4099 = ORIENTED_EDGE('',*,*,#4100,.T.);
#4100 = EDGE_CURVE('',#4101,#4101,#4103,.T.);
#4101 = VERTEX_POINT('',#4102);
#4102 = CARTESIAN_POINT('',(106.62,-75.38,0.));
#4103 = CIRCLE('',#4104,0.5);
#4104 = AXIS2_PLACEMENT_3D('',#4105,#4106,#4107);
#4105 = CARTESIAN_POINT('',(106.62,-74.88,0.));
#4106 = DIRECTION('',(-0.,0.,-1.));
#4107 = DIRECTION('',(-0.,-1.,0.));
#4108 = FACE_BOUND('',#4109,.F.);
#4109 = EDGE_LOOP('',(#4110));
#4110 = ORIENTED_EDGE('',*,*,#4111,.T.);
#4111 = EDGE_CURVE('',#4112,#4112,#4114,.T.);
#4112 = VERTEX_POINT('',#4113);
#4113 = CARTESIAN_POINT('',(97.46,-45.,0.));
#4114 = CIRCLE('',#4115,0.5);
#4115 = AXIS2_PLACEMENT_3D('',#4116,#4117,#4118);
#4116 = CARTESIAN_POINT('',(97.46,-44.5,0.));
#4117 = DIRECTION('',(-0.,0.,-1.));
#4118 = DIRECTION('',(-0.,-1.,0.));
#4119 = FACE_BOUND('',#4120,.F.);
#4120 = EDGE_LOOP('',(#4121));
#4121 = ORIENTED_EDGE('',*,*,#4122,.T.);
#4122 = EDGE_CURVE('',#4123,#4123,#4125,.T.);
#4123 = VERTEX_POINT('',#4124);
#4124 = CARTESIAN_POINT('',(100.3,-60.625,0.));
#4125 = CIRCLE('',#4126,0.575);
#4126 = AXIS2_PLACEMENT_3D('',#4127,#4128,#4129);
#4127 = CARTESIAN_POINT('',(100.3,-60.05,0.));
#4128 = DIRECTION('',(-0.,0.,-1.));
#4129 = DIRECTION('',(-0.,-1.,0.));
#4130 = FACE_BOUND('',#4131,.F.);
#4131 = EDGE_LOOP('',(#4132));
#4132 = ORIENTED_EDGE('',*,*,#4133,.T.);
#4133 = EDGE_CURVE('',#4134,#4134,#4136,.T.);
#4134 = VERTEX_POINT('',#4135);
#4135 = CARTESIAN_POINT('',(98.8,-58.5,0.));
#4136 = CIRCLE('',#4137,0.5);
#4137 = AXIS2_PLACEMENT_3D('',#4138,#4139,#4140);
#4138 = CARTESIAN_POINT('',(98.8,-58.,0.));
#4139 = DIRECTION('',(-0.,0.,-1.));
#4140 = DIRECTION('',(-0.,-1.,0.));
#4141 = FACE_BOUND('',#4142,.F.);
#4142 = EDGE_LOOP('',(#4143));
#4143 = ORIENTED_EDGE('',*,*,#4144,.T.);
#4144 = EDGE_CURVE('',#4145,#4145,#4147,.T.);
#4145 = VERTEX_POINT('',#4146);
#4146 = CARTESIAN_POINT('',(98.8,-56.5,0.));
#4147 = CIRCLE('',#4148,0.5);
#4148 = AXIS2_PLACEMENT_3D('',#4149,#4150,#4151);
#4149 = CARTESIAN_POINT('',(98.8,-56.,0.));
#4150 = DIRECTION('',(-0.,0.,-1.));
#4151 = DIRECTION('',(-0.,-1.,0.));
#4152 = FACE_BOUND('',#4153,.F.);
#4153 = EDGE_LOOP('',(#4154));
#4154 = ORIENTED_EDGE('',*,*,#4155,.T.);
#4155 = EDGE_CURVE('',#4156,#4156,#4158,.T.);
#4156 = VERTEX_POINT('',#4157);
#4157 = CARTESIAN_POINT('',(100.,-45.,0.));
#4158 = CIRCLE('',#4159,0.5);
#4159 = AXIS2_PLACEMENT_3D('',#4160,#4161,#4162);
#4160 = CARTESIAN_POINT('',(100.,-44.5,0.));
#4161 = DIRECTION('',(-0.,0.,-1.));
#4162 = DIRECTION('',(-0.,-1.,0.));
#4163 = FACE_BOUND('',#4164,.F.);
#4164 = EDGE_LOOP('',(#4165));
#4165 = ORIENTED_EDGE('',*,*,#4166,.T.);
#4166 = EDGE_CURVE('',#4167,#4167,#4169,.T.);
#4167 = VERTEX_POINT('',#4168);
#4168 = CARTESIAN_POINT('',(102.54,-45.,0.));
#4169 = CIRCLE('',#4170,0.5);
#4170 = AXIS2_PLACEMENT_3D('',#4171,#4172,#4173);
#4171 = CARTESIAN_POINT('',(102.54,-44.5,0.));
#4172 = DIRECTION('',(-0.,0.,-1.));
#4173 = DIRECTION('',(-0.,-1.,0.));
#4174 = PLANE('',#4175);
#4175 = AXIS2_PLACEMENT_3D('',#4176,#4177,#4178);
#4176 = CARTESIAN_POINT('',(0.,0.,0.));
#4177 = DIRECTION('',(0.,0.,1.));
#4178 = DIRECTION('',(1.,0.,-0.));
#4179 = ADVANCED_FACE('',(#4180,#4191,#4202,#4213,#4224,#4235,#4246,
    #4257,#4268,#4279,#4290,#4301,#4312,#4323,#4334,#4345,#4356,#4367,
    #4378,#4389,#4400,#4411,#4422,#4433,#4444,#4455,#4466,#4477,#4488,
    #4499,#4510,#4521,#4532,#4543,#4554,#4565,#4576,#4587,#4598,#4609,
    #4620,#4631,#4642,#4653,#4664,#4675,#4686,#4697,#4708,#4719),#4730,
  .T.);
#4180 = FACE_BOUND('',#4181,.T.);
#4181 = EDGE_LOOP('',(#4182,#4183,#4184,#4190));
#4182 = ORIENTED_EDGE('',*,*,#3535,.F.);
#4183 = ORIENTED_EDGE('',*,*,#3575,.F.);
#4184 = ORIENTED_EDGE('',*,*,#4185,.F.);
#4185 = EDGE_CURVE('',#3598,#3568,#4186,.T.);
#4186 = LINE('',#4187,#4188);
#4187 = CARTESIAN_POINT('',(46.46,-27.46,1.6));
#4188 = VECTOR('',#4189,1.);
#4189 = DIRECTION('',(0.999988036655,4.891476997674E-03,0.));
#4190 = ORIENTED_EDGE('',*,*,#3597,.F.);
#4191 = FACE_BOUND('',#4192,.T.);
#4192 = EDGE_LOOP('',(#4193));
#4193 = ORIENTED_EDGE('',*,*,#4194,.F.);
#4194 = EDGE_CURVE('',#4195,#4195,#4197,.T.);
#4195 = VERTEX_POINT('',#4196);
#4196 = CARTESIAN_POINT('',(81.11,-171.93,1.6));
#4197 = CIRCLE('',#4198,1.3);
#4198 = AXIS2_PLACEMENT_3D('',#4199,#4200,#4201);
#4199 = CARTESIAN_POINT('',(79.81,-171.93,1.6));
#4200 = DIRECTION('',(0.,0.,1.));
#4201 = DIRECTION('',(1.,0.,-0.));
#4202 = FACE_BOUND('',#4203,.T.);
#4203 = EDGE_LOOP('',(#4204));
#4204 = ORIENTED_EDGE('',*,*,#4205,.T.);
#4205 = EDGE_CURVE('',#4206,#4206,#4208,.T.);
#4206 = VERTEX_POINT('',#4207);
#4207 = CARTESIAN_POINT('',(85.,-174.785,1.6));
#4208 = CIRCLE('',#4209,0.425);
#4209 = AXIS2_PLACEMENT_3D('',#4210,#4211,#4212);
#4210 = CARTESIAN_POINT('',(85.,-174.36,1.6));
#4211 = DIRECTION('',(-0.,0.,-1.));
#4212 = DIRECTION('',(-0.,-1.,0.));
#4213 = FACE_BOUND('',#4214,.T.);
#4214 = EDGE_LOOP('',(#4215));
#4215 = ORIENTED_EDGE('',*,*,#4216,.F.);
#4216 = EDGE_CURVE('',#4217,#4217,#4219,.T.);
#4217 = VERTEX_POINT('',#4218);
#4218 = CARTESIAN_POINT('',(81.11,-153.93,1.6));
#4219 = CIRCLE('',#4220,1.3);
#4220 = AXIS2_PLACEMENT_3D('',#4221,#4222,#4223);
#4221 = CARTESIAN_POINT('',(79.81,-153.93,1.6));
#4222 = DIRECTION('',(0.,0.,1.));
#4223 = DIRECTION('',(1.,0.,-0.));
#4224 = FACE_BOUND('',#4225,.T.);
#4225 = EDGE_LOOP('',(#4226));
#4226 = ORIENTED_EDGE('',*,*,#4227,.T.);
#4227 = EDGE_CURVE('',#4228,#4228,#4230,.T.);
#4228 = VERTEX_POINT('',#4229);
#4229 = CARTESIAN_POINT('',(85.,-151.925,1.6));
#4230 = CIRCLE('',#4231,0.425);
#4231 = AXIS2_PLACEMENT_3D('',#4232,#4233,#4234);
#4232 = CARTESIAN_POINT('',(85.,-151.5,1.6));
#4233 = DIRECTION('',(-0.,0.,-1.));
#4234 = DIRECTION('',(-0.,-1.,0.));
#4235 = FACE_BOUND('',#4236,.T.);
#4236 = EDGE_LOOP('',(#4237));
#4237 = ORIENTED_EDGE('',*,*,#4238,.T.);
#4238 = EDGE_CURVE('',#4239,#4239,#4241,.T.);
#4239 = VERTEX_POINT('',#4240);
#4240 = CARTESIAN_POINT('',(43.75,-121.65,1.6));
#4241 = CIRCLE('',#4242,0.65);
#4242 = AXIS2_PLACEMENT_3D('',#4243,#4244,#4245);
#4243 = CARTESIAN_POINT('',(43.75,-121.,1.6));
#4244 = DIRECTION('',(-0.,0.,-1.));
#4245 = DIRECTION('',(-0.,-1.,0.));
#4246 = FACE_BOUND('',#4247,.T.);
#4247 = EDGE_LOOP('',(#4248));
#4248 = ORIENTED_EDGE('',*,*,#4249,.T.);
#4249 = EDGE_CURVE('',#4250,#4250,#4252,.T.);
#4250 = VERTEX_POINT('',#4251);
#4251 = CARTESIAN_POINT('',(43.75,-116.65,1.6));
#4252 = CIRCLE('',#4253,0.65);
#4253 = AXIS2_PLACEMENT_3D('',#4254,#4255,#4256);
#4254 = CARTESIAN_POINT('',(43.75,-116.,1.6));
#4255 = DIRECTION('',(-0.,0.,-1.));
#4256 = DIRECTION('',(-0.,-1.,0.));
#4257 = FACE_BOUND('',#4258,.T.);
#4258 = EDGE_LOOP('',(#4259));
#4259 = ORIENTED_EDGE('',*,*,#4260,.T.);
#4260 = EDGE_CURVE('',#4261,#4261,#4263,.T.);
#4261 = VERTEX_POINT('',#4262);
#4262 = CARTESIAN_POINT('',(56.25,-121.65,1.6));
#4263 = CIRCLE('',#4264,0.65);
#4264 = AXIS2_PLACEMENT_3D('',#4265,#4266,#4267);
#4265 = CARTESIAN_POINT('',(56.25,-121.,1.6));
#4266 = DIRECTION('',(-0.,0.,-1.));
#4267 = DIRECTION('',(-0.,-1.,0.));
#4268 = FACE_BOUND('',#4269,.T.);
#4269 = EDGE_LOOP('',(#4270));
#4270 = ORIENTED_EDGE('',*,*,#4271,.T.);
#4271 = EDGE_CURVE('',#4272,#4272,#4274,.T.);
#4272 = VERTEX_POINT('',#4273);
#4273 = CARTESIAN_POINT('',(56.25,-116.65,1.6));
#4274 = CIRCLE('',#4275,0.65);
#4275 = AXIS2_PLACEMENT_3D('',#4276,#4277,#4278);
#4276 = CARTESIAN_POINT('',(56.25,-116.,1.6));
#4277 = DIRECTION('',(-0.,0.,-1.));
#4278 = DIRECTION('',(-0.,-1.,0.));
#4279 = FACE_BOUND('',#4280,.T.);
#4280 = EDGE_LOOP('',(#4281));
#4281 = ORIENTED_EDGE('',*,*,#4282,.F.);
#4282 = EDGE_CURVE('',#4283,#4283,#4285,.T.);
#4283 = VERTEX_POINT('',#4284);
#4284 = CARTESIAN_POINT('',(89.76,-176.43,1.6));
#4285 = CIRCLE('',#4286,0.95);
#4286 = AXIS2_PLACEMENT_3D('',#4287,#4288,#4289);
#4287 = CARTESIAN_POINT('',(88.81,-176.43,1.6));
#4288 = DIRECTION('',(0.,0.,1.));
#4289 = DIRECTION('',(1.,0.,-0.));
#4290 = FACE_BOUND('',#4291,.T.);
#4291 = EDGE_LOOP('',(#4292));
#4292 = ORIENTED_EDGE('',*,*,#4293,.T.);
#4293 = EDGE_CURVE('',#4294,#4294,#4296,.T.);
#4294 = VERTEX_POINT('',#4295);
#4295 = CARTESIAN_POINT('',(92.62,-174.785,1.6));
#4296 = CIRCLE('',#4297,0.425);
#4297 = AXIS2_PLACEMENT_3D('',#4298,#4299,#4300);
#4298 = CARTESIAN_POINT('',(92.62,-174.36,1.6));
#4299 = DIRECTION('',(-0.,0.,-1.));
#4300 = DIRECTION('',(-0.,-1.,0.));
#4301 = FACE_BOUND('',#4302,.T.);
#4302 = EDGE_LOOP('',(#4303));
#4303 = ORIENTED_EDGE('',*,*,#4304,.F.);
#4304 = EDGE_CURVE('',#4305,#4305,#4307,.T.);
#4305 = VERTEX_POINT('',#4306);
#4306 = CARTESIAN_POINT('',(100.76,-162.93,1.6));
#4307 = CIRCLE('',#4308,1.95);
#4308 = AXIS2_PLACEMENT_3D('',#4309,#4310,#4311);
#4309 = CARTESIAN_POINT('',(98.81,-162.93,1.6));
#4310 = DIRECTION('',(0.,0.,1.));
#4311 = DIRECTION('',(1.,0.,-0.));
#4312 = FACE_BOUND('',#4313,.T.);
#4313 = EDGE_LOOP('',(#4314));
#4314 = ORIENTED_EDGE('',*,*,#4315,.F.);
#4315 = EDGE_CURVE('',#4316,#4316,#4318,.T.);
#4316 = VERTEX_POINT('',#4317);
#4317 = CARTESIAN_POINT('',(89.76,-149.43,1.6));
#4318 = CIRCLE('',#4319,0.95);
#4319 = AXIS2_PLACEMENT_3D('',#4320,#4321,#4322);
#4320 = CARTESIAN_POINT('',(88.81,-149.43,1.6));
#4321 = DIRECTION('',(0.,0.,1.));
#4322 = DIRECTION('',(1.,0.,-0.));
#4323 = FACE_BOUND('',#4324,.T.);
#4324 = EDGE_LOOP('',(#4325));
#4325 = ORIENTED_EDGE('',*,*,#4326,.T.);
#4326 = EDGE_CURVE('',#4327,#4327,#4329,.T.);
#4327 = VERTEX_POINT('',#4328);
#4328 = CARTESIAN_POINT('',(92.62,-151.925,1.6));
#4329 = CIRCLE('',#4330,0.425);
#4330 = AXIS2_PLACEMENT_3D('',#4331,#4332,#4333);
#4331 = CARTESIAN_POINT('',(92.62,-151.5,1.6));
#4332 = DIRECTION('',(-0.,0.,-1.));
#4333 = DIRECTION('',(-0.,-1.,0.));
#4334 = FACE_BOUND('',#4335,.T.);
#4335 = EDGE_LOOP('',(#4336));
#4336 = ORIENTED_EDGE('',*,*,#4337,.T.);
#4337 = EDGE_CURVE('',#4338,#4338,#4340,.T.);
#4338 = VERTEX_POINT('',#4339);
#4339 = CARTESIAN_POINT('',(83.835,-109.88,1.6));
#4340 = CIRCLE('',#4341,0.5);
#4341 = AXIS2_PLACEMENT_3D('',#4342,#4343,#4344);
#4342 = CARTESIAN_POINT('',(83.835,-109.38,1.6));
#4343 = DIRECTION('',(-0.,0.,-1.));
#4344 = DIRECTION('',(-0.,-1.,0.));
#4345 = FACE_BOUND('',#4346,.T.);
#4346 = EDGE_LOOP('',(#4347));
#4347 = ORIENTED_EDGE('',*,*,#4348,.T.);
#4348 = EDGE_CURVE('',#4349,#4349,#4351,.T.);
#4349 = VERTEX_POINT('',#4350);
#4350 = CARTESIAN_POINT('',(86.375,-109.88,1.6));
#4351 = CIRCLE('',#4352,0.5);
#4352 = AXIS2_PLACEMENT_3D('',#4353,#4354,#4355);
#4353 = CARTESIAN_POINT('',(86.375,-109.38,1.6));
#4354 = DIRECTION('',(-0.,0.,-1.));
#4355 = DIRECTION('',(-0.,-1.,0.));
#4356 = FACE_BOUND('',#4357,.T.);
#4357 = EDGE_LOOP('',(#4358));
#4358 = ORIENTED_EDGE('',*,*,#4359,.T.);
#4359 = EDGE_CURVE('',#4360,#4360,#4362,.T.);
#4360 = VERTEX_POINT('',#4361);
#4361 = CARTESIAN_POINT('',(71.38,-75.38,1.6));
#4362 = CIRCLE('',#4363,0.5);
#4363 = AXIS2_PLACEMENT_3D('',#4364,#4365,#4366);
#4364 = CARTESIAN_POINT('',(71.38,-74.88,1.6));
#4365 = DIRECTION('',(-0.,0.,-1.));
#4366 = DIRECTION('',(-0.,-1.,0.));
#4367 = FACE_BOUND('',#4368,.T.);
#4368 = EDGE_LOOP('',(#4369));
#4369 = ORIENTED_EDGE('',*,*,#4370,.T.);
#4370 = EDGE_CURVE('',#4371,#4371,#4373,.T.);
#4371 = VERTEX_POINT('',#4372);
#4372 = CARTESIAN_POINT('',(73.92,-75.38,1.6));
#4373 = CIRCLE('',#4374,0.5);
#4374 = AXIS2_PLACEMENT_3D('',#4375,#4376,#4377);
#4375 = CARTESIAN_POINT('',(73.92,-74.88,1.6));
#4376 = DIRECTION('',(-0.,0.,-1.));
#4377 = DIRECTION('',(-0.,-1.,0.));
#4378 = FACE_BOUND('',#4379,.T.);
#4379 = EDGE_LOOP('',(#4380));
#4380 = ORIENTED_EDGE('',*,*,#4381,.T.);
#4381 = EDGE_CURVE('',#4382,#4382,#4384,.T.);
#4382 = VERTEX_POINT('',#4383);
#4383 = CARTESIAN_POINT('',(69.76,-64.5195,1.6));
#4384 = CIRCLE('',#4385,0.4445);
#4385 = AXIS2_PLACEMENT_3D('',#4386,#4387,#4388);
#4386 = CARTESIAN_POINT('',(69.76,-64.075,1.6));
#4387 = DIRECTION('',(-0.,0.,-1.));
#4388 = DIRECTION('',(3.197042680585E-14,-1.,-0.));
#4389 = FACE_BOUND('',#4390,.T.);
#4390 = EDGE_LOOP('',(#4391));
#4391 = ORIENTED_EDGE('',*,*,#4392,.T.);
#4392 = EDGE_CURVE('',#4393,#4393,#4395,.T.);
#4393 = VERTEX_POINT('',#4394);
#4394 = CARTESIAN_POINT('',(72.3,-64.5195,1.6));
#4395 = CIRCLE('',#4396,0.4445);
#4396 = AXIS2_PLACEMENT_3D('',#4397,#4398,#4399);
#4397 = CARTESIAN_POINT('',(72.3,-64.075,1.6));
#4398 = DIRECTION('',(-0.,0.,-1.));
#4399 = DIRECTION('',(-3.197042680585E-14,-1.,0.));
#4400 = FACE_BOUND('',#4401,.T.);
#4401 = EDGE_LOOP('',(#4402));
#4402 = ORIENTED_EDGE('',*,*,#4403,.T.);
#4403 = EDGE_CURVE('',#4404,#4404,#4406,.T.);
#4404 = VERTEX_POINT('',#4405);
#4405 = CARTESIAN_POINT('',(74.84,-64.5195,1.6));
#4406 = CIRCLE('',#4407,0.4445);
#4407 = AXIS2_PLACEMENT_3D('',#4408,#4409,#4410);
#4408 = CARTESIAN_POINT('',(74.84,-64.075,1.6));
#4409 = DIRECTION('',(-0.,0.,-1.));
#4410 = DIRECTION('',(-0.,-1.,0.));
#4411 = FACE_BOUND('',#4412,.T.);
#4412 = EDGE_LOOP('',(#4413));
#4413 = ORIENTED_EDGE('',*,*,#4414,.T.);
#4414 = EDGE_CURVE('',#4415,#4415,#4417,.T.);
#4415 = VERTEX_POINT('',#4416);
#4416 = CARTESIAN_POINT('',(76.46,-75.38,1.6));
#4417 = CIRCLE('',#4418,0.5);
#4418 = AXIS2_PLACEMENT_3D('',#4419,#4420,#4421);
#4419 = CARTESIAN_POINT('',(76.46,-74.88,1.6));
#4420 = DIRECTION('',(-0.,0.,-1.));
#4421 = DIRECTION('',(-0.,-1.,0.));
#4422 = FACE_BOUND('',#4423,.T.);
#4423 = EDGE_LOOP('',(#4424));
#4424 = ORIENTED_EDGE('',*,*,#4425,.T.);
#4425 = EDGE_CURVE('',#4426,#4426,#4428,.T.);
#4426 = VERTEX_POINT('',#4427);
#4427 = CARTESIAN_POINT('',(79.,-75.38,1.6));
#4428 = CIRCLE('',#4429,0.5);
#4429 = AXIS2_PLACEMENT_3D('',#4430,#4431,#4432);
#4430 = CARTESIAN_POINT('',(79.,-74.88,1.6));
#4431 = DIRECTION('',(-0.,0.,-1.));
#4432 = DIRECTION('',(-0.,-1.,0.));
#4433 = FACE_BOUND('',#4434,.T.);
#4434 = EDGE_LOOP('',(#4435));
#4435 = ORIENTED_EDGE('',*,*,#4436,.T.);
#4436 = EDGE_CURVE('',#4437,#4437,#4439,.T.);
#4437 = VERTEX_POINT('',#4438);
#4438 = CARTESIAN_POINT('',(77.38,-64.5195,1.6));
#4439 = CIRCLE('',#4440,0.4445);
#4440 = AXIS2_PLACEMENT_3D('',#4441,#4442,#4443);
#4441 = CARTESIAN_POINT('',(77.38,-64.075,1.6));
#4442 = DIRECTION('',(-0.,0.,-1.));
#4443 = DIRECTION('',(-0.,-1.,0.));
#4444 = FACE_BOUND('',#4445,.T.);
#4445 = EDGE_LOOP('',(#4446));
#4446 = ORIENTED_EDGE('',*,*,#4447,.T.);
#4447 = EDGE_CURVE('',#4448,#4448,#4450,.T.);
#4448 = VERTEX_POINT('',#4449);
#4449 = CARTESIAN_POINT('',(79.92,-64.5195,1.6));
#4450 = CIRCLE('',#4451,0.4445);
#4451 = AXIS2_PLACEMENT_3D('',#4452,#4453,#4454);
#4452 = CARTESIAN_POINT('',(79.92,-64.075,1.6));
#4453 = DIRECTION('',(-0.,0.,-1.));
#4454 = DIRECTION('',(-0.,-1.,0.));
#4455 = FACE_BOUND('',#4456,.T.);
#4456 = EDGE_LOOP('',(#4457));
#4457 = ORIENTED_EDGE('',*,*,#4458,.T.);
#4458 = EDGE_CURVE('',#4459,#4459,#4461,.T.);
#4459 = VERTEX_POINT('',#4460);
#4460 = CARTESIAN_POINT('',(82.46,-64.5195,1.6));
#4461 = CIRCLE('',#4462,0.4445);
#4462 = AXIS2_PLACEMENT_3D('',#4463,#4464,#4465);
#4463 = CARTESIAN_POINT('',(82.46,-64.075,1.6));
#4464 = DIRECTION('',(-0.,0.,-1.));
#4465 = DIRECTION('',(-3.197042680585E-14,-1.,0.));
#4466 = FACE_BOUND('',#4467,.T.);
#4467 = EDGE_LOOP('',(#4468));
#4468 = ORIENTED_EDGE('',*,*,#4469,.T.);
#4469 = EDGE_CURVE('',#4470,#4470,#4472,.T.);
#4470 = VERTEX_POINT('',#4471);
#4471 = CARTESIAN_POINT('',(85.,-64.5195,1.6));
#4472 = CIRCLE('',#4473,0.4445);
#4473 = AXIS2_PLACEMENT_3D('',#4474,#4475,#4476);
#4474 = CARTESIAN_POINT('',(85.,-64.075,1.6));
#4475 = DIRECTION('',(-0.,0.,-1.));
#4476 = DIRECTION('',(-0.,-1.,0.));
#4477 = FACE_BOUND('',#4478,.T.);
#4478 = EDGE_LOOP('',(#4479));
#4479 = ORIENTED_EDGE('',*,*,#4480,.T.);
#4480 = EDGE_CURVE('',#4481,#4481,#4483,.T.);
#4481 = VERTEX_POINT('',#4482);
#4482 = CARTESIAN_POINT('',(69.76,-49.2795,1.6));
#4483 = CIRCLE('',#4484,0.4445);
#4484 = AXIS2_PLACEMENT_3D('',#4485,#4486,#4487);
#4485 = CARTESIAN_POINT('',(69.76,-48.835,1.6));
#4486 = DIRECTION('',(-0.,0.,-1.));
#4487 = DIRECTION('',(3.197042680585E-14,-1.,-0.));
#4488 = FACE_BOUND('',#4489,.T.);
#4489 = EDGE_LOOP('',(#4490));
#4490 = ORIENTED_EDGE('',*,*,#4491,.T.);
#4491 = EDGE_CURVE('',#4492,#4492,#4494,.T.);
#4492 = VERTEX_POINT('',#4493);
#4493 = CARTESIAN_POINT('',(72.3,-49.2795,1.6));
#4494 = CIRCLE('',#4495,0.4445);
#4495 = AXIS2_PLACEMENT_3D('',#4496,#4497,#4498);
#4496 = CARTESIAN_POINT('',(72.3,-48.835,1.6));
#4497 = DIRECTION('',(-0.,0.,-1.));
#4498 = DIRECTION('',(-3.197042680585E-14,-1.,0.));
#4499 = FACE_BOUND('',#4500,.T.);
#4500 = EDGE_LOOP('',(#4501));
#4501 = ORIENTED_EDGE('',*,*,#4502,.T.);
#4502 = EDGE_CURVE('',#4503,#4503,#4505,.T.);
#4503 = VERTEX_POINT('',#4504);
#4504 = CARTESIAN_POINT('',(74.84,-49.2795,1.6));
#4505 = CIRCLE('',#4506,0.4445);
#4506 = AXIS2_PLACEMENT_3D('',#4507,#4508,#4509);
#4507 = CARTESIAN_POINT('',(74.84,-48.835,1.6));
#4508 = DIRECTION('',(-0.,0.,-1.));
#4509 = DIRECTION('',(-0.,-1.,0.));
#4510 = FACE_BOUND('',#4511,.T.);
#4511 = EDGE_LOOP('',(#4512));
#4512 = ORIENTED_EDGE('',*,*,#4513,.T.);
#4513 = EDGE_CURVE('',#4514,#4514,#4516,.T.);
#4514 = VERTEX_POINT('',#4515);
#4515 = CARTESIAN_POINT('',(77.38,-49.2795,1.6));
#4516 = CIRCLE('',#4517,0.4445);
#4517 = AXIS2_PLACEMENT_3D('',#4518,#4519,#4520);
#4518 = CARTESIAN_POINT('',(77.38,-48.835,1.6));
#4519 = DIRECTION('',(-0.,0.,-1.));
#4520 = DIRECTION('',(-0.,-1.,0.));
#4521 = FACE_BOUND('',#4522,.T.);
#4522 = EDGE_LOOP('',(#4523));
#4523 = ORIENTED_EDGE('',*,*,#4524,.T.);
#4524 = EDGE_CURVE('',#4525,#4525,#4527,.T.);
#4525 = VERTEX_POINT('',#4526);
#4526 = CARTESIAN_POINT('',(79.92,-49.2795,1.6));
#4527 = CIRCLE('',#4528,0.4445);
#4528 = AXIS2_PLACEMENT_3D('',#4529,#4530,#4531);
#4529 = CARTESIAN_POINT('',(79.92,-48.835,1.6));
#4530 = DIRECTION('',(-0.,0.,-1.));
#4531 = DIRECTION('',(-0.,-1.,0.));
#4532 = FACE_BOUND('',#4533,.T.);
#4533 = EDGE_LOOP('',(#4534));
#4534 = ORIENTED_EDGE('',*,*,#4535,.T.);
#4535 = EDGE_CURVE('',#4536,#4536,#4538,.T.);
#4536 = VERTEX_POINT('',#4537);
#4537 = CARTESIAN_POINT('',(82.46,-49.2795,1.6));
#4538 = CIRCLE('',#4539,0.4445);
#4539 = AXIS2_PLACEMENT_3D('',#4540,#4541,#4542);
#4540 = CARTESIAN_POINT('',(82.46,-48.835,1.6));
#4541 = DIRECTION('',(-0.,0.,-1.));
#4542 = DIRECTION('',(-3.197042680585E-14,-1.,0.));
#4543 = FACE_BOUND('',#4544,.T.);
#4544 = EDGE_LOOP('',(#4545));
#4545 = ORIENTED_EDGE('',*,*,#4546,.T.);
#4546 = EDGE_CURVE('',#4547,#4547,#4549,.T.);
#4547 = VERTEX_POINT('',#4548);
#4548 = CARTESIAN_POINT('',(85.,-49.2795,1.6));
#4549 = CIRCLE('',#4550,0.4445);
#4550 = AXIS2_PLACEMENT_3D('',#4551,#4552,#4553);
#4551 = CARTESIAN_POINT('',(85.,-48.835,1.6));
#4552 = DIRECTION('',(-0.,0.,-1.));
#4553 = DIRECTION('',(-0.,-1.,0.));
#4554 = FACE_BOUND('',#4555,.T.);
#4555 = EDGE_LOOP('',(#4556));
#4556 = ORIENTED_EDGE('',*,*,#4557,.T.);
#4557 = EDGE_CURVE('',#4558,#4558,#4560,.T.);
#4558 = VERTEX_POINT('',#4559);
#4559 = CARTESIAN_POINT('',(88.915,-109.88,1.6));
#4560 = CIRCLE('',#4561,0.5);
#4561 = AXIS2_PLACEMENT_3D('',#4562,#4563,#4564);
#4562 = CARTESIAN_POINT('',(88.915,-109.38,1.6));
#4563 = DIRECTION('',(-0.,0.,-1.));
#4564 = DIRECTION('',(-0.,-1.,0.));
#4565 = FACE_BOUND('',#4566,.T.);
#4566 = EDGE_LOOP('',(#4567));
#4567 = ORIENTED_EDGE('',*,*,#4568,.T.);
#4568 = EDGE_CURVE('',#4569,#4569,#4571,.T.);
#4569 = VERTEX_POINT('',#4570);
#4570 = CARTESIAN_POINT('',(91.455,-109.88,1.6));
#4571 = CIRCLE('',#4572,0.5);
#4572 = AXIS2_PLACEMENT_3D('',#4573,#4574,#4575);
#4573 = CARTESIAN_POINT('',(91.455,-109.38,1.6));
#4574 = DIRECTION('',(-0.,0.,-1.));
#4575 = DIRECTION('',(-0.,-1.,0.));
#4576 = FACE_BOUND('',#4577,.T.);
#4577 = EDGE_LOOP('',(#4578));
#4578 = ORIENTED_EDGE('',*,*,#4579,.T.);
#4579 = EDGE_CURVE('',#4580,#4580,#4582,.T.);
#4580 = VERTEX_POINT('',#4581);
#4581 = CARTESIAN_POINT('',(128.,-94.95,1.6));
#4582 = CIRCLE('',#4583,0.45);
#4583 = AXIS2_PLACEMENT_3D('',#4584,#4585,#4586);
#4584 = CARTESIAN_POINT('',(128.,-94.5,1.6));
#4585 = DIRECTION('',(-0.,0.,-1.));
#4586 = DIRECTION('',(-0.,-1.,0.));
#4587 = FACE_BOUND('',#4588,.T.);
#4588 = EDGE_LOOP('',(#4589));
#4589 = ORIENTED_EDGE('',*,*,#4590,.T.);
#4590 = EDGE_CURVE('',#4591,#4591,#4593,.T.);
#4591 = VERTEX_POINT('',#4592);
#4592 = CARTESIAN_POINT('',(130.54,-94.95,1.6));
#4593 = CIRCLE('',#4594,0.45);
#4594 = AXIS2_PLACEMENT_3D('',#4595,#4596,#4597);
#4595 = CARTESIAN_POINT('',(130.54,-94.5,1.6));
#4596 = DIRECTION('',(-0.,0.,-1.));
#4597 = DIRECTION('',(-6.315935428979E-14,-1.,0.));
#4598 = FACE_BOUND('',#4599,.T.);
#4599 = EDGE_LOOP('',(#4600));
#4600 = ORIENTED_EDGE('',*,*,#4601,.T.);
#4601 = EDGE_CURVE('',#4602,#4602,#4604,.T.);
#4602 = VERTEX_POINT('',#4603);
#4603 = CARTESIAN_POINT('',(128.,-81.45,1.6));
#4604 = CIRCLE('',#4605,0.45);
#4605 = AXIS2_PLACEMENT_3D('',#4606,#4607,#4608);
#4606 = CARTESIAN_POINT('',(128.,-81.,1.6));
#4607 = DIRECTION('',(-0.,0.,-1.));
#4608 = DIRECTION('',(-0.,-1.,0.));
#4609 = FACE_BOUND('',#4610,.T.);
#4610 = EDGE_LOOP('',(#4611));
#4611 = ORIENTED_EDGE('',*,*,#4612,.T.);
#4612 = EDGE_CURVE('',#4613,#4613,#4615,.T.);
#4613 = VERTEX_POINT('',#4614);
#4614 = CARTESIAN_POINT('',(130.54,-81.45,1.6));
#4615 = CIRCLE('',#4616,0.45);
#4616 = AXIS2_PLACEMENT_3D('',#4617,#4618,#4619);
#4617 = CARTESIAN_POINT('',(130.54,-81.,1.6));
#4618 = DIRECTION('',(-0.,0.,-1.));
#4619 = DIRECTION('',(-6.315935428979E-14,-1.,0.));
#4620 = FACE_BOUND('',#4621,.T.);
#4621 = EDGE_LOOP('',(#4622));
#4622 = ORIENTED_EDGE('',*,*,#4623,.T.);
#4623 = EDGE_CURVE('',#4624,#4624,#4626,.T.);
#4624 = VERTEX_POINT('',#4625);
#4625 = CARTESIAN_POINT('',(99.,-75.38,1.6));
#4626 = CIRCLE('',#4627,0.5);
#4627 = AXIS2_PLACEMENT_3D('',#4628,#4629,#4630);
#4628 = CARTESIAN_POINT('',(99.,-74.88,1.6));
#4629 = DIRECTION('',(-0.,0.,-1.));
#4630 = DIRECTION('',(-0.,-1.,0.));
#4631 = FACE_BOUND('',#4632,.T.);
#4632 = EDGE_LOOP('',(#4633));
#4633 = ORIENTED_EDGE('',*,*,#4634,.T.);
#4634 = EDGE_CURVE('',#4635,#4635,#4637,.T.);
#4635 = VERTEX_POINT('',#4636);
#4636 = CARTESIAN_POINT('',(101.54,-75.38,1.6));
#4637 = CIRCLE('',#4638,0.5);
#4638 = AXIS2_PLACEMENT_3D('',#4639,#4640,#4641);
#4639 = CARTESIAN_POINT('',(101.54,-74.88,1.6));
#4640 = DIRECTION('',(-0.,0.,-1.));
#4641 = DIRECTION('',(-0.,-1.,0.));
#4642 = FACE_BOUND('',#4643,.T.);
#4643 = EDGE_LOOP('',(#4644));
#4644 = ORIENTED_EDGE('',*,*,#4645,.T.);
#4645 = EDGE_CURVE('',#4646,#4646,#4648,.T.);
#4646 = VERTEX_POINT('',#4647);
#4647 = CARTESIAN_POINT('',(104.08,-75.38,1.6));
#4648 = CIRCLE('',#4649,0.5);
#4649 = AXIS2_PLACEMENT_3D('',#4650,#4651,#4652);
#4650 = CARTESIAN_POINT('',(104.08,-74.88,1.6));
#4651 = DIRECTION('',(-0.,0.,-1.));
#4652 = DIRECTION('',(-0.,-1.,0.));
#4653 = FACE_BOUND('',#4654,.T.);
#4654 = EDGE_LOOP('',(#4655));
#4655 = ORIENTED_EDGE('',*,*,#4656,.T.);
#4656 = EDGE_CURVE('',#4657,#4657,#4659,.T.);
#4657 = VERTEX_POINT('',#4658);
#4658 = CARTESIAN_POINT('',(106.62,-75.38,1.6));
#4659 = CIRCLE('',#4660,0.5);
#4660 = AXIS2_PLACEMENT_3D('',#4661,#4662,#4663);
#4661 = CARTESIAN_POINT('',(106.62,-74.88,1.6));
#4662 = DIRECTION('',(-0.,0.,-1.));
#4663 = DIRECTION('',(-0.,-1.,0.));
#4664 = FACE_BOUND('',#4665,.T.);
#4665 = EDGE_LOOP('',(#4666));
#4666 = ORIENTED_EDGE('',*,*,#4667,.T.);
#4667 = EDGE_CURVE('',#4668,#4668,#4670,.T.);
#4668 = VERTEX_POINT('',#4669);
#4669 = CARTESIAN_POINT('',(97.46,-45.,1.6));
#4670 = CIRCLE('',#4671,0.5);
#4671 = AXIS2_PLACEMENT_3D('',#4672,#4673,#4674);
#4672 = CARTESIAN_POINT('',(97.46,-44.5,1.6));
#4673 = DIRECTION('',(-0.,0.,-1.));
#4674 = DIRECTION('',(-0.,-1.,0.));
#4675 = FACE_BOUND('',#4676,.T.);
#4676 = EDGE_LOOP('',(#4677));
#4677 = ORIENTED_EDGE('',*,*,#4678,.T.);
#4678 = EDGE_CURVE('',#4679,#4679,#4681,.T.);
#4679 = VERTEX_POINT('',#4680);
#4680 = CARTESIAN_POINT('',(100.3,-60.625,1.6));
#4681 = CIRCLE('',#4682,0.575);
#4682 = AXIS2_PLACEMENT_3D('',#4683,#4684,#4685);
#4683 = CARTESIAN_POINT('',(100.3,-60.05,1.6));
#4684 = DIRECTION('',(-0.,0.,-1.));
#4685 = DIRECTION('',(-0.,-1.,0.));
#4686 = FACE_BOUND('',#4687,.T.);
#4687 = EDGE_LOOP('',(#4688));
#4688 = ORIENTED_EDGE('',*,*,#4689,.T.);
#4689 = EDGE_CURVE('',#4690,#4690,#4692,.T.);
#4690 = VERTEX_POINT('',#4691);
#4691 = CARTESIAN_POINT('',(98.8,-58.5,1.6));
#4692 = CIRCLE('',#4693,0.5);
#4693 = AXIS2_PLACEMENT_3D('',#4694,#4695,#4696);
#4694 = CARTESIAN_POINT('',(98.8,-58.,1.6));
#4695 = DIRECTION('',(-0.,0.,-1.));
#4696 = DIRECTION('',(-0.,-1.,0.));
#4697 = FACE_BOUND('',#4698,.T.);
#4698 = EDGE_LOOP('',(#4699));
#4699 = ORIENTED_EDGE('',*,*,#4700,.T.);
#4700 = EDGE_CURVE('',#4701,#4701,#4703,.T.);
#4701 = VERTEX_POINT('',#4702);
#4702 = CARTESIAN_POINT('',(98.8,-56.5,1.6));
#4703 = CIRCLE('',#4704,0.5);
#4704 = AXIS2_PLACEMENT_3D('',#4705,#4706,#4707);
#4705 = CARTESIAN_POINT('',(98.8,-56.,1.6));
#4706 = DIRECTION('',(-0.,0.,-1.));
#4707 = DIRECTION('',(-0.,-1.,0.));
#4708 = FACE_BOUND('',#4709,.T.);
#4709 = EDGE_LOOP('',(#4710));
#4710 = ORIENTED_EDGE('',*,*,#4711,.T.);
#4711 = EDGE_CURVE('',#4712,#4712,#4714,.T.);
#4712 = VERTEX_POINT('',#4713);
#4713 = CARTESIAN_POINT('',(100.,-45.,1.6));
#4714 = CIRCLE('',#4715,0.5);
#4715 = AXIS2_PLACEMENT_3D('',#4716,#4717,#4718);
#4716 = CARTESIAN_POINT('',(100.,-44.5,1.6));
#4717 = DIRECTION('',(-0.,0.,-1.));
#4718 = DIRECTION('',(-0.,-1.,0.));
#4719 = FACE_BOUND('',#4720,.T.);
#4720 = EDGE_LOOP('',(#4721));
#4721 = ORIENTED_EDGE('',*,*,#4722,.T.);
#4722 = EDGE_CURVE('',#4723,#4723,#4725,.T.);
#4723 = VERTEX_POINT('',#4724);
#4724 = CARTESIAN_POINT('',(102.54,-45.,1.6));
#4725 = CIRCLE('',#4726,0.5);
#4726 = AXIS2_PLACEMENT_3D('',#4727,#4728,#4729);
#4727 = CARTESIAN_POINT('',(102.54,-44.5,1.6));
#4728 = DIRECTION('',(-0.,0.,-1.));
#4729 = DIRECTION('',(-0.,-1.,0.));
#4730 = PLANE('',#4731);
#4731 = AXIS2_PLACEMENT_3D('',#4732,#4733,#4734);
#4732 = CARTESIAN_POINT('',(0.,0.,1.6));
#4733 = DIRECTION('',(0.,0.,1.));
#4734 = DIRECTION('',(1.,0.,-0.));
#4735 = ADVANCED_FACE('',(#4736),#4742,.T.);
#4736 = FACE_BOUND('',#4737,.T.);
#4737 = EDGE_LOOP('',(#4738,#4739,#4740,#4741));
#4738 = ORIENTED_EDGE('',*,*,#3605,.T.);
#4739 = ORIENTED_EDGE('',*,*,#4185,.T.);
#4740 = ORIENTED_EDGE('',*,*,#3565,.F.);
#4741 = ORIENTED_EDGE('',*,*,#3629,.F.);
#4742 = PLANE('',#4743);
#4743 = AXIS2_PLACEMENT_3D('',#4744,#4745,#4746);
#4744 = CARTESIAN_POINT('',(46.46,-27.46,0.));
#4745 = DIRECTION('',(-4.891476997674E-03,0.999988036655,0.));
#4746 = DIRECTION('',(0.999988036655,4.891476997674E-03,0.));
#4747 = ADVANCED_FACE('',(#4748),#4759,.F.);
#4748 = FACE_BOUND('',#4749,.T.);
#4749 = EDGE_LOOP('',(#4750,#4756,#4757,#4758));
#4750 = ORIENTED_EDGE('',*,*,#4751,.T.);
#4751 = EDGE_CURVE('',#3639,#4195,#4752,.T.);
#4752 = LINE('',#4753,#4754);
#4753 = CARTESIAN_POINT('',(81.11,-171.93,0.));
#4754 = VECTOR('',#4755,1.);
#4755 = DIRECTION('',(0.,0.,1.));
#4756 = ORIENTED_EDGE('',*,*,#4194,.T.);
#4757 = ORIENTED_EDGE('',*,*,#4751,.F.);
#4758 = ORIENTED_EDGE('',*,*,#3638,.F.);
#4759 = CYLINDRICAL_SURFACE('',#4760,1.3);
#4760 = AXIS2_PLACEMENT_3D('',#4761,#4762,#4763);
#4761 = CARTESIAN_POINT('',(79.81,-171.93,0.));
#4762 = DIRECTION('',(-0.,-0.,-1.));
#4763 = DIRECTION('',(1.,0.,-0.));
#4764 = ADVANCED_FACE('',(#4765),#4776,.F.);
#4765 = FACE_BOUND('',#4766,.T.);
#4766 = EDGE_LOOP('',(#4767,#4768,#4774,#4775));
#4767 = ORIENTED_EDGE('',*,*,#3649,.T.);
#4768 = ORIENTED_EDGE('',*,*,#4769,.T.);
#4769 = EDGE_CURVE('',#3650,#4206,#4770,.T.);
#4770 = LINE('',#4771,#4772);
#4771 = CARTESIAN_POINT('',(85.,-174.785,-4.5E-02));
#4772 = VECTOR('',#4773,1.);
#4773 = DIRECTION('',(0.,0.,1.));
#4774 = ORIENTED_EDGE('',*,*,#4205,.F.);
#4775 = ORIENTED_EDGE('',*,*,#4769,.F.);
#4776 = CYLINDRICAL_SURFACE('',#4777,0.425);
#4777 = AXIS2_PLACEMENT_3D('',#4778,#4779,#4780);
#4778 = CARTESIAN_POINT('',(85.,-174.36,-4.5E-02));
#4779 = DIRECTION('',(-0.,-0.,-1.));
#4780 = DIRECTION('',(-0.,-1.,0.));
#4781 = ADVANCED_FACE('',(#4782),#4793,.F.);
#4782 = FACE_BOUND('',#4783,.T.);
#4783 = EDGE_LOOP('',(#4784,#4790,#4791,#4792));
#4784 = ORIENTED_EDGE('',*,*,#4785,.T.);
#4785 = EDGE_CURVE('',#3661,#4217,#4786,.T.);
#4786 = LINE('',#4787,#4788);
#4787 = CARTESIAN_POINT('',(81.11,-153.93,0.));
#4788 = VECTOR('',#4789,1.);
#4789 = DIRECTION('',(0.,0.,1.));
#4790 = ORIENTED_EDGE('',*,*,#4216,.T.);
#4791 = ORIENTED_EDGE('',*,*,#4785,.F.);
#4792 = ORIENTED_EDGE('',*,*,#3660,.F.);
#4793 = CYLINDRICAL_SURFACE('',#4794,1.3);
#4794 = AXIS2_PLACEMENT_3D('',#4795,#4796,#4797);
#4795 = CARTESIAN_POINT('',(79.81,-153.93,0.));
#4796 = DIRECTION('',(-0.,-0.,-1.));
#4797 = DIRECTION('',(1.,0.,-0.));
#4798 = ADVANCED_FACE('',(#4799),#4810,.F.);
#4799 = FACE_BOUND('',#4800,.T.);
#4800 = EDGE_LOOP('',(#4801,#4802,#4808,#4809));
#4801 = ORIENTED_EDGE('',*,*,#3671,.T.);
#4802 = ORIENTED_EDGE('',*,*,#4803,.T.);
#4803 = EDGE_CURVE('',#3672,#4228,#4804,.T.);
#4804 = LINE('',#4805,#4806);
#4805 = CARTESIAN_POINT('',(85.,-151.925,-4.5E-02));
#4806 = VECTOR('',#4807,1.);
#4807 = DIRECTION('',(0.,0.,1.));
#4808 = ORIENTED_EDGE('',*,*,#4227,.F.);
#4809 = ORIENTED_EDGE('',*,*,#4803,.F.);
#4810 = CYLINDRICAL_SURFACE('',#4811,0.425);
#4811 = AXIS2_PLACEMENT_3D('',#4812,#4813,#4814);
#4812 = CARTESIAN_POINT('',(85.,-151.5,-4.5E-02));
#4813 = DIRECTION('',(-0.,-0.,-1.));
#4814 = DIRECTION('',(-0.,-1.,0.));
#4815 = ADVANCED_FACE('',(#4816),#4827,.F.);
#4816 = FACE_BOUND('',#4817,.T.);
#4817 = EDGE_LOOP('',(#4818,#4819,#4825,#4826));
#4818 = ORIENTED_EDGE('',*,*,#3682,.T.);
#4819 = ORIENTED_EDGE('',*,*,#4820,.T.);
#4820 = EDGE_CURVE('',#3683,#4239,#4821,.T.);
#4821 = LINE('',#4822,#4823);
#4822 = CARTESIAN_POINT('',(43.75,-121.65,-4.5E-02));
#4823 = VECTOR('',#4824,1.);
#4824 = DIRECTION('',(0.,0.,1.));
#4825 = ORIENTED_EDGE('',*,*,#4238,.F.);
#4826 = ORIENTED_EDGE('',*,*,#4820,.F.);
#4827 = CYLINDRICAL_SURFACE('',#4828,0.65);
#4828 = AXIS2_PLACEMENT_3D('',#4829,#4830,#4831);
#4829 = CARTESIAN_POINT('',(43.75,-121.,-4.5E-02));
#4830 = DIRECTION('',(-0.,-0.,-1.));
#4831 = DIRECTION('',(-0.,-1.,0.));
#4832 = ADVANCED_FACE('',(#4833),#4844,.F.);
#4833 = FACE_BOUND('',#4834,.T.);
#4834 = EDGE_LOOP('',(#4835,#4836,#4842,#4843));
#4835 = ORIENTED_EDGE('',*,*,#3693,.T.);
#4836 = ORIENTED_EDGE('',*,*,#4837,.T.);
#4837 = EDGE_CURVE('',#3694,#4250,#4838,.T.);
#4838 = LINE('',#4839,#4840);
#4839 = CARTESIAN_POINT('',(43.75,-116.65,-4.5E-02));
#4840 = VECTOR('',#4841,1.);
#4841 = DIRECTION('',(0.,0.,1.));
#4842 = ORIENTED_EDGE('',*,*,#4249,.F.);
#4843 = ORIENTED_EDGE('',*,*,#4837,.F.);
#4844 = CYLINDRICAL_SURFACE('',#4845,0.65);
#4845 = AXIS2_PLACEMENT_3D('',#4846,#4847,#4848);
#4846 = CARTESIAN_POINT('',(43.75,-116.,-4.5E-02));
#4847 = DIRECTION('',(-0.,-0.,-1.));
#4848 = DIRECTION('',(-0.,-1.,0.));
#4849 = ADVANCED_FACE('',(#4850),#4861,.F.);
#4850 = FACE_BOUND('',#4851,.T.);
#4851 = EDGE_LOOP('',(#4852,#4853,#4859,#4860));
#4852 = ORIENTED_EDGE('',*,*,#3704,.T.);
#4853 = ORIENTED_EDGE('',*,*,#4854,.T.);
#4854 = EDGE_CURVE('',#3705,#4261,#4855,.T.);
#4855 = LINE('',#4856,#4857);
#4856 = CARTESIAN_POINT('',(56.25,-121.65,-4.5E-02));
#4857 = VECTOR('',#4858,1.);
#4858 = DIRECTION('',(0.,0.,1.));
#4859 = ORIENTED_EDGE('',*,*,#4260,.F.);
#4860 = ORIENTED_EDGE('',*,*,#4854,.F.);
#4861 = CYLINDRICAL_SURFACE('',#4862,0.65);
#4862 = AXIS2_PLACEMENT_3D('',#4863,#4864,#4865);
#4863 = CARTESIAN_POINT('',(56.25,-121.,-4.5E-02));
#4864 = DIRECTION('',(-0.,-0.,-1.));
#4865 = DIRECTION('',(-0.,-1.,0.));
#4866 = ADVANCED_FACE('',(#4867),#4878,.F.);
#4867 = FACE_BOUND('',#4868,.T.);
#4868 = EDGE_LOOP('',(#4869,#4870,#4876,#4877));
#4869 = ORIENTED_EDGE('',*,*,#3715,.T.);
#4870 = ORIENTED_EDGE('',*,*,#4871,.T.);
#4871 = EDGE_CURVE('',#3716,#4272,#4872,.T.);
#4872 = LINE('',#4873,#4874);
#4873 = CARTESIAN_POINT('',(56.25,-116.65,-4.5E-02));
#4874 = VECTOR('',#4875,1.);
#4875 = DIRECTION('',(0.,0.,1.));
#4876 = ORIENTED_EDGE('',*,*,#4271,.F.);
#4877 = ORIENTED_EDGE('',*,*,#4871,.F.);
#4878 = CYLINDRICAL_SURFACE('',#4879,0.65);
#4879 = AXIS2_PLACEMENT_3D('',#4880,#4881,#4882);
#4880 = CARTESIAN_POINT('',(56.25,-116.,-4.5E-02));
#4881 = DIRECTION('',(-0.,-0.,-1.));
#4882 = DIRECTION('',(-0.,-1.,0.));
#4883 = ADVANCED_FACE('',(#4884),#4895,.F.);
#4884 = FACE_BOUND('',#4885,.T.);
#4885 = EDGE_LOOP('',(#4886,#4892,#4893,#4894));
#4886 = ORIENTED_EDGE('',*,*,#4887,.T.);
#4887 = EDGE_CURVE('',#3727,#4283,#4888,.T.);
#4888 = LINE('',#4889,#4890);
#4889 = CARTESIAN_POINT('',(89.76,-176.43,0.));
#4890 = VECTOR('',#4891,1.);
#4891 = DIRECTION('',(0.,0.,1.));
#4892 = ORIENTED_EDGE('',*,*,#4282,.T.);
#4893 = ORIENTED_EDGE('',*,*,#4887,.F.);
#4894 = ORIENTED_EDGE('',*,*,#3726,.F.);
#4895 = CYLINDRICAL_SURFACE('',#4896,0.95);
#4896 = AXIS2_PLACEMENT_3D('',#4897,#4898,#4899);
#4897 = CARTESIAN_POINT('',(88.81,-176.43,0.));
#4898 = DIRECTION('',(-0.,-0.,-1.));
#4899 = DIRECTION('',(1.,0.,-0.));
#4900 = ADVANCED_FACE('',(#4901),#4912,.F.);
#4901 = FACE_BOUND('',#4902,.T.);
#4902 = EDGE_LOOP('',(#4903,#4904,#4910,#4911));
#4903 = ORIENTED_EDGE('',*,*,#3737,.T.);
#4904 = ORIENTED_EDGE('',*,*,#4905,.T.);
#4905 = EDGE_CURVE('',#3738,#4294,#4906,.T.);
#4906 = LINE('',#4907,#4908);
#4907 = CARTESIAN_POINT('',(92.62,-174.785,-4.5E-02));
#4908 = VECTOR('',#4909,1.);
#4909 = DIRECTION('',(0.,0.,1.));
#4910 = ORIENTED_EDGE('',*,*,#4293,.F.);
#4911 = ORIENTED_EDGE('',*,*,#4905,.F.);
#4912 = CYLINDRICAL_SURFACE('',#4913,0.425);
#4913 = AXIS2_PLACEMENT_3D('',#4914,#4915,#4916);
#4914 = CARTESIAN_POINT('',(92.62,-174.36,-4.5E-02));
#4915 = DIRECTION('',(-0.,-0.,-1.));
#4916 = DIRECTION('',(-0.,-1.,0.));
#4917 = ADVANCED_FACE('',(#4918),#4929,.F.);
#4918 = FACE_BOUND('',#4919,.T.);
#4919 = EDGE_LOOP('',(#4920,#4926,#4927,#4928));
#4920 = ORIENTED_EDGE('',*,*,#4921,.T.);
#4921 = EDGE_CURVE('',#3749,#4305,#4922,.T.);
#4922 = LINE('',#4923,#4924);
#4923 = CARTESIAN_POINT('',(100.76,-162.93,0.));
#4924 = VECTOR('',#4925,1.);
#4925 = DIRECTION('',(0.,0.,1.));
#4926 = ORIENTED_EDGE('',*,*,#4304,.T.);
#4927 = ORIENTED_EDGE('',*,*,#4921,.F.);
#4928 = ORIENTED_EDGE('',*,*,#3748,.F.);
#4929 = CYLINDRICAL_SURFACE('',#4930,1.95);
#4930 = AXIS2_PLACEMENT_3D('',#4931,#4932,#4933);
#4931 = CARTESIAN_POINT('',(98.81,-162.93,0.));
#4932 = DIRECTION('',(-0.,-0.,-1.));
#4933 = DIRECTION('',(1.,0.,-0.));
#4934 = ADVANCED_FACE('',(#4935),#4946,.F.);
#4935 = FACE_BOUND('',#4936,.T.);
#4936 = EDGE_LOOP('',(#4937,#4943,#4944,#4945));
#4937 = ORIENTED_EDGE('',*,*,#4938,.T.);
#4938 = EDGE_CURVE('',#3760,#4316,#4939,.T.);
#4939 = LINE('',#4940,#4941);
#4940 = CARTESIAN_POINT('',(89.76,-149.43,0.));
#4941 = VECTOR('',#4942,1.);
#4942 = DIRECTION('',(0.,0.,1.));
#4943 = ORIENTED_EDGE('',*,*,#4315,.T.);
#4944 = ORIENTED_EDGE('',*,*,#4938,.F.);
#4945 = ORIENTED_EDGE('',*,*,#3759,.F.);
#4946 = CYLINDRICAL_SURFACE('',#4947,0.95);
#4947 = AXIS2_PLACEMENT_3D('',#4948,#4949,#4950);
#4948 = CARTESIAN_POINT('',(88.81,-149.43,0.));
#4949 = DIRECTION('',(-0.,-0.,-1.));
#4950 = DIRECTION('',(1.,0.,-0.));
#4951 = ADVANCED_FACE('',(#4952),#4963,.F.);
#4952 = FACE_BOUND('',#4953,.T.);
#4953 = EDGE_LOOP('',(#4954,#4955,#4961,#4962));
#4954 = ORIENTED_EDGE('',*,*,#3770,.T.);
#4955 = ORIENTED_EDGE('',*,*,#4956,.T.);
#4956 = EDGE_CURVE('',#3771,#4327,#4957,.T.);
#4957 = LINE('',#4958,#4959);
#4958 = CARTESIAN_POINT('',(92.62,-151.925,-4.5E-02));
#4959 = VECTOR('',#4960,1.);
#4960 = DIRECTION('',(0.,0.,1.));
#4961 = ORIENTED_EDGE('',*,*,#4326,.F.);
#4962 = ORIENTED_EDGE('',*,*,#4956,.F.);
#4963 = CYLINDRICAL_SURFACE('',#4964,0.425);
#4964 = AXIS2_PLACEMENT_3D('',#4965,#4966,#4967);
#4965 = CARTESIAN_POINT('',(92.62,-151.5,-4.5E-02));
#4966 = DIRECTION('',(-0.,-0.,-1.));
#4967 = DIRECTION('',(-0.,-1.,0.));
#4968 = ADVANCED_FACE('',(#4969),#4980,.F.);
#4969 = FACE_BOUND('',#4970,.T.);
#4970 = EDGE_LOOP('',(#4971,#4972,#4978,#4979));
#4971 = ORIENTED_EDGE('',*,*,#3781,.T.);
#4972 = ORIENTED_EDGE('',*,*,#4973,.T.);
#4973 = EDGE_CURVE('',#3782,#4338,#4974,.T.);
#4974 = LINE('',#4975,#4976);
#4975 = CARTESIAN_POINT('',(83.835,-109.88,-4.5E-02));
#4976 = VECTOR('',#4977,1.);
#4977 = DIRECTION('',(0.,0.,1.));
#4978 = ORIENTED_EDGE('',*,*,#4337,.F.);
#4979 = ORIENTED_EDGE('',*,*,#4973,.F.);
#4980 = CYLINDRICAL_SURFACE('',#4981,0.5);
#4981 = AXIS2_PLACEMENT_3D('',#4982,#4983,#4984);
#4982 = CARTESIAN_POINT('',(83.835,-109.38,-4.5E-02));
#4983 = DIRECTION('',(-0.,-0.,-1.));
#4984 = DIRECTION('',(-0.,-1.,0.));
#4985 = ADVANCED_FACE('',(#4986),#4997,.F.);
#4986 = FACE_BOUND('',#4987,.T.);
#4987 = EDGE_LOOP('',(#4988,#4989,#4995,#4996));
#4988 = ORIENTED_EDGE('',*,*,#3792,.T.);
#4989 = ORIENTED_EDGE('',*,*,#4990,.T.);
#4990 = EDGE_CURVE('',#3793,#4349,#4991,.T.);
#4991 = LINE('',#4992,#4993);
#4992 = CARTESIAN_POINT('',(86.375,-109.88,-4.5E-02));
#4993 = VECTOR('',#4994,1.);
#4994 = DIRECTION('',(0.,0.,1.));
#4995 = ORIENTED_EDGE('',*,*,#4348,.F.);
#4996 = ORIENTED_EDGE('',*,*,#4990,.F.);
#4997 = CYLINDRICAL_SURFACE('',#4998,0.5);
#4998 = AXIS2_PLACEMENT_3D('',#4999,#5000,#5001);
#4999 = CARTESIAN_POINT('',(86.375,-109.38,-4.5E-02));
#5000 = DIRECTION('',(-0.,-0.,-1.));
#5001 = DIRECTION('',(-0.,-1.,0.));
#5002 = ADVANCED_FACE('',(#5003),#5014,.F.);
#5003 = FACE_BOUND('',#5004,.T.);
#5004 = EDGE_LOOP('',(#5005,#5006,#5012,#5013));
#5005 = ORIENTED_EDGE('',*,*,#3803,.T.);
#5006 = ORIENTED_EDGE('',*,*,#5007,.T.);
#5007 = EDGE_CURVE('',#3804,#4360,#5008,.T.);
#5008 = LINE('',#5009,#5010);
#5009 = CARTESIAN_POINT('',(71.38,-75.38,-4.5E-02));
#5010 = VECTOR('',#5011,1.);
#5011 = DIRECTION('',(0.,0.,1.));
#5012 = ORIENTED_EDGE('',*,*,#4359,.F.);
#5013 = ORIENTED_EDGE('',*,*,#5007,.F.);
#5014 = CYLINDRICAL_SURFACE('',#5015,0.5);
#5015 = AXIS2_PLACEMENT_3D('',#5016,#5017,#5018);
#5016 = CARTESIAN_POINT('',(71.38,-74.88,-4.5E-02));
#5017 = DIRECTION('',(-0.,-0.,-1.));
#5018 = DIRECTION('',(-0.,-1.,0.));
#5019 = ADVANCED_FACE('',(#5020),#5031,.F.);
#5020 = FACE_BOUND('',#5021,.T.);
#5021 = EDGE_LOOP('',(#5022,#5023,#5029,#5030));
#5022 = ORIENTED_EDGE('',*,*,#3814,.T.);
#5023 = ORIENTED_EDGE('',*,*,#5024,.T.);
#5024 = EDGE_CURVE('',#3815,#4371,#5025,.T.);
#5025 = LINE('',#5026,#5027);
#5026 = CARTESIAN_POINT('',(73.92,-75.38,-4.5E-02));
#5027 = VECTOR('',#5028,1.);
#5028 = DIRECTION('',(0.,0.,1.));
#5029 = ORIENTED_EDGE('',*,*,#4370,.F.);
#5030 = ORIENTED_EDGE('',*,*,#5024,.F.);
#5031 = CYLINDRICAL_SURFACE('',#5032,0.5);
#5032 = AXIS2_PLACEMENT_3D('',#5033,#5034,#5035);
#5033 = CARTESIAN_POINT('',(73.92,-74.88,-4.5E-02));
#5034 = DIRECTION('',(-0.,-0.,-1.));
#5035 = DIRECTION('',(-0.,-1.,0.));
#5036 = ADVANCED_FACE('',(#5037),#5048,.F.);
#5037 = FACE_BOUND('',#5038,.T.);
#5038 = EDGE_LOOP('',(#5039,#5040,#5046,#5047));
#5039 = ORIENTED_EDGE('',*,*,#3825,.T.);
#5040 = ORIENTED_EDGE('',*,*,#5041,.T.);
#5041 = EDGE_CURVE('',#3826,#4382,#5042,.T.);
#5042 = LINE('',#5043,#5044);
#5043 = CARTESIAN_POINT('',(69.76,-64.5195,-4.5E-02));
#5044 = VECTOR('',#5045,1.);
#5045 = DIRECTION('',(0.,0.,1.));
#5046 = ORIENTED_EDGE('',*,*,#4381,.F.);
#5047 = ORIENTED_EDGE('',*,*,#5041,.F.);
#5048 = CYLINDRICAL_SURFACE('',#5049,0.4445);
#5049 = AXIS2_PLACEMENT_3D('',#5050,#5051,#5052);
#5050 = CARTESIAN_POINT('',(69.76,-64.075,-4.5E-02));
#5051 = DIRECTION('',(-0.,0.,-1.));
#5052 = DIRECTION('',(3.197042680585E-14,-1.,-0.));
#5053 = ADVANCED_FACE('',(#5054),#5065,.F.);
#5054 = FACE_BOUND('',#5055,.T.);
#5055 = EDGE_LOOP('',(#5056,#5057,#5063,#5064));
#5056 = ORIENTED_EDGE('',*,*,#3836,.T.);
#5057 = ORIENTED_EDGE('',*,*,#5058,.T.);
#5058 = EDGE_CURVE('',#3837,#4393,#5059,.T.);
#5059 = LINE('',#5060,#5061);
#5060 = CARTESIAN_POINT('',(72.3,-64.5195,-4.5E-02));
#5061 = VECTOR('',#5062,1.);
#5062 = DIRECTION('',(0.,0.,1.));
#5063 = ORIENTED_EDGE('',*,*,#4392,.F.);
#5064 = ORIENTED_EDGE('',*,*,#5058,.F.);
#5065 = CYLINDRICAL_SURFACE('',#5066,0.4445);
#5066 = AXIS2_PLACEMENT_3D('',#5067,#5068,#5069);
#5067 = CARTESIAN_POINT('',(72.3,-64.075,-4.5E-02));
#5068 = DIRECTION('',(-0.,-0.,-1.));
#5069 = DIRECTION('',(-3.197042680585E-14,-1.,0.));
#5070 = ADVANCED_FACE('',(#5071),#5082,.F.);
#5071 = FACE_BOUND('',#5072,.T.);
#5072 = EDGE_LOOP('',(#5073,#5074,#5080,#5081));
#5073 = ORIENTED_EDGE('',*,*,#3847,.T.);
#5074 = ORIENTED_EDGE('',*,*,#5075,.T.);
#5075 = EDGE_CURVE('',#3848,#4404,#5076,.T.);
#5076 = LINE('',#5077,#5078);
#5077 = CARTESIAN_POINT('',(74.84,-64.5195,-4.5E-02));
#5078 = VECTOR('',#5079,1.);
#5079 = DIRECTION('',(0.,0.,1.));
#5080 = ORIENTED_EDGE('',*,*,#4403,.F.);
#5081 = ORIENTED_EDGE('',*,*,#5075,.F.);
#5082 = CYLINDRICAL_SURFACE('',#5083,0.4445);
#5083 = AXIS2_PLACEMENT_3D('',#5084,#5085,#5086);
#5084 = CARTESIAN_POINT('',(74.84,-64.075,-4.5E-02));
#5085 = DIRECTION('',(-0.,-0.,-1.));
#5086 = DIRECTION('',(-0.,-1.,0.));
#5087 = ADVANCED_FACE('',(#5088),#5099,.F.);
#5088 = FACE_BOUND('',#5089,.T.);
#5089 = EDGE_LOOP('',(#5090,#5091,#5097,#5098));
#5090 = ORIENTED_EDGE('',*,*,#3858,.T.);
#5091 = ORIENTED_EDGE('',*,*,#5092,.T.);
#5092 = EDGE_CURVE('',#3859,#4415,#5093,.T.);
#5093 = LINE('',#5094,#5095);
#5094 = CARTESIAN_POINT('',(76.46,-75.38,-4.5E-02));
#5095 = VECTOR('',#5096,1.);
#5096 = DIRECTION('',(0.,0.,1.));
#5097 = ORIENTED_EDGE('',*,*,#4414,.F.);
#5098 = ORIENTED_EDGE('',*,*,#5092,.F.);
#5099 = CYLINDRICAL_SURFACE('',#5100,0.5);
#5100 = AXIS2_PLACEMENT_3D('',#5101,#5102,#5103);
#5101 = CARTESIAN_POINT('',(76.46,-74.88,-4.5E-02));
#5102 = DIRECTION('',(-0.,-0.,-1.));
#5103 = DIRECTION('',(-0.,-1.,0.));
#5104 = ADVANCED_FACE('',(#5105),#5116,.F.);
#5105 = FACE_BOUND('',#5106,.T.);
#5106 = EDGE_LOOP('',(#5107,#5108,#5114,#5115));
#5107 = ORIENTED_EDGE('',*,*,#3869,.T.);
#5108 = ORIENTED_EDGE('',*,*,#5109,.T.);
#5109 = EDGE_CURVE('',#3870,#4426,#5110,.T.);
#5110 = LINE('',#5111,#5112);
#5111 = CARTESIAN_POINT('',(79.,-75.38,-4.5E-02));
#5112 = VECTOR('',#5113,1.);
#5113 = DIRECTION('',(0.,0.,1.));
#5114 = ORIENTED_EDGE('',*,*,#4425,.F.);
#5115 = ORIENTED_EDGE('',*,*,#5109,.F.);
#5116 = CYLINDRICAL_SURFACE('',#5117,0.5);
#5117 = AXIS2_PLACEMENT_3D('',#5118,#5119,#5120);
#5118 = CARTESIAN_POINT('',(79.,-74.88,-4.5E-02));
#5119 = DIRECTION('',(-0.,-0.,-1.));
#5120 = DIRECTION('',(-0.,-1.,0.));
#5121 = ADVANCED_FACE('',(#5122),#5133,.F.);
#5122 = FACE_BOUND('',#5123,.T.);
#5123 = EDGE_LOOP('',(#5124,#5125,#5131,#5132));
#5124 = ORIENTED_EDGE('',*,*,#3880,.T.);
#5125 = ORIENTED_EDGE('',*,*,#5126,.T.);
#5126 = EDGE_CURVE('',#3881,#4437,#5127,.T.);
#5127 = LINE('',#5128,#5129);
#5128 = CARTESIAN_POINT('',(77.38,-64.5195,-4.5E-02));
#5129 = VECTOR('',#5130,1.);
#5130 = DIRECTION('',(0.,0.,1.));
#5131 = ORIENTED_EDGE('',*,*,#4436,.F.);
#5132 = ORIENTED_EDGE('',*,*,#5126,.F.);
#5133 = CYLINDRICAL_SURFACE('',#5134,0.4445);
#5134 = AXIS2_PLACEMENT_3D('',#5135,#5136,#5137);
#5135 = CARTESIAN_POINT('',(77.38,-64.075,-4.5E-02));
#5136 = DIRECTION('',(-0.,-0.,-1.));
#5137 = DIRECTION('',(-0.,-1.,0.));
#5138 = ADVANCED_FACE('',(#5139),#5150,.F.);
#5139 = FACE_BOUND('',#5140,.T.);
#5140 = EDGE_LOOP('',(#5141,#5142,#5148,#5149));
#5141 = ORIENTED_EDGE('',*,*,#3891,.T.);
#5142 = ORIENTED_EDGE('',*,*,#5143,.T.);
#5143 = EDGE_CURVE('',#3892,#4448,#5144,.T.);
#5144 = LINE('',#5145,#5146);
#5145 = CARTESIAN_POINT('',(79.92,-64.5195,-4.5E-02));
#5146 = VECTOR('',#5147,1.);
#5147 = DIRECTION('',(0.,0.,1.));
#5148 = ORIENTED_EDGE('',*,*,#4447,.F.);
#5149 = ORIENTED_EDGE('',*,*,#5143,.F.);
#5150 = CYLINDRICAL_SURFACE('',#5151,0.4445);
#5151 = AXIS2_PLACEMENT_3D('',#5152,#5153,#5154);
#5152 = CARTESIAN_POINT('',(79.92,-64.075,-4.5E-02));
#5153 = DIRECTION('',(-0.,-0.,-1.));
#5154 = DIRECTION('',(-0.,-1.,0.));
#5155 = ADVANCED_FACE('',(#5156),#5167,.F.);
#5156 = FACE_BOUND('',#5157,.T.);
#5157 = EDGE_LOOP('',(#5158,#5159,#5165,#5166));
#5158 = ORIENTED_EDGE('',*,*,#3902,.T.);
#5159 = ORIENTED_EDGE('',*,*,#5160,.T.);
#5160 = EDGE_CURVE('',#3903,#4459,#5161,.T.);
#5161 = LINE('',#5162,#5163);
#5162 = CARTESIAN_POINT('',(82.46,-64.5195,-4.5E-02));
#5163 = VECTOR('',#5164,1.);
#5164 = DIRECTION('',(0.,0.,1.));
#5165 = ORIENTED_EDGE('',*,*,#4458,.F.);
#5166 = ORIENTED_EDGE('',*,*,#5160,.F.);
#5167 = CYLINDRICAL_SURFACE('',#5168,0.4445);
#5168 = AXIS2_PLACEMENT_3D('',#5169,#5170,#5171);
#5169 = CARTESIAN_POINT('',(82.46,-64.075,-4.5E-02));
#5170 = DIRECTION('',(-0.,-0.,-1.));
#5171 = DIRECTION('',(-3.197042680585E-14,-1.,0.));
#5172 = ADVANCED_FACE('',(#5173),#5184,.F.);
#5173 = FACE_BOUND('',#5174,.T.);
#5174 = EDGE_LOOP('',(#5175,#5176,#5182,#5183));
#5175 = ORIENTED_EDGE('',*,*,#3913,.T.);
#5176 = ORIENTED_EDGE('',*,*,#5177,.T.);
#5177 = EDGE_CURVE('',#3914,#4470,#5178,.T.);
#5178 = LINE('',#5179,#5180);
#5179 = CARTESIAN_POINT('',(85.,-64.5195,-4.5E-02));
#5180 = VECTOR('',#5181,1.);
#5181 = DIRECTION('',(0.,0.,1.));
#5182 = ORIENTED_EDGE('',*,*,#4469,.F.);
#5183 = ORIENTED_EDGE('',*,*,#5177,.F.);
#5184 = CYLINDRICAL_SURFACE('',#5185,0.4445);
#5185 = AXIS2_PLACEMENT_3D('',#5186,#5187,#5188);
#5186 = CARTESIAN_POINT('',(85.,-64.075,-4.5E-02));
#5187 = DIRECTION('',(-0.,-0.,-1.));
#5188 = DIRECTION('',(-0.,-1.,0.));
#5189 = ADVANCED_FACE('',(#5190),#5201,.F.);
#5190 = FACE_BOUND('',#5191,.T.);
#5191 = EDGE_LOOP('',(#5192,#5193,#5199,#5200));
#5192 = ORIENTED_EDGE('',*,*,#3924,.T.);
#5193 = ORIENTED_EDGE('',*,*,#5194,.T.);
#5194 = EDGE_CURVE('',#3925,#4481,#5195,.T.);
#5195 = LINE('',#5196,#5197);
#5196 = CARTESIAN_POINT('',(69.76,-49.2795,-4.5E-02));
#5197 = VECTOR('',#5198,1.);
#5198 = DIRECTION('',(0.,0.,1.));
#5199 = ORIENTED_EDGE('',*,*,#4480,.F.);
#5200 = ORIENTED_EDGE('',*,*,#5194,.F.);
#5201 = CYLINDRICAL_SURFACE('',#5202,0.4445);
#5202 = AXIS2_PLACEMENT_3D('',#5203,#5204,#5205);
#5203 = CARTESIAN_POINT('',(69.76,-48.835,-4.5E-02));
#5204 = DIRECTION('',(-0.,0.,-1.));
#5205 = DIRECTION('',(3.197042680585E-14,-1.,-0.));
#5206 = ADVANCED_FACE('',(#5207),#5218,.F.);
#5207 = FACE_BOUND('',#5208,.T.);
#5208 = EDGE_LOOP('',(#5209,#5210,#5216,#5217));
#5209 = ORIENTED_EDGE('',*,*,#3935,.T.);
#5210 = ORIENTED_EDGE('',*,*,#5211,.T.);
#5211 = EDGE_CURVE('',#3936,#4492,#5212,.T.);
#5212 = LINE('',#5213,#5214);
#5213 = CARTESIAN_POINT('',(72.3,-49.2795,-4.5E-02));
#5214 = VECTOR('',#5215,1.);
#5215 = DIRECTION('',(0.,0.,1.));
#5216 = ORIENTED_EDGE('',*,*,#4491,.F.);
#5217 = ORIENTED_EDGE('',*,*,#5211,.F.);
#5218 = CYLINDRICAL_SURFACE('',#5219,0.4445);
#5219 = AXIS2_PLACEMENT_3D('',#5220,#5221,#5222);
#5220 = CARTESIAN_POINT('',(72.3,-48.835,-4.5E-02));
#5221 = DIRECTION('',(-0.,-0.,-1.));
#5222 = DIRECTION('',(-3.197042680585E-14,-1.,0.));
#5223 = ADVANCED_FACE('',(#5224),#5235,.F.);
#5224 = FACE_BOUND('',#5225,.T.);
#5225 = EDGE_LOOP('',(#5226,#5227,#5233,#5234));
#5226 = ORIENTED_EDGE('',*,*,#3946,.T.);
#5227 = ORIENTED_EDGE('',*,*,#5228,.T.);
#5228 = EDGE_CURVE('',#3947,#4503,#5229,.T.);
#5229 = LINE('',#5230,#5231);
#5230 = CARTESIAN_POINT('',(74.84,-49.2795,-4.5E-02));
#5231 = VECTOR('',#5232,1.);
#5232 = DIRECTION('',(0.,0.,1.));
#5233 = ORIENTED_EDGE('',*,*,#4502,.F.);
#5234 = ORIENTED_EDGE('',*,*,#5228,.F.);
#5235 = CYLINDRICAL_SURFACE('',#5236,0.4445);
#5236 = AXIS2_PLACEMENT_3D('',#5237,#5238,#5239);
#5237 = CARTESIAN_POINT('',(74.84,-48.835,-4.5E-02));
#5238 = DIRECTION('',(-0.,-0.,-1.));
#5239 = DIRECTION('',(-0.,-1.,0.));
#5240 = ADVANCED_FACE('',(#5241),#5252,.F.);
#5241 = FACE_BOUND('',#5242,.T.);
#5242 = EDGE_LOOP('',(#5243,#5244,#5250,#5251));
#5243 = ORIENTED_EDGE('',*,*,#3957,.T.);
#5244 = ORIENTED_EDGE('',*,*,#5245,.T.);
#5245 = EDGE_CURVE('',#3958,#4514,#5246,.T.);
#5246 = LINE('',#5247,#5248);
#5247 = CARTESIAN_POINT('',(77.38,-49.2795,-4.5E-02));
#5248 = VECTOR('',#5249,1.);
#5249 = DIRECTION('',(0.,0.,1.));
#5250 = ORIENTED_EDGE('',*,*,#4513,.F.);
#5251 = ORIENTED_EDGE('',*,*,#5245,.F.);
#5252 = CYLINDRICAL_SURFACE('',#5253,0.4445);
#5253 = AXIS2_PLACEMENT_3D('',#5254,#5255,#5256);
#5254 = CARTESIAN_POINT('',(77.38,-48.835,-4.5E-02));
#5255 = DIRECTION('',(-0.,-0.,-1.));
#5256 = DIRECTION('',(-0.,-1.,0.));
#5257 = ADVANCED_FACE('',(#5258),#5269,.F.);
#5258 = FACE_BOUND('',#5259,.T.);
#5259 = EDGE_LOOP('',(#5260,#5261,#5267,#5268));
#5260 = ORIENTED_EDGE('',*,*,#3968,.T.);
#5261 = ORIENTED_EDGE('',*,*,#5262,.T.);
#5262 = EDGE_CURVE('',#3969,#4525,#5263,.T.);
#5263 = LINE('',#5264,#5265);
#5264 = CARTESIAN_POINT('',(79.92,-49.2795,-4.5E-02));
#5265 = VECTOR('',#5266,1.);
#5266 = DIRECTION('',(0.,0.,1.));
#5267 = ORIENTED_EDGE('',*,*,#4524,.F.);
#5268 = ORIENTED_EDGE('',*,*,#5262,.F.);
#5269 = CYLINDRICAL_SURFACE('',#5270,0.4445);
#5270 = AXIS2_PLACEMENT_3D('',#5271,#5272,#5273);
#5271 = CARTESIAN_POINT('',(79.92,-48.835,-4.5E-02));
#5272 = DIRECTION('',(-0.,-0.,-1.));
#5273 = DIRECTION('',(-0.,-1.,0.));
#5274 = ADVANCED_FACE('',(#5275),#5286,.F.);
#5275 = FACE_BOUND('',#5276,.T.);
#5276 = EDGE_LOOP('',(#5277,#5278,#5284,#5285));
#5277 = ORIENTED_EDGE('',*,*,#3979,.T.);
#5278 = ORIENTED_EDGE('',*,*,#5279,.T.);
#5279 = EDGE_CURVE('',#3980,#4536,#5280,.T.);
#5280 = LINE('',#5281,#5282);
#5281 = CARTESIAN_POINT('',(82.46,-49.2795,-4.5E-02));
#5282 = VECTOR('',#5283,1.);
#5283 = DIRECTION('',(0.,0.,1.));
#5284 = ORIENTED_EDGE('',*,*,#4535,.F.);
#5285 = ORIENTED_EDGE('',*,*,#5279,.F.);
#5286 = CYLINDRICAL_SURFACE('',#5287,0.4445);
#5287 = AXIS2_PLACEMENT_3D('',#5288,#5289,#5290);
#5288 = CARTESIAN_POINT('',(82.46,-48.835,-4.5E-02));
#5289 = DIRECTION('',(-0.,-0.,-1.));
#5290 = DIRECTION('',(-3.197042680585E-14,-1.,0.));
#5291 = ADVANCED_FACE('',(#5292),#5303,.F.);
#5292 = FACE_BOUND('',#5293,.T.);
#5293 = EDGE_LOOP('',(#5294,#5295,#5301,#5302));
#5294 = ORIENTED_EDGE('',*,*,#3990,.T.);
#5295 = ORIENTED_EDGE('',*,*,#5296,.T.);
#5296 = EDGE_CURVE('',#3991,#4547,#5297,.T.);
#5297 = LINE('',#5298,#5299);
#5298 = CARTESIAN_POINT('',(85.,-49.2795,-4.5E-02));
#5299 = VECTOR('',#5300,1.);
#5300 = DIRECTION('',(0.,0.,1.));
#5301 = ORIENTED_EDGE('',*,*,#4546,.F.);
#5302 = ORIENTED_EDGE('',*,*,#5296,.F.);
#5303 = CYLINDRICAL_SURFACE('',#5304,0.4445);
#5304 = AXIS2_PLACEMENT_3D('',#5305,#5306,#5307);
#5305 = CARTESIAN_POINT('',(85.,-48.835,-4.5E-02));
#5306 = DIRECTION('',(-0.,-0.,-1.));
#5307 = DIRECTION('',(-0.,-1.,0.));
#5308 = ADVANCED_FACE('',(#5309),#5320,.F.);
#5309 = FACE_BOUND('',#5310,.T.);
#5310 = EDGE_LOOP('',(#5311,#5312,#5318,#5319));
#5311 = ORIENTED_EDGE('',*,*,#4001,.T.);
#5312 = ORIENTED_EDGE('',*,*,#5313,.T.);
#5313 = EDGE_CURVE('',#4002,#4558,#5314,.T.);
#5314 = LINE('',#5315,#5316);
#5315 = CARTESIAN_POINT('',(88.915,-109.88,-4.5E-02));
#5316 = VECTOR('',#5317,1.);
#5317 = DIRECTION('',(0.,0.,1.));
#5318 = ORIENTED_EDGE('',*,*,#4557,.F.);
#5319 = ORIENTED_EDGE('',*,*,#5313,.F.);
#5320 = CYLINDRICAL_SURFACE('',#5321,0.5);
#5321 = AXIS2_PLACEMENT_3D('',#5322,#5323,#5324);
#5322 = CARTESIAN_POINT('',(88.915,-109.38,-4.5E-02));
#5323 = DIRECTION('',(-0.,-0.,-1.));
#5324 = DIRECTION('',(-0.,-1.,0.));
#5325 = ADVANCED_FACE('',(#5326),#5337,.F.);
#5326 = FACE_BOUND('',#5327,.T.);
#5327 = EDGE_LOOP('',(#5328,#5329,#5335,#5336));
#5328 = ORIENTED_EDGE('',*,*,#4012,.T.);
#5329 = ORIENTED_EDGE('',*,*,#5330,.T.);
#5330 = EDGE_CURVE('',#4013,#4569,#5331,.T.);
#5331 = LINE('',#5332,#5333);
#5332 = CARTESIAN_POINT('',(91.455,-109.88,-4.5E-02));
#5333 = VECTOR('',#5334,1.);
#5334 = DIRECTION('',(0.,0.,1.));
#5335 = ORIENTED_EDGE('',*,*,#4568,.F.);
#5336 = ORIENTED_EDGE('',*,*,#5330,.F.);
#5337 = CYLINDRICAL_SURFACE('',#5338,0.5);
#5338 = AXIS2_PLACEMENT_3D('',#5339,#5340,#5341);
#5339 = CARTESIAN_POINT('',(91.455,-109.38,-4.5E-02));
#5340 = DIRECTION('',(-0.,-0.,-1.));
#5341 = DIRECTION('',(-0.,-1.,0.));
#5342 = ADVANCED_FACE('',(#5343),#5354,.F.);
#5343 = FACE_BOUND('',#5344,.T.);
#5344 = EDGE_LOOP('',(#5345,#5346,#5352,#5353));
#5345 = ORIENTED_EDGE('',*,*,#4023,.T.);
#5346 = ORIENTED_EDGE('',*,*,#5347,.T.);
#5347 = EDGE_CURVE('',#4024,#4580,#5348,.T.);
#5348 = LINE('',#5349,#5350);
#5349 = CARTESIAN_POINT('',(128.,-94.95,-4.5E-02));
#5350 = VECTOR('',#5351,1.);
#5351 = DIRECTION('',(0.,0.,1.));
#5352 = ORIENTED_EDGE('',*,*,#4579,.F.);
#5353 = ORIENTED_EDGE('',*,*,#5347,.F.);
#5354 = CYLINDRICAL_SURFACE('',#5355,0.45);
#5355 = AXIS2_PLACEMENT_3D('',#5356,#5357,#5358);
#5356 = CARTESIAN_POINT('',(128.,-94.5,-4.5E-02));
#5357 = DIRECTION('',(-0.,-0.,-1.));
#5358 = DIRECTION('',(-0.,-1.,0.));
#5359 = ADVANCED_FACE('',(#5360),#5371,.F.);
#5360 = FACE_BOUND('',#5361,.T.);
#5361 = EDGE_LOOP('',(#5362,#5363,#5369,#5370));
#5362 = ORIENTED_EDGE('',*,*,#4034,.T.);
#5363 = ORIENTED_EDGE('',*,*,#5364,.T.);
#5364 = EDGE_CURVE('',#4035,#4591,#5365,.T.);
#5365 = LINE('',#5366,#5367);
#5366 = CARTESIAN_POINT('',(130.54,-94.95,-4.5E-02));
#5367 = VECTOR('',#5368,1.);
#5368 = DIRECTION('',(0.,0.,1.));
#5369 = ORIENTED_EDGE('',*,*,#4590,.F.);
#5370 = ORIENTED_EDGE('',*,*,#5364,.F.);
#5371 = CYLINDRICAL_SURFACE('',#5372,0.45);
#5372 = AXIS2_PLACEMENT_3D('',#5373,#5374,#5375);
#5373 = CARTESIAN_POINT('',(130.54,-94.5,-4.5E-02));
#5374 = DIRECTION('',(-0.,-0.,-1.));
#5375 = DIRECTION('',(-6.315935428979E-14,-1.,0.));
#5376 = ADVANCED_FACE('',(#5377),#5388,.F.);
#5377 = FACE_BOUND('',#5378,.T.);
#5378 = EDGE_LOOP('',(#5379,#5380,#5386,#5387));
#5379 = ORIENTED_EDGE('',*,*,#4045,.T.);
#5380 = ORIENTED_EDGE('',*,*,#5381,.T.);
#5381 = EDGE_CURVE('',#4046,#4602,#5382,.T.);
#5382 = LINE('',#5383,#5384);
#5383 = CARTESIAN_POINT('',(128.,-81.45,-4.5E-02));
#5384 = VECTOR('',#5385,1.);
#5385 = DIRECTION('',(0.,0.,1.));
#5386 = ORIENTED_EDGE('',*,*,#4601,.F.);
#5387 = ORIENTED_EDGE('',*,*,#5381,.F.);
#5388 = CYLINDRICAL_SURFACE('',#5389,0.45);
#5389 = AXIS2_PLACEMENT_3D('',#5390,#5391,#5392);
#5390 = CARTESIAN_POINT('',(128.,-81.,-4.5E-02));
#5391 = DIRECTION('',(-0.,-0.,-1.));
#5392 = DIRECTION('',(-0.,-1.,0.));
#5393 = ADVANCED_FACE('',(#5394),#5405,.F.);
#5394 = FACE_BOUND('',#5395,.T.);
#5395 = EDGE_LOOP('',(#5396,#5397,#5403,#5404));
#5396 = ORIENTED_EDGE('',*,*,#4056,.T.);
#5397 = ORIENTED_EDGE('',*,*,#5398,.T.);
#5398 = EDGE_CURVE('',#4057,#4613,#5399,.T.);
#5399 = LINE('',#5400,#5401);
#5400 = CARTESIAN_POINT('',(130.54,-81.45,-4.5E-02));
#5401 = VECTOR('',#5402,1.);
#5402 = DIRECTION('',(0.,0.,1.));
#5403 = ORIENTED_EDGE('',*,*,#4612,.F.);
#5404 = ORIENTED_EDGE('',*,*,#5398,.F.);
#5405 = CYLINDRICAL_SURFACE('',#5406,0.45);
#5406 = AXIS2_PLACEMENT_3D('',#5407,#5408,#5409);
#5407 = CARTESIAN_POINT('',(130.54,-81.,-4.5E-02));
#5408 = DIRECTION('',(-0.,-0.,-1.));
#5409 = DIRECTION('',(-6.315935428979E-14,-1.,0.));
#5410 = ADVANCED_FACE('',(#5411),#5422,.F.);
#5411 = FACE_BOUND('',#5412,.T.);
#5412 = EDGE_LOOP('',(#5413,#5414,#5420,#5421));
#5413 = ORIENTED_EDGE('',*,*,#4067,.T.);
#5414 = ORIENTED_EDGE('',*,*,#5415,.T.);
#5415 = EDGE_CURVE('',#4068,#4624,#5416,.T.);
#5416 = LINE('',#5417,#5418);
#5417 = CARTESIAN_POINT('',(99.,-75.38,-4.5E-02));
#5418 = VECTOR('',#5419,1.);
#5419 = DIRECTION('',(0.,0.,1.));
#5420 = ORIENTED_EDGE('',*,*,#4623,.F.);
#5421 = ORIENTED_EDGE('',*,*,#5415,.F.);
#5422 = CYLINDRICAL_SURFACE('',#5423,0.5);
#5423 = AXIS2_PLACEMENT_3D('',#5424,#5425,#5426);
#5424 = CARTESIAN_POINT('',(99.,-74.88,-4.5E-02));
#5425 = DIRECTION('',(-0.,-0.,-1.));
#5426 = DIRECTION('',(-0.,-1.,0.));
#5427 = ADVANCED_FACE('',(#5428),#5439,.F.);
#5428 = FACE_BOUND('',#5429,.T.);
#5429 = EDGE_LOOP('',(#5430,#5431,#5437,#5438));
#5430 = ORIENTED_EDGE('',*,*,#4078,.T.);
#5431 = ORIENTED_EDGE('',*,*,#5432,.T.);
#5432 = EDGE_CURVE('',#4079,#4635,#5433,.T.);
#5433 = LINE('',#5434,#5435);
#5434 = CARTESIAN_POINT('',(101.54,-75.38,-4.5E-02));
#5435 = VECTOR('',#5436,1.);
#5436 = DIRECTION('',(0.,0.,1.));
#5437 = ORIENTED_EDGE('',*,*,#4634,.F.);
#5438 = ORIENTED_EDGE('',*,*,#5432,.F.);
#5439 = CYLINDRICAL_SURFACE('',#5440,0.5);
#5440 = AXIS2_PLACEMENT_3D('',#5441,#5442,#5443);
#5441 = CARTESIAN_POINT('',(101.54,-74.88,-4.5E-02));
#5442 = DIRECTION('',(-0.,-0.,-1.));
#5443 = DIRECTION('',(-0.,-1.,0.));
#5444 = ADVANCED_FACE('',(#5445),#5456,.F.);
#5445 = FACE_BOUND('',#5446,.T.);
#5446 = EDGE_LOOP('',(#5447,#5448,#5454,#5455));
#5447 = ORIENTED_EDGE('',*,*,#4089,.T.);
#5448 = ORIENTED_EDGE('',*,*,#5449,.T.);
#5449 = EDGE_CURVE('',#4090,#4646,#5450,.T.);
#5450 = LINE('',#5451,#5452);
#5451 = CARTESIAN_POINT('',(104.08,-75.38,-4.5E-02));
#5452 = VECTOR('',#5453,1.);
#5453 = DIRECTION('',(0.,0.,1.));
#5454 = ORIENTED_EDGE('',*,*,#4645,.F.);
#5455 = ORIENTED_EDGE('',*,*,#5449,.F.);
#5456 = CYLINDRICAL_SURFACE('',#5457,0.5);
#5457 = AXIS2_PLACEMENT_3D('',#5458,#5459,#5460);
#5458 = CARTESIAN_POINT('',(104.08,-74.88,-4.5E-02));
#5459 = DIRECTION('',(-0.,-0.,-1.));
#5460 = DIRECTION('',(-0.,-1.,0.));
#5461 = ADVANCED_FACE('',(#5462),#5473,.F.);
#5462 = FACE_BOUND('',#5463,.T.);
#5463 = EDGE_LOOP('',(#5464,#5465,#5471,#5472));
#5464 = ORIENTED_EDGE('',*,*,#4100,.T.);
#5465 = ORIENTED_EDGE('',*,*,#5466,.T.);
#5466 = EDGE_CURVE('',#4101,#4657,#5467,.T.);
#5467 = LINE('',#5468,#5469);
#5468 = CARTESIAN_POINT('',(106.62,-75.38,-4.5E-02));
#5469 = VECTOR('',#5470,1.);
#5470 = DIRECTION('',(0.,0.,1.));
#5471 = ORIENTED_EDGE('',*,*,#4656,.F.);
#5472 = ORIENTED_EDGE('',*,*,#5466,.F.);
#5473 = CYLINDRICAL_SURFACE('',#5474,0.5);
#5474 = AXIS2_PLACEMENT_3D('',#5475,#5476,#5477);
#5475 = CARTESIAN_POINT('',(106.62,-74.88,-4.5E-02));
#5476 = DIRECTION('',(-0.,-0.,-1.));
#5477 = DIRECTION('',(-0.,-1.,0.));
#5478 = ADVANCED_FACE('',(#5479),#5490,.F.);
#5479 = FACE_BOUND('',#5480,.T.);
#5480 = EDGE_LOOP('',(#5481,#5482,#5488,#5489));
#5481 = ORIENTED_EDGE('',*,*,#4111,.T.);
#5482 = ORIENTED_EDGE('',*,*,#5483,.T.);
#5483 = EDGE_CURVE('',#4112,#4668,#5484,.T.);
#5484 = LINE('',#5485,#5486);
#5485 = CARTESIAN_POINT('',(97.46,-45.,-4.5E-02));
#5486 = VECTOR('',#5487,1.);
#5487 = DIRECTION('',(0.,0.,1.));
#5488 = ORIENTED_EDGE('',*,*,#4667,.F.);
#5489 = ORIENTED_EDGE('',*,*,#5483,.F.);
#5490 = CYLINDRICAL_SURFACE('',#5491,0.5);
#5491 = AXIS2_PLACEMENT_3D('',#5492,#5493,#5494);
#5492 = CARTESIAN_POINT('',(97.46,-44.5,-4.5E-02));
#5493 = DIRECTION('',(-0.,-0.,-1.));
#5494 = DIRECTION('',(-0.,-1.,0.));
#5495 = ADVANCED_FACE('',(#5496),#5507,.F.);
#5496 = FACE_BOUND('',#5497,.T.);
#5497 = EDGE_LOOP('',(#5498,#5499,#5505,#5506));
#5498 = ORIENTED_EDGE('',*,*,#4122,.T.);
#5499 = ORIENTED_EDGE('',*,*,#5500,.T.);
#5500 = EDGE_CURVE('',#4123,#4679,#5501,.T.);
#5501 = LINE('',#5502,#5503);
#5502 = CARTESIAN_POINT('',(100.3,-60.625,-4.5E-02));
#5503 = VECTOR('',#5504,1.);
#5504 = DIRECTION('',(0.,0.,1.));
#5505 = ORIENTED_EDGE('',*,*,#4678,.F.);
#5506 = ORIENTED_EDGE('',*,*,#5500,.F.);
#5507 = CYLINDRICAL_SURFACE('',#5508,0.575);
#5508 = AXIS2_PLACEMENT_3D('',#5509,#5510,#5511);
#5509 = CARTESIAN_POINT('',(100.3,-60.05,-4.5E-02));
#5510 = DIRECTION('',(-0.,-0.,-1.));
#5511 = DIRECTION('',(-0.,-1.,0.));
#5512 = ADVANCED_FACE('',(#5513),#5524,.F.);
#5513 = FACE_BOUND('',#5514,.T.);
#5514 = EDGE_LOOP('',(#5515,#5516,#5522,#5523));
#5515 = ORIENTED_EDGE('',*,*,#4133,.T.);
#5516 = ORIENTED_EDGE('',*,*,#5517,.T.);
#5517 = EDGE_CURVE('',#4134,#4690,#5518,.T.);
#5518 = LINE('',#5519,#5520);
#5519 = CARTESIAN_POINT('',(98.8,-58.5,-4.5E-02));
#5520 = VECTOR('',#5521,1.);
#5521 = DIRECTION('',(0.,0.,1.));
#5522 = ORIENTED_EDGE('',*,*,#4689,.F.);
#5523 = ORIENTED_EDGE('',*,*,#5517,.F.);
#5524 = CYLINDRICAL_SURFACE('',#5525,0.5);
#5525 = AXIS2_PLACEMENT_3D('',#5526,#5527,#5528);
#5526 = CARTESIAN_POINT('',(98.8,-58.,-4.5E-02));
#5527 = DIRECTION('',(-0.,-0.,-1.));
#5528 = DIRECTION('',(-0.,-1.,0.));
#5529 = ADVANCED_FACE('',(#5530),#5541,.F.);
#5530 = FACE_BOUND('',#5531,.T.);
#5531 = EDGE_LOOP('',(#5532,#5533,#5539,#5540));
#5532 = ORIENTED_EDGE('',*,*,#4144,.T.);
#5533 = ORIENTED_EDGE('',*,*,#5534,.T.);
#5534 = EDGE_CURVE('',#4145,#4701,#5535,.T.);
#5535 = LINE('',#5536,#5537);
#5536 = CARTESIAN_POINT('',(98.8,-56.5,-4.5E-02));
#5537 = VECTOR('',#5538,1.);
#5538 = DIRECTION('',(0.,0.,1.));
#5539 = ORIENTED_EDGE('',*,*,#4700,.F.);
#5540 = ORIENTED_EDGE('',*,*,#5534,.F.);
#5541 = CYLINDRICAL_SURFACE('',#5542,0.5);
#5542 = AXIS2_PLACEMENT_3D('',#5543,#5544,#5545);
#5543 = CARTESIAN_POINT('',(98.8,-56.,-4.5E-02));
#5544 = DIRECTION('',(-0.,-0.,-1.));
#5545 = DIRECTION('',(-0.,-1.,0.));
#5546 = ADVANCED_FACE('',(#5547),#5558,.F.);
#5547 = FACE_BOUND('',#5548,.T.);
#5548 = EDGE_LOOP('',(#5549,#5550,#5556,#5557));
#5549 = ORIENTED_EDGE('',*,*,#4155,.T.);
#5550 = ORIENTED_EDGE('',*,*,#5551,.T.);
#5551 = EDGE_CURVE('',#4156,#4712,#5552,.T.);
#5552 = LINE('',#5553,#5554);
#5553 = CARTESIAN_POINT('',(100.,-45.,-4.5E-02));
#5554 = VECTOR('',#5555,1.);
#5555 = DIRECTION('',(0.,0.,1.));
#5556 = ORIENTED_EDGE('',*,*,#4711,.F.);
#5557 = ORIENTED_EDGE('',*,*,#5551,.F.);
#5558 = CYLINDRICAL_SURFACE('',#5559,0.5);
#5559 = AXIS2_PLACEMENT_3D('',#5560,#5561,#5562);
#5560 = CARTESIAN_POINT('',(100.,-44.5,-4.5E-02));
#5561 = DIRECTION('',(-0.,-0.,-1.));
#5562 = DIRECTION('',(-0.,-1.,0.));
#5563 = ADVANCED_FACE('',(#5564),#5575,.F.);
#5564 = FACE_BOUND('',#5565,.T.);
#5565 = EDGE_LOOP('',(#5566,#5567,#5573,#5574));
#5566 = ORIENTED_EDGE('',*,*,#4166,.T.);
#5567 = ORIENTED_EDGE('',*,*,#5568,.T.);
#5568 = EDGE_CURVE('',#4167,#4723,#5569,.T.);
#5569 = LINE('',#5570,#5571);
#5570 = CARTESIAN_POINT('',(102.54,-45.,-4.5E-02));
#5571 = VECTOR('',#5572,1.);
#5572 = DIRECTION('',(0.,0.,1.));
#5573 = ORIENTED_EDGE('',*,*,#4722,.F.);
#5574 = ORIENTED_EDGE('',*,*,#5568,.F.);
#5575 = CYLINDRICAL_SURFACE('',#5576,0.5);
#5576 = AXIS2_PLACEMENT_3D('',#5577,#5578,#5579);
#5577 = CARTESIAN_POINT('',(102.54,-44.5,-4.5E-02));
#5578 = DIRECTION('',(-0.,-0.,-1.));
#5579 = DIRECTION('',(-0.,-1.,0.));
#5580 = ( GEOMETRIC_REPRESENTATION_CONTEXT(3) 
GLOBAL_UNCERTAINTY_ASSIGNED_CONTEXT((#5584)) 
GLOBAL_UNIT_ASSIGNED_CONTEXT((#5581,#5582,#5583)) REPRESENTATION_CONTEXT
('Context #1','3D Context with UNIT and UNCERTAINTY') );
#5581 = ( LENGTH_UNIT() NAMED_UNIT(*) SI_UNIT(.MILLI.,.METRE.) );
#5582 = ( NAMED_UNIT(*) PLANE_ANGLE_UNIT() SI_UNIT($,.RADIAN.) );
#5583 = ( NAMED_UNIT(*) SI_UNIT($,.STERADIAN.) SOLID_ANGLE_UNIT() );
#5584 = UNCERTAINTY_MEASURE_WITH_UNIT(LENGTH_MEASURE(1.E-07),#5581,
  'distance_accuracy_value','confusion accuracy');
#5585 = CONTEXT_DEPENDENT_SHAPE_REPRESENTATION(#5586,#5588);
#5586 = ( REPRESENTATION_RELATIONSHIP('','',#3518,#10) 
REPRESENTATION_RELATIONSHIP_WITH_TRANSFORMATION(#5587) 
SHAPE_REPRESENTATION_RELATIONSHIP() );
#5587 = ITEM_DEFINED_TRANSFORMATION('','',#11,#39);
#5588 = PRODUCT_DEFINITION_SHAPE('Placement','Placement of an item',
  #5589);
#5589 = NEXT_ASSEMBLY_USAGE_OCCURRENCE('10','=>[0:1:1:8]','',#5,#3513,$
  );
#5590 = PRODUCT_RELATED_PRODUCT_CATEGORY('part',$,(#3515));
#5591 = MECHANICAL_DESIGN_GEOMETRIC_PRESENTATION_REPRESENTATION('',(
    #5592,#5600,#5607,#5614,#5621,#5628,#5635,#5642,#5649,#5656,#5663,
    #5670,#5677,#5684,#5691,#5698,#5705,#5712,#5719,#5726,#5733,#5740,
    #5747,#5755,#5762,#5769,#5776,#5783,#5790,#5797,#5804,#5811,#5818,
    #5825,#5832,#5839,#5846,#5853,#5860,#5867,#5874,#5881,#5888,#5895,
    #5902,#5909,#5916,#5923,#5930,#5937,#5944,#5951,#5958,#5965,#5972,
    #5979,#5986,#5993,#6000,#6007,#6014,#6021,#6028,#6035,#6042,#6049,
    #6056,#6063,#6070,#6077,#6084,#6091,#6098,#6105,#6112,#6119),#3500);
#5592 = STYLED_ITEM('color',(#5593),#1396);
#5593 = PRESENTATION_STYLE_ASSIGNMENT((#5594));
#5594 = SURFACE_STYLE_USAGE(.BOTH.,#5595);
#5595 = SURFACE_SIDE_STYLE('',(#5596));
#5596 = SURFACE_STYLE_FILL_AREA(#5597);
#5597 = FILL_AREA_STYLE('',(#5598));
#5598 = FILL_AREA_STYLE_COLOUR('',#5599);
#5599 = COLOUR_RGB('',0.147999998088,0.144999993226,0.144999993226);
#5600 = STYLED_ITEM('color',(#5601),#1436);
#5601 = PRESENTATION_STYLE_ASSIGNMENT((#5602));
#5602 = SURFACE_STYLE_USAGE(.BOTH.,#5603);
#5603 = SURFACE_SIDE_STYLE('',(#5604));
#5604 = SURFACE_STYLE_FILL_AREA(#5605);
#5605 = FILL_AREA_STYLE('',(#5606));
#5606 = FILL_AREA_STYLE_COLOUR('',#5599);
#5607 = STYLED_ITEM('color',(#5608),#1467);
#5608 = PRESENTATION_STYLE_ASSIGNMENT((#5609));
#5609 = SURFACE_STYLE_USAGE(.BOTH.,#5610);
#5610 = SURFACE_SIDE_STYLE('',(#5611));
#5611 = SURFACE_STYLE_FILL_AREA(#5612);
#5612 = FILL_AREA_STYLE('',(#5613));
#5613 = FILL_AREA_STYLE_COLOUR('',#5599);
#5614 = STYLED_ITEM('color',(#5615),#1498);
#5615 = PRESENTATION_STYLE_ASSIGNMENT((#5616));
#5616 = SURFACE_STYLE_USAGE(.BOTH.,#5617);
#5617 = SURFACE_SIDE_STYLE('',(#5618));
#5618 = SURFACE_STYLE_FILL_AREA(#5619);
#5619 = FILL_AREA_STYLE('',(#5620));
#5620 = FILL_AREA_STYLE_COLOUR('',#5599);
#5621 = STYLED_ITEM('color',(#5622),#1745);
#5622 = PRESENTATION_STYLE_ASSIGNMENT((#5623));
#5623 = SURFACE_STYLE_USAGE(.BOTH.,#5624);
#5624 = SURFACE_SIDE_STYLE('',(#5625));
#5625 = SURFACE_STYLE_FILL_AREA(#5626);
#5626 = FILL_AREA_STYLE('',(#5627));
#5627 = FILL_AREA_STYLE_COLOUR('',#5599);
#5628 = STYLED_ITEM('color',(#5629),#1992);
#5629 = PRESENTATION_STYLE_ASSIGNMENT((#5630));
#5630 = SURFACE_STYLE_USAGE(.BOTH.,#5631);
#5631 = SURFACE_SIDE_STYLE('',(#5632));
#5632 = SURFACE_STYLE_FILL_AREA(#5633);
#5633 = FILL_AREA_STYLE('',(#5634));
#5634 = FILL_AREA_STYLE_COLOUR('',#5599);
#5635 = STYLED_ITEM('color',(#5636),#2009);
#5636 = PRESENTATION_STYLE_ASSIGNMENT((#5637));
#5637 = SURFACE_STYLE_USAGE(.BOTH.,#5638);
#5638 = SURFACE_SIDE_STYLE('',(#5639));
#5639 = SURFACE_STYLE_FILL_AREA(#5640);
#5640 = FILL_AREA_STYLE('',(#5641));
#5641 = FILL_AREA_STYLE_COLOUR('',#5599);
#5642 = STYLED_ITEM('color',(#5643),#2026);
#5643 = PRESENTATION_STYLE_ASSIGNMENT((#5644));
#5644 = SURFACE_STYLE_USAGE(.BOTH.,#5645);
#5645 = SURFACE_SIDE_STYLE('',(#5646));
#5646 = SURFACE_STYLE_FILL_AREA(#5647);
#5647 = FILL_AREA_STYLE('',(#5648));
#5648 = FILL_AREA_STYLE_COLOUR('',#5599);
#5649 = STYLED_ITEM('color',(#5650),#2043);
#5650 = PRESENTATION_STYLE_ASSIGNMENT((#5651));
#5651 = SURFACE_STYLE_USAGE(.BOTH.,#5652);
#5652 = SURFACE_SIDE_STYLE('',(#5653));
#5653 = SURFACE_STYLE_FILL_AREA(#5654);
#5654 = FILL_AREA_STYLE('',(#5655));
#5655 = FILL_AREA_STYLE_COLOUR('',#5599);
#5656 = STYLED_ITEM('color',(#5657),#2060);
#5657 = PRESENTATION_STYLE_ASSIGNMENT((#5658));
#5658 = SURFACE_STYLE_USAGE(.BOTH.,#5659);
#5659 = SURFACE_SIDE_STYLE('',(#5660));
#5660 = SURFACE_STYLE_FILL_AREA(#5661);
#5661 = FILL_AREA_STYLE('',(#5662));
#5662 = FILL_AREA_STYLE_COLOUR('',#5599);
#5663 = STYLED_ITEM('color',(#5664),#2077);
#5664 = PRESENTATION_STYLE_ASSIGNMENT((#5665));
#5665 = SURFACE_STYLE_USAGE(.BOTH.,#5666);
#5666 = SURFACE_SIDE_STYLE('',(#5667));
#5667 = SURFACE_STYLE_FILL_AREA(#5668);
#5668 = FILL_AREA_STYLE('',(#5669));
#5669 = FILL_AREA_STYLE_COLOUR('',#5599);
#5670 = STYLED_ITEM('color',(#5671),#2094);
#5671 = PRESENTATION_STYLE_ASSIGNMENT((#5672));
#5672 = SURFACE_STYLE_USAGE(.BOTH.,#5673);
#5673 = SURFACE_SIDE_STYLE('',(#5674));
#5674 = SURFACE_STYLE_FILL_AREA(#5675);
#5675 = FILL_AREA_STYLE('',(#5676));
#5676 = FILL_AREA_STYLE_COLOUR('',#5599);
#5677 = STYLED_ITEM('color',(#5678),#2111);
#5678 = PRESENTATION_STYLE_ASSIGNMENT((#5679));
#5679 = SURFACE_STYLE_USAGE(.BOTH.,#5680);
#5680 = SURFACE_SIDE_STYLE('',(#5681));
#5681 = SURFACE_STYLE_FILL_AREA(#5682);
#5682 = FILL_AREA_STYLE('',(#5683));
#5683 = FILL_AREA_STYLE_COLOUR('',#5599);
#5684 = STYLED_ITEM('color',(#5685),#2128);
#5685 = PRESENTATION_STYLE_ASSIGNMENT((#5686));
#5686 = SURFACE_STYLE_USAGE(.BOTH.,#5687);
#5687 = SURFACE_SIDE_STYLE('',(#5688));
#5688 = SURFACE_STYLE_FILL_AREA(#5689);
#5689 = FILL_AREA_STYLE('',(#5690));
#5690 = FILL_AREA_STYLE_COLOUR('',#5599);
#5691 = STYLED_ITEM('color',(#5692),#2145);
#5692 = PRESENTATION_STYLE_ASSIGNMENT((#5693));
#5693 = SURFACE_STYLE_USAGE(.BOTH.,#5694);
#5694 = SURFACE_SIDE_STYLE('',(#5695));
#5695 = SURFACE_STYLE_FILL_AREA(#5696);
#5696 = FILL_AREA_STYLE('',(#5697));
#5697 = FILL_AREA_STYLE_COLOUR('',#5599);
#5698 = STYLED_ITEM('color',(#5699),#2162);
#5699 = PRESENTATION_STYLE_ASSIGNMENT((#5700));
#5700 = SURFACE_STYLE_USAGE(.BOTH.,#5701);
#5701 = SURFACE_SIDE_STYLE('',(#5702));
#5702 = SURFACE_STYLE_FILL_AREA(#5703);
#5703 = FILL_AREA_STYLE('',(#5704));
#5704 = FILL_AREA_STYLE_COLOUR('',#5599);
#5705 = STYLED_ITEM('color',(#5706),#2179);
#5706 = PRESENTATION_STYLE_ASSIGNMENT((#5707));
#5707 = SURFACE_STYLE_USAGE(.BOTH.,#5708);
#5708 = SURFACE_SIDE_STYLE('',(#5709));
#5709 = SURFACE_STYLE_FILL_AREA(#5710);
#5710 = FILL_AREA_STYLE('',(#5711));
#5711 = FILL_AREA_STYLE_COLOUR('',#5599);
#5712 = STYLED_ITEM('color',(#5713),#2196);
#5713 = PRESENTATION_STYLE_ASSIGNMENT((#5714));
#5714 = SURFACE_STYLE_USAGE(.BOTH.,#5715);
#5715 = SURFACE_SIDE_STYLE('',(#5716));
#5716 = SURFACE_STYLE_FILL_AREA(#5717);
#5717 = FILL_AREA_STYLE('',(#5718));
#5718 = FILL_AREA_STYLE_COLOUR('',#5599);
#5719 = STYLED_ITEM('color',(#5720),#2213);
#5720 = PRESENTATION_STYLE_ASSIGNMENT((#5721));
#5721 = SURFACE_STYLE_USAGE(.BOTH.,#5722);
#5722 = SURFACE_SIDE_STYLE('',(#5723));
#5723 = SURFACE_STYLE_FILL_AREA(#5724);
#5724 = FILL_AREA_STYLE('',(#5725));
#5725 = FILL_AREA_STYLE_COLOUR('',#5599);
#5726 = STYLED_ITEM('color',(#5727),#2230);
#5727 = PRESENTATION_STYLE_ASSIGNMENT((#5728));
#5728 = SURFACE_STYLE_USAGE(.BOTH.,#5729);
#5729 = SURFACE_SIDE_STYLE('',(#5730));
#5730 = SURFACE_STYLE_FILL_AREA(#5731);
#5731 = FILL_AREA_STYLE('',(#5732));
#5732 = FILL_AREA_STYLE_COLOUR('',#5599);
#5733 = STYLED_ITEM('color',(#5734),#2247);
#5734 = PRESENTATION_STYLE_ASSIGNMENT((#5735));
#5735 = SURFACE_STYLE_USAGE(.BOTH.,#5736);
#5736 = SURFACE_SIDE_STYLE('',(#5737));
#5737 = SURFACE_STYLE_FILL_AREA(#5738);
#5738 = FILL_AREA_STYLE('',(#5739));
#5739 = FILL_AREA_STYLE_COLOUR('',#5599);
#5740 = STYLED_ITEM('color',(#5741),#2264);
#5741 = PRESENTATION_STYLE_ASSIGNMENT((#5742));
#5742 = SURFACE_STYLE_USAGE(.BOTH.,#5743);
#5743 = SURFACE_SIDE_STYLE('',(#5744));
#5744 = SURFACE_STYLE_FILL_AREA(#5745);
#5745 = FILL_AREA_STYLE('',(#5746));
#5746 = FILL_AREA_STYLE_COLOUR('',#5599);
#5747 = STYLED_ITEM('color',(#5748),#2276);
#5748 = PRESENTATION_STYLE_ASSIGNMENT((#5749));
#5749 = SURFACE_STYLE_USAGE(.BOTH.,#5750);
#5750 = SURFACE_SIDE_STYLE('',(#5751));
#5751 = SURFACE_STYLE_FILL_AREA(#5752);
#5752 = FILL_AREA_STYLE('',(#5753));
#5753 = FILL_AREA_STYLE_COLOUR('',#5754);
#5754 = COLOUR_RGB('',0.859000020776,0.737999965183,0.495999988746);
#5755 = STYLED_ITEM('color',(#5756),#2307);
#5756 = PRESENTATION_STYLE_ASSIGNMENT((#5757));
#5757 = SURFACE_STYLE_USAGE(.BOTH.,#5758);
#5758 = SURFACE_SIDE_STYLE('',(#5759));
#5759 = SURFACE_STYLE_FILL_AREA(#5760);
#5760 = FILL_AREA_STYLE('',(#5761));
#5761 = FILL_AREA_STYLE_COLOUR('',#5754);
#5762 = STYLED_ITEM('color',(#5763),#2331);
#5763 = PRESENTATION_STYLE_ASSIGNMENT((#5764));
#5764 = SURFACE_STYLE_USAGE(.BOTH.,#5765);
#5765 = SURFACE_SIDE_STYLE('',(#5766));
#5766 = SURFACE_STYLE_FILL_AREA(#5767);
#5767 = FILL_AREA_STYLE('',(#5768));
#5768 = FILL_AREA_STYLE_COLOUR('',#5754);
#5769 = STYLED_ITEM('color',(#5770),#2355);
#5770 = PRESENTATION_STYLE_ASSIGNMENT((#5771));
#5771 = SURFACE_STYLE_USAGE(.BOTH.,#5772);
#5772 = SURFACE_SIDE_STYLE('',(#5773));
#5773 = SURFACE_STYLE_FILL_AREA(#5774);
#5774 = FILL_AREA_STYLE('',(#5775));
#5775 = FILL_AREA_STYLE_COLOUR('',#5754);
#5776 = STYLED_ITEM('color',(#5777),#2372);
#5777 = PRESENTATION_STYLE_ASSIGNMENT((#5778));
#5778 = SURFACE_STYLE_USAGE(.BOTH.,#5779);
#5779 = SURFACE_SIDE_STYLE('',(#5780));
#5780 = SURFACE_STYLE_FILL_AREA(#5781);
#5781 = FILL_AREA_STYLE('',(#5782));
#5782 = FILL_AREA_STYLE_COLOUR('',#5754);
#5783 = STYLED_ITEM('color',(#5784),#2403);
#5784 = PRESENTATION_STYLE_ASSIGNMENT((#5785));
#5785 = SURFACE_STYLE_USAGE(.BOTH.,#5786);
#5786 = SURFACE_SIDE_STYLE('',(#5787));
#5787 = SURFACE_STYLE_FILL_AREA(#5788);
#5788 = FILL_AREA_STYLE('',(#5789));
#5789 = FILL_AREA_STYLE_COLOUR('',#5754);
#5790 = STYLED_ITEM('color',(#5791),#2427);
#5791 = PRESENTATION_STYLE_ASSIGNMENT((#5792));
#5792 = SURFACE_STYLE_USAGE(.BOTH.,#5793);
#5793 = SURFACE_SIDE_STYLE('',(#5794));
#5794 = SURFACE_STYLE_FILL_AREA(#5795);
#5795 = FILL_AREA_STYLE('',(#5796));
#5796 = FILL_AREA_STYLE_COLOUR('',#5754);
#5797 = STYLED_ITEM('color',(#5798),#2451);
#5798 = PRESENTATION_STYLE_ASSIGNMENT((#5799));
#5799 = SURFACE_STYLE_USAGE(.BOTH.,#5800);
#5800 = SURFACE_SIDE_STYLE('',(#5801));
#5801 = SURFACE_STYLE_FILL_AREA(#5802);
#5802 = FILL_AREA_STYLE('',(#5803));
#5803 = FILL_AREA_STYLE_COLOUR('',#5754);
#5804 = STYLED_ITEM('color',(#5805),#2468);
#5805 = PRESENTATION_STYLE_ASSIGNMENT((#5806));
#5806 = SURFACE_STYLE_USAGE(.BOTH.,#5807);
#5807 = SURFACE_SIDE_STYLE('',(#5808));
#5808 = SURFACE_STYLE_FILL_AREA(#5809);
#5809 = FILL_AREA_STYLE('',(#5810));
#5810 = FILL_AREA_STYLE_COLOUR('',#5754);
#5811 = STYLED_ITEM('color',(#5812),#2499);
#5812 = PRESENTATION_STYLE_ASSIGNMENT((#5813));
#5813 = SURFACE_STYLE_USAGE(.BOTH.,#5814);
#5814 = SURFACE_SIDE_STYLE('',(#5815));
#5815 = SURFACE_STYLE_FILL_AREA(#5816);
#5816 = FILL_AREA_STYLE('',(#5817));
#5817 = FILL_AREA_STYLE_COLOUR('',#5754);
#5818 = STYLED_ITEM('color',(#5819),#2523);
#5819 = PRESENTATION_STYLE_ASSIGNMENT((#5820));
#5820 = SURFACE_STYLE_USAGE(.BOTH.,#5821);
#5821 = SURFACE_SIDE_STYLE('',(#5822));
#5822 = SURFACE_STYLE_FILL_AREA(#5823);
#5823 = FILL_AREA_STYLE('',(#5824));
#5824 = FILL_AREA_STYLE_COLOUR('',#5754);
#5825 = STYLED_ITEM('color',(#5826),#2547);
#5826 = PRESENTATION_STYLE_ASSIGNMENT((#5827));
#5827 = SURFACE_STYLE_USAGE(.BOTH.,#5828);
#5828 = SURFACE_SIDE_STYLE('',(#5829));
#5829 = SURFACE_STYLE_FILL_AREA(#5830);
#5830 = FILL_AREA_STYLE('',(#5831));
#5831 = FILL_AREA_STYLE_COLOUR('',#5754);
#5832 = STYLED_ITEM('color',(#5833),#2564);
#5833 = PRESENTATION_STYLE_ASSIGNMENT((#5834));
#5834 = SURFACE_STYLE_USAGE(.BOTH.,#5835);
#5835 = SURFACE_SIDE_STYLE('',(#5836));
#5836 = SURFACE_STYLE_FILL_AREA(#5837);
#5837 = FILL_AREA_STYLE('',(#5838));
#5838 = FILL_AREA_STYLE_COLOUR('',#5754);
#5839 = STYLED_ITEM('color',(#5840),#2595);
#5840 = PRESENTATION_STYLE_ASSIGNMENT((#5841));
#5841 = SURFACE_STYLE_USAGE(.BOTH.,#5842);
#5842 = SURFACE_SIDE_STYLE('',(#5843));
#5843 = SURFACE_STYLE_FILL_AREA(#5844);
#5844 = FILL_AREA_STYLE('',(#5845));
#5845 = FILL_AREA_STYLE_COLOUR('',#5754);
#5846 = STYLED_ITEM('color',(#5847),#2619);
#5847 = PRESENTATION_STYLE_ASSIGNMENT((#5848));
#5848 = SURFACE_STYLE_USAGE(.BOTH.,#5849);
#5849 = SURFACE_SIDE_STYLE('',(#5850));
#5850 = SURFACE_STYLE_FILL_AREA(#5851);
#5851 = FILL_AREA_STYLE('',(#5852));
#5852 = FILL_AREA_STYLE_COLOUR('',#5754);
#5853 = STYLED_ITEM('color',(#5854),#2643);
#5854 = PRESENTATION_STYLE_ASSIGNMENT((#5855));
#5855 = SURFACE_STYLE_USAGE(.BOTH.,#5856);
#5856 = SURFACE_SIDE_STYLE('',(#5857));
#5857 = SURFACE_STYLE_FILL_AREA(#5858);
#5858 = FILL_AREA_STYLE('',(#5859));
#5859 = FILL_AREA_STYLE_COLOUR('',#5754);
#5860 = STYLED_ITEM('color',(#5861),#2660);
#5861 = PRESENTATION_STYLE_ASSIGNMENT((#5862));
#5862 = SURFACE_STYLE_USAGE(.BOTH.,#5863);
#5863 = SURFACE_SIDE_STYLE('',(#5864));
#5864 = SURFACE_STYLE_FILL_AREA(#5865);
#5865 = FILL_AREA_STYLE('',(#5866));
#5866 = FILL_AREA_STYLE_COLOUR('',#5754);
#5867 = STYLED_ITEM('color',(#5868),#2691);
#5868 = PRESENTATION_STYLE_ASSIGNMENT((#5869));
#5869 = SURFACE_STYLE_USAGE(.BOTH.,#5870);
#5870 = SURFACE_SIDE_STYLE('',(#5871));
#5871 = SURFACE_STYLE_FILL_AREA(#5872);
#5872 = FILL_AREA_STYLE('',(#5873));
#5873 = FILL_AREA_STYLE_COLOUR('',#5754);
#5874 = STYLED_ITEM('color',(#5875),#2715);
#5875 = PRESENTATION_STYLE_ASSIGNMENT((#5876));
#5876 = SURFACE_STYLE_USAGE(.BOTH.,#5877);
#5877 = SURFACE_SIDE_STYLE('',(#5878));
#5878 = SURFACE_STYLE_FILL_AREA(#5879);
#5879 = FILL_AREA_STYLE('',(#5880));
#5880 = FILL_AREA_STYLE_COLOUR('',#5754);
#5881 = STYLED_ITEM('color',(#5882),#2739);
#5882 = PRESENTATION_STYLE_ASSIGNMENT((#5883));
#5883 = SURFACE_STYLE_USAGE(.BOTH.,#5884);
#5884 = SURFACE_SIDE_STYLE('',(#5885));
#5885 = SURFACE_STYLE_FILL_AREA(#5886);
#5886 = FILL_AREA_STYLE('',(#5887));
#5887 = FILL_AREA_STYLE_COLOUR('',#5754);
#5888 = STYLED_ITEM('color',(#5889),#2756);
#5889 = PRESENTATION_STYLE_ASSIGNMENT((#5890));
#5890 = SURFACE_STYLE_USAGE(.BOTH.,#5891);
#5891 = SURFACE_SIDE_STYLE('',(#5892));
#5892 = SURFACE_STYLE_FILL_AREA(#5893);
#5893 = FILL_AREA_STYLE('',(#5894));
#5894 = FILL_AREA_STYLE_COLOUR('',#5754);
#5895 = STYLED_ITEM('color',(#5896),#2787);
#5896 = PRESENTATION_STYLE_ASSIGNMENT((#5897));
#5897 = SURFACE_STYLE_USAGE(.BOTH.,#5898);
#5898 = SURFACE_SIDE_STYLE('',(#5899));
#5899 = SURFACE_STYLE_FILL_AREA(#5900);
#5900 = FILL_AREA_STYLE('',(#5901));
#5901 = FILL_AREA_STYLE_COLOUR('',#5754);
#5902 = STYLED_ITEM('color',(#5903),#2811);
#5903 = PRESENTATION_STYLE_ASSIGNMENT((#5904));
#5904 = SURFACE_STYLE_USAGE(.BOTH.,#5905);
#5905 = SURFACE_SIDE_STYLE('',(#5906));
#5906 = SURFACE_STYLE_FILL_AREA(#5907);
#5907 = FILL_AREA_STYLE('',(#5908));
#5908 = FILL_AREA_STYLE_COLOUR('',#5754);
#5909 = STYLED_ITEM('color',(#5910),#2835);
#5910 = PRESENTATION_STYLE_ASSIGNMENT((#5911));
#5911 = SURFACE_STYLE_USAGE(.BOTH.,#5912);
#5912 = SURFACE_SIDE_STYLE('',(#5913));
#5913 = SURFACE_STYLE_FILL_AREA(#5914);
#5914 = FILL_AREA_STYLE('',(#5915));
#5915 = FILL_AREA_STYLE_COLOUR('',#5754);
#5916 = STYLED_ITEM('color',(#5917),#2852);
#5917 = PRESENTATION_STYLE_ASSIGNMENT((#5918));
#5918 = SURFACE_STYLE_USAGE(.BOTH.,#5919);
#5919 = SURFACE_SIDE_STYLE('',(#5920));
#5920 = SURFACE_STYLE_FILL_AREA(#5921);
#5921 = FILL_AREA_STYLE('',(#5922));
#5922 = FILL_AREA_STYLE_COLOUR('',#5754);
#5923 = STYLED_ITEM('color',(#5924),#2883);
#5924 = PRESENTATION_STYLE_ASSIGNMENT((#5925));
#5925 = SURFACE_STYLE_USAGE(.BOTH.,#5926);
#5926 = SURFACE_SIDE_STYLE('',(#5927));
#5927 = SURFACE_STYLE_FILL_AREA(#5928);
#5928 = FILL_AREA_STYLE('',(#5929));
#5929 = FILL_AREA_STYLE_COLOUR('',#5754);
#5930 = STYLED_ITEM('color',(#5931),#2907);
#5931 = PRESENTATION_STYLE_ASSIGNMENT((#5932));
#5932 = SURFACE_STYLE_USAGE(.BOTH.,#5933);
#5933 = SURFACE_SIDE_STYLE('',(#5934));
#5934 = SURFACE_STYLE_FILL_AREA(#5935);
#5935 = FILL_AREA_STYLE('',(#5936));
#5936 = FILL_AREA_STYLE_COLOUR('',#5754);
#5937 = STYLED_ITEM('color',(#5938),#2931);
#5938 = PRESENTATION_STYLE_ASSIGNMENT((#5939));
#5939 = SURFACE_STYLE_USAGE(.BOTH.,#5940);
#5940 = SURFACE_SIDE_STYLE('',(#5941));
#5941 = SURFACE_STYLE_FILL_AREA(#5942);
#5942 = FILL_AREA_STYLE('',(#5943));
#5943 = FILL_AREA_STYLE_COLOUR('',#5754);
#5944 = STYLED_ITEM('color',(#5945),#2948);
#5945 = PRESENTATION_STYLE_ASSIGNMENT((#5946));
#5946 = SURFACE_STYLE_USAGE(.BOTH.,#5947);
#5947 = SURFACE_SIDE_STYLE('',(#5948));
#5948 = SURFACE_STYLE_FILL_AREA(#5949);
#5949 = FILL_AREA_STYLE('',(#5950));
#5950 = FILL_AREA_STYLE_COLOUR('',#5754);
#5951 = STYLED_ITEM('color',(#5952),#2979);
#5952 = PRESENTATION_STYLE_ASSIGNMENT((#5953));
#5953 = SURFACE_STYLE_USAGE(.BOTH.,#5954);
#5954 = SURFACE_SIDE_STYLE('',(#5955));
#5955 = SURFACE_STYLE_FILL_AREA(#5956);
#5956 = FILL_AREA_STYLE('',(#5957));
#5957 = FILL_AREA_STYLE_COLOUR('',#5754);
#5958 = STYLED_ITEM('color',(#5959),#3003);
#5959 = PRESENTATION_STYLE_ASSIGNMENT((#5960));
#5960 = SURFACE_STYLE_USAGE(.BOTH.,#5961);
#5961 = SURFACE_SIDE_STYLE('',(#5962));
#5962 = SURFACE_STYLE_FILL_AREA(#5963);
#5963 = FILL_AREA_STYLE('',(#5964));
#5964 = FILL_AREA_STYLE_COLOUR('',#5754);
#5965 = STYLED_ITEM('color',(#5966),#3027);
#5966 = PRESENTATION_STYLE_ASSIGNMENT((#5967));
#5967 = SURFACE_STYLE_USAGE(.BOTH.,#5968);
#5968 = SURFACE_SIDE_STYLE('',(#5969));
#5969 = SURFACE_STYLE_FILL_AREA(#5970);
#5970 = FILL_AREA_STYLE('',(#5971));
#5971 = FILL_AREA_STYLE_COLOUR('',#5754);
#5972 = STYLED_ITEM('color',(#5973),#3044);
#5973 = PRESENTATION_STYLE_ASSIGNMENT((#5974));
#5974 = SURFACE_STYLE_USAGE(.BOTH.,#5975);
#5975 = SURFACE_SIDE_STYLE('',(#5976));
#5976 = SURFACE_STYLE_FILL_AREA(#5977);
#5977 = FILL_AREA_STYLE('',(#5978));
#5978 = FILL_AREA_STYLE_COLOUR('',#5754);
#5979 = STYLED_ITEM('color',(#5980),#3075);
#5980 = PRESENTATION_STYLE_ASSIGNMENT((#5981));
#5981 = SURFACE_STYLE_USAGE(.BOTH.,#5982);
#5982 = SURFACE_SIDE_STYLE('',(#5983));
#5983 = SURFACE_STYLE_FILL_AREA(#5984);
#5984 = FILL_AREA_STYLE('',(#5985));
#5985 = FILL_AREA_STYLE_COLOUR('',#5754);
#5986 = STYLED_ITEM('color',(#5987),#3099);
#5987 = PRESENTATION_STYLE_ASSIGNMENT((#5988));
#5988 = SURFACE_STYLE_USAGE(.BOTH.,#5989);
#5989 = SURFACE_SIDE_STYLE('',(#5990));
#5990 = SURFACE_STYLE_FILL_AREA(#5991);
#5991 = FILL_AREA_STYLE('',(#5992));
#5992 = FILL_AREA_STYLE_COLOUR('',#5754);
#5993 = STYLED_ITEM('color',(#5994),#3123);
#5994 = PRESENTATION_STYLE_ASSIGNMENT((#5995));
#5995 = SURFACE_STYLE_USAGE(.BOTH.,#5996);
#5996 = SURFACE_SIDE_STYLE('',(#5997));
#5997 = SURFACE_STYLE_FILL_AREA(#5998);
#5998 = FILL_AREA_STYLE('',(#5999));
#5999 = FILL_AREA_STYLE_COLOUR('',#5754);
#6000 = STYLED_ITEM('color',(#6001),#3140);
#6001 = PRESENTATION_STYLE_ASSIGNMENT((#6002));
#6002 = SURFACE_STYLE_USAGE(.BOTH.,#6003);
#6003 = SURFACE_SIDE_STYLE('',(#6004));
#6004 = SURFACE_STYLE_FILL_AREA(#6005);
#6005 = FILL_AREA_STYLE('',(#6006));
#6006 = FILL_AREA_STYLE_COLOUR('',#5754);
#6007 = STYLED_ITEM('color',(#6008),#3171);
#6008 = PRESENTATION_STYLE_ASSIGNMENT((#6009));
#6009 = SURFACE_STYLE_USAGE(.BOTH.,#6010);
#6010 = SURFACE_SIDE_STYLE('',(#6011));
#6011 = SURFACE_STYLE_FILL_AREA(#6012);
#6012 = FILL_AREA_STYLE('',(#6013));
#6013 = FILL_AREA_STYLE_COLOUR('',#5754);
#6014 = STYLED_ITEM('color',(#6015),#3195);
#6015 = PRESENTATION_STYLE_ASSIGNMENT((#6016));
#6016 = SURFACE_STYLE_USAGE(.BOTH.,#6017);
#6017 = SURFACE_SIDE_STYLE('',(#6018));
#6018 = SURFACE_STYLE_FILL_AREA(#6019);
#6019 = FILL_AREA_STYLE('',(#6020));
#6020 = FILL_AREA_STYLE_COLOUR('',#5754);
#6021 = STYLED_ITEM('color',(#6022),#3219);
#6022 = PRESENTATION_STYLE_ASSIGNMENT((#6023));
#6023 = SURFACE_STYLE_USAGE(.BOTH.,#6024);
#6024 = SURFACE_SIDE_STYLE('',(#6025));
#6025 = SURFACE_STYLE_FILL_AREA(#6026);
#6026 = FILL_AREA_STYLE('',(#6027));
#6027 = FILL_AREA_STYLE_COLOUR('',#5754);
#6028 = STYLED_ITEM('color',(#6029),#3236);
#6029 = PRESENTATION_STYLE_ASSIGNMENT((#6030));
#6030 = SURFACE_STYLE_USAGE(.BOTH.,#6031);
#6031 = SURFACE_SIDE_STYLE('',(#6032));
#6032 = SURFACE_STYLE_FILL_AREA(#6033);
#6033 = FILL_AREA_STYLE('',(#6034));
#6034 = FILL_AREA_STYLE_COLOUR('',#5754);
#6035 = STYLED_ITEM('color',(#6036),#3267);
#6036 = PRESENTATION_STYLE_ASSIGNMENT((#6037));
#6037 = SURFACE_STYLE_USAGE(.BOTH.,#6038);
#6038 = SURFACE_SIDE_STYLE('',(#6039));
#6039 = SURFACE_STYLE_FILL_AREA(#6040);
#6040 = FILL_AREA_STYLE('',(#6041));
#6041 = FILL_AREA_STYLE_COLOUR('',#5754);
#6042 = STYLED_ITEM('color',(#6043),#3291);
#6043 = PRESENTATION_STYLE_ASSIGNMENT((#6044));
#6044 = SURFACE_STYLE_USAGE(.BOTH.,#6045);
#6045 = SURFACE_SIDE_STYLE('',(#6046));
#6046 = SURFACE_STYLE_FILL_AREA(#6047);
#6047 = FILL_AREA_STYLE('',(#6048));
#6048 = FILL_AREA_STYLE_COLOUR('',#5754);
#6049 = STYLED_ITEM('color',(#6050),#3315);
#6050 = PRESENTATION_STYLE_ASSIGNMENT((#6051));
#6051 = SURFACE_STYLE_USAGE(.BOTH.,#6052);
#6052 = SURFACE_SIDE_STYLE('',(#6053));
#6053 = SURFACE_STYLE_FILL_AREA(#6054);
#6054 = FILL_AREA_STYLE('',(#6055));
#6055 = FILL_AREA_STYLE_COLOUR('',#5754);
#6056 = STYLED_ITEM('color',(#6057),#3332);
#6057 = PRESENTATION_STYLE_ASSIGNMENT((#6058));
#6058 = SURFACE_STYLE_USAGE(.BOTH.,#6059);
#6059 = SURFACE_SIDE_STYLE('',(#6060));
#6060 = SURFACE_STYLE_FILL_AREA(#6061);
#6061 = FILL_AREA_STYLE('',(#6062));
#6062 = FILL_AREA_STYLE_COLOUR('',#5754);
#6063 = STYLED_ITEM('color',(#6064),#3363);
#6064 = PRESENTATION_STYLE_ASSIGNMENT((#6065));
#6065 = SURFACE_STYLE_USAGE(.BOTH.,#6066);
#6066 = SURFACE_SIDE_STYLE('',(#6067));
#6067 = SURFACE_STYLE_FILL_AREA(#6068);
#6068 = FILL_AREA_STYLE('',(#6069));
#6069 = FILL_AREA_STYLE_COLOUR('',#5754);
#6070 = STYLED_ITEM('color',(#6071),#3387);
#6071 = PRESENTATION_STYLE_ASSIGNMENT((#6072));
#6072 = SURFACE_STYLE_USAGE(.BOTH.,#6073);
#6073 = SURFACE_SIDE_STYLE('',(#6074));
#6074 = SURFACE_STYLE_FILL_AREA(#6075);
#6075 = FILL_AREA_STYLE('',(#6076));
#6076 = FILL_AREA_STYLE_COLOUR('',#5754);
#6077 = STYLED_ITEM('color',(#6078),#3411);
#6078 = PRESENTATION_STYLE_ASSIGNMENT((#6079));
#6079 = SURFACE_STYLE_USAGE(.BOTH.,#6080);
#6080 = SURFACE_SIDE_STYLE('',(#6081));
#6081 = SURFACE_STYLE_FILL_AREA(#6082);
#6082 = FILL_AREA_STYLE('',(#6083));
#6083 = FILL_AREA_STYLE_COLOUR('',#5754);
#6084 = STYLED_ITEM('color',(#6085),#3428);
#6085 = PRESENTATION_STYLE_ASSIGNMENT((#6086));
#6086 = SURFACE_STYLE_USAGE(.BOTH.,#6087);
#6087 = SURFACE_SIDE_STYLE('',(#6088));
#6088 = SURFACE_STYLE_FILL_AREA(#6089);
#6089 = FILL_AREA_STYLE('',(#6090));
#6090 = FILL_AREA_STYLE_COLOUR('',#5754);
#6091 = STYLED_ITEM('color',(#6092),#3440);
#6092 = PRESENTATION_STYLE_ASSIGNMENT((#6093));
#6093 = SURFACE_STYLE_USAGE(.BOTH.,#6094);
#6094 = SURFACE_SIDE_STYLE('',(#6095));
#6095 = SURFACE_STYLE_FILL_AREA(#6096);
#6096 = FILL_AREA_STYLE('',(#6097));
#6097 = FILL_AREA_STYLE_COLOUR('',#5754);
#6098 = STYLED_ITEM('color',(#6099),#3452);
#6099 = PRESENTATION_STYLE_ASSIGNMENT((#6100));
#6100 = SURFACE_STYLE_USAGE(.BOTH.,#6101);
#6101 = SURFACE_SIDE_STYLE('',(#6102));
#6102 = SURFACE_STYLE_FILL_AREA(#6103);
#6103 = FILL_AREA_STYLE('',(#6104));
#6104 = FILL_AREA_STYLE_COLOUR('',#5754);
#6105 = STYLED_ITEM('color',(#6106),#3464);
#6106 = PRESENTATION_STYLE_ASSIGNMENT((#6107));
#6107 = SURFACE_STYLE_USAGE(.BOTH.,#6108);
#6108 = SURFACE_SIDE_STYLE('',(#6109));
#6109 = SURFACE_STYLE_FILL_AREA(#6110);
#6110 = FILL_AREA_STYLE('',(#6111));
#6111 = FILL_AREA_STYLE_COLOUR('',#5754);
#6112 = STYLED_ITEM('color',(#6113),#3476);
#6113 = PRESENTATION_STYLE_ASSIGNMENT((#6114));
#6114 = SURFACE_STYLE_USAGE(.BOTH.,#6115);
#6115 = SURFACE_SIDE_STYLE('',(#6116));
#6116 = SURFACE_STYLE_FILL_AREA(#6117);
#6117 = FILL_AREA_STYLE('',(#6118));
#6118 = FILL_AREA_STYLE_COLOUR('',#5754);
#6119 = STYLED_ITEM('color',(#6120),#3488);
#6120 = PRESENTATION_STYLE_ASSIGNMENT((#6121));
#6121 = SURFACE_STYLE_USAGE(.BOTH.,#6122);
#6122 = SURFACE_SIDE_STYLE('',(#6123));
#6123 = SURFACE_STYLE_FILL_AREA(#6124);
#6124 = FILL_AREA_STYLE('',(#6125));
#6125 = FILL_AREA_STYLE_COLOUR('',#5754);
#6126 = MECHANICAL_DESIGN_GEOMETRIC_PRESENTATION_REPRESENTATION('',(
    #6127),#5580);
#6127 = STYLED_ITEM('color',(#6128),#3519);
#6128 = PRESENTATION_STYLE_ASSIGNMENT((#6129));
#6129 = SURFACE_STYLE_USAGE(.BOTH.,#6130);
#6130 = SURFACE_SIDE_STYLE('',(#6131));
#6131 = SURFACE_STYLE_FILL_AREA(#6132);
#6132 = FILL_AREA_STYLE('',(#6133));
#6133 = FILL_AREA_STYLE_COLOUR('',#6134);
#6134 = COLOUR_RGB('',0.313304153717,0.484529207832,0.410020903123);
#6135 = MECHANICAL_DESIGN_GEOMETRIC_PRESENTATION_REPRESENTATION('',(
    #6136,#6144,#6151,#6158,#6165,#6172,#6179,#6186,#6194,#6201,#6208,
    #6215,#6222,#6229,#6237,#6244,#6251,#6258,#6265,#6272,#6279,#6286,
    #6293,#6300,#6307,#6314),#1342);
#6136 = STYLED_ITEM('color',(#6137),#554);
#6137 = PRESENTATION_STYLE_ASSIGNMENT((#6138));
#6138 = SURFACE_STYLE_USAGE(.BOTH.,#6139);
#6139 = SURFACE_SIDE_STYLE('',(#6140));
#6140 = SURFACE_STYLE_FILL_AREA(#6141);
#6141 = FILL_AREA_STYLE('',(#6142));
#6142 = FILL_AREA_STYLE_COLOUR('',#6143);
#6143 = COLOUR_RGB('',0.823999987314,0.819999987296,0.781000009244);
#6144 = STYLED_ITEM('color',(#6145),#594);
#6145 = PRESENTATION_STYLE_ASSIGNMENT((#6146));
#6146 = SURFACE_STYLE_USAGE(.BOTH.,#6147);
#6147 = SURFACE_SIDE_STYLE('',(#6148));
#6148 = SURFACE_STYLE_FILL_AREA(#6149);
#6149 = FILL_AREA_STYLE('',(#6150));
#6150 = FILL_AREA_STYLE_COLOUR('',#6143);
#6151 = STYLED_ITEM('color',(#6152),#677);
#6152 = PRESENTATION_STYLE_ASSIGNMENT((#6153));
#6153 = SURFACE_STYLE_USAGE(.BOTH.,#6154);
#6154 = SURFACE_SIDE_STYLE('',(#6155));
#6155 = SURFACE_STYLE_FILL_AREA(#6156);
#6156 = FILL_AREA_STYLE('',(#6157));
#6157 = FILL_AREA_STYLE_COLOUR('',#6143);
#6158 = STYLED_ITEM('color',(#6159),#702);
#6159 = PRESENTATION_STYLE_ASSIGNMENT((#6160));
#6160 = SURFACE_STYLE_USAGE(.BOTH.,#6161);
#6161 = SURFACE_SIDE_STYLE('',(#6162));
#6162 = SURFACE_STYLE_FILL_AREA(#6163);
#6163 = FILL_AREA_STYLE('',(#6164));
#6164 = FILL_AREA_STYLE_COLOUR('',#6143);
#6165 = STYLED_ITEM('color',(#6166),#727);
#6166 = PRESENTATION_STYLE_ASSIGNMENT((#6167));
#6167 = SURFACE_STYLE_USAGE(.BOTH.,#6168);
#6168 = SURFACE_SIDE_STYLE('',(#6169));
#6169 = SURFACE_STYLE_FILL_AREA(#6170);
#6170 = FILL_AREA_STYLE('',(#6171));
#6171 = FILL_AREA_STYLE_COLOUR('',#6143);
#6172 = STYLED_ITEM('color',(#6173),#794);
#6173 = PRESENTATION_STYLE_ASSIGNMENT((#6174));
#6174 = SURFACE_STYLE_USAGE(.BOTH.,#6175);
#6175 = SURFACE_SIDE_STYLE('',(#6176));
#6176 = SURFACE_STYLE_FILL_AREA(#6177);
#6177 = FILL_AREA_STYLE('',(#6178));
#6178 = FILL_AREA_STYLE_COLOUR('',#6143);
#6179 = STYLED_ITEM('color',(#6180),#811);
#6180 = PRESENTATION_STYLE_ASSIGNMENT((#6181));
#6181 = SURFACE_STYLE_USAGE(.BOTH.,#6182);
#6182 = SURFACE_SIDE_STYLE('',(#6183));
#6183 = SURFACE_STYLE_FILL_AREA(#6184);
#6184 = FILL_AREA_STYLE('',(#6185));
#6185 = FILL_AREA_STYLE_COLOUR('',#6143);
#6186 = STYLED_ITEM('color',(#6187),#828);
#6187 = PRESENTATION_STYLE_ASSIGNMENT((#6188));
#6188 = SURFACE_STYLE_USAGE(.BOTH.,#6189);
#6189 = SURFACE_SIDE_STYLE('',(#6190));
#6190 = SURFACE_STYLE_FILL_AREA(#6191);
#6191 = FILL_AREA_STYLE('',(#6192));
#6192 = FILL_AREA_STYLE_COLOUR('',#6193);
#6193 = COLOUR_RGB('',0.894999966383,0.890999961016,0.813000030345);
#6194 = STYLED_ITEM('color',(#6195),#877);
#6195 = PRESENTATION_STYLE_ASSIGNMENT((#6196));
#6196 = SURFACE_STYLE_USAGE(.BOTH.,#6197);
#6197 = SURFACE_SIDE_STYLE('',(#6198));
#6198 = SURFACE_STYLE_FILL_AREA(#6199);
#6199 = FILL_AREA_STYLE('',(#6200));
#6200 = FILL_AREA_STYLE_COLOUR('',#6143);
#6201 = STYLED_ITEM('color',(#6202),#894);
#6202 = PRESENTATION_STYLE_ASSIGNMENT((#6203));
#6203 = SURFACE_STYLE_USAGE(.BOTH.,#6204);
#6204 = SURFACE_SIDE_STYLE('',(#6205));
#6205 = SURFACE_STYLE_FILL_AREA(#6206);
#6206 = FILL_AREA_STYLE('',(#6207));
#6207 = FILL_AREA_STYLE_COLOUR('',#6143);
#6208 = STYLED_ITEM('color',(#6209),#911);
#6209 = PRESENTATION_STYLE_ASSIGNMENT((#6210));
#6210 = SURFACE_STYLE_USAGE(.BOTH.,#6211);
#6211 = SURFACE_SIDE_STYLE('',(#6212));
#6212 = SURFACE_STYLE_FILL_AREA(#6213);
#6213 = FILL_AREA_STYLE('',(#6214));
#6214 = FILL_AREA_STYLE_COLOUR('',#6193);
#6215 = STYLED_ITEM('color',(#6216),#960);
#6216 = PRESENTATION_STYLE_ASSIGNMENT((#6217));
#6217 = SURFACE_STYLE_USAGE(.BOTH.,#6218);
#6218 = SURFACE_SIDE_STYLE('',(#6219));
#6219 = SURFACE_STYLE_FILL_AREA(#6220);
#6220 = FILL_AREA_STYLE('',(#6221));
#6221 = FILL_AREA_STYLE_COLOUR('',#6193);
#6222 = STYLED_ITEM('color',(#6223),#977);
#6223 = PRESENTATION_STYLE_ASSIGNMENT((#6224));
#6224 = SURFACE_STYLE_USAGE(.BOTH.,#6225);
#6225 = SURFACE_SIDE_STYLE('',(#6226));
#6226 = SURFACE_STYLE_FILL_AREA(#6227);
#6227 = FILL_AREA_STYLE('',(#6228));
#6228 = FILL_AREA_STYLE_COLOUR('',#6143);
#6229 = STYLED_ITEM('color',(#6230),#1046);
#6230 = PRESENTATION_STYLE_ASSIGNMENT((#6231));
#6231 = SURFACE_STYLE_USAGE(.BOTH.,#6232);
#6232 = SURFACE_SIDE_STYLE('',(#6233));
#6233 = SURFACE_STYLE_FILL_AREA(#6234);
#6234 = FILL_AREA_STYLE('',(#6235));
#6235 = FILL_AREA_STYLE_COLOUR('',#6236);
#6236 = COLOUR_RGB('',8.200000279077E-02,8.600000121357E-02,
  9.399999706163E-02);
#6237 = STYLED_ITEM('color',(#6238),#1077);
#6238 = PRESENTATION_STYLE_ASSIGNMENT((#6239));
#6239 = SURFACE_STYLE_USAGE(.BOTH.,#6240);
#6240 = SURFACE_SIDE_STYLE('',(#6241));
#6241 = SURFACE_STYLE_FILL_AREA(#6242);
#6242 = FILL_AREA_STYLE('',(#6243));
#6243 = FILL_AREA_STYLE_COLOUR('',#6236);
#6244 = STYLED_ITEM('color',(#6245),#1101);
#6245 = PRESENTATION_STYLE_ASSIGNMENT((#6246));
#6246 = SURFACE_STYLE_USAGE(.BOTH.,#6247);
#6247 = SURFACE_SIDE_STYLE('',(#6248));
#6248 = SURFACE_STYLE_FILL_AREA(#6249);
#6249 = FILL_AREA_STYLE('',(#6250));
#6250 = FILL_AREA_STYLE_COLOUR('',#6143);
#6251 = STYLED_ITEM('color',(#6252),#1170);
#6252 = PRESENTATION_STYLE_ASSIGNMENT((#6253));
#6253 = SURFACE_STYLE_USAGE(.BOTH.,#6254);
#6254 = SURFACE_SIDE_STYLE('',(#6255));
#6255 = SURFACE_STYLE_FILL_AREA(#6256);
#6256 = FILL_AREA_STYLE('',(#6257));
#6257 = FILL_AREA_STYLE_COLOUR('',#6236);
#6258 = STYLED_ITEM('color',(#6259),#1194);
#6259 = PRESENTATION_STYLE_ASSIGNMENT((#6260));
#6260 = SURFACE_STYLE_USAGE(.BOTH.,#6261);
#6261 = SURFACE_SIDE_STYLE('',(#6262));
#6262 = SURFACE_STYLE_FILL_AREA(#6263);
#6263 = FILL_AREA_STYLE('',(#6264));
#6264 = FILL_AREA_STYLE_COLOUR('',#6143);
#6265 = STYLED_ITEM('color',(#6266),#1211);
#6266 = PRESENTATION_STYLE_ASSIGNMENT((#6267));
#6267 = SURFACE_STYLE_USAGE(.BOTH.,#6268);
#6268 = SURFACE_SIDE_STYLE('',(#6269));
#6269 = SURFACE_STYLE_FILL_AREA(#6270);
#6270 = FILL_AREA_STYLE('',(#6271));
#6271 = FILL_AREA_STYLE_COLOUR('',#6143);
#6272 = STYLED_ITEM('color',(#6273),#1228);
#6273 = PRESENTATION_STYLE_ASSIGNMENT((#6274));
#6274 = SURFACE_STYLE_USAGE(.BOTH.,#6275);
#6275 = SURFACE_SIDE_STYLE('',(#6276));
#6276 = SURFACE_STYLE_FILL_AREA(#6277);
#6277 = FILL_AREA_STYLE('',(#6278));
#6278 = FILL_AREA_STYLE_COLOUR('',#6143);
#6279 = STYLED_ITEM('color',(#6280),#1245);
#6280 = PRESENTATION_STYLE_ASSIGNMENT((#6281));
#6281 = SURFACE_STYLE_USAGE(.BOTH.,#6282);
#6282 = SURFACE_SIDE_STYLE('',(#6283));
#6283 = SURFACE_STYLE_FILL_AREA(#6284);
#6284 = FILL_AREA_STYLE('',(#6285));
#6285 = FILL_AREA_STYLE_COLOUR('',#6143);
#6286 = STYLED_ITEM('color',(#6287),#1262);
#6287 = PRESENTATION_STYLE_ASSIGNMENT((#6288));
#6288 = SURFACE_STYLE_USAGE(.BOTH.,#6289);
#6289 = SURFACE_SIDE_STYLE('',(#6290));
#6290 = SURFACE_STYLE_FILL_AREA(#6291);
#6291 = FILL_AREA_STYLE('',(#6292));
#6292 = FILL_AREA_STYLE_COLOUR('',#6143);
#6293 = STYLED_ITEM('color',(#6294),#1279);
#6294 = PRESENTATION_STYLE_ASSIGNMENT((#6295));
#6295 = SURFACE_STYLE_USAGE(.BOTH.,#6296);
#6296 = SURFACE_SIDE_STYLE('',(#6297));
#6297 = SURFACE_STYLE_FILL_AREA(#6298);
#6298 = FILL_AREA_STYLE('',(#6299));
#6299 = FILL_AREA_STYLE_COLOUR('',#6143);
#6300 = STYLED_ITEM('color',(#6301),#1296);
#6301 = PRESENTATION_STYLE_ASSIGNMENT((#6302));
#6302 = SURFACE_STYLE_USAGE(.BOTH.,#6303);
#6303 = SURFACE_SIDE_STYLE('',(#6304));
#6304 = SURFACE_STYLE_FILL_AREA(#6305);
#6305 = FILL_AREA_STYLE('',(#6306));
#6306 = FILL_AREA_STYLE_COLOUR('',#6143);
#6307 = STYLED_ITEM('color',(#6308),#1313);
#6308 = PRESENTATION_STYLE_ASSIGNMENT((#6309));
#6309 = SURFACE_STYLE_USAGE(.BOTH.,#6310);
#6310 = SURFACE_SIDE_STYLE('',(#6311));
#6311 = SURFACE_STYLE_FILL_AREA(#6312);
#6312 = FILL_AREA_STYLE('',(#6313));
#6313 = FILL_AREA_STYLE_COLOUR('',#6236);
#6314 = STYLED_ITEM('color',(#6315),#1330);
#6315 = PRESENTATION_STYLE_ASSIGNMENT((#6316));
#6316 = SURFACE_STYLE_USAGE(.BOTH.,#6317);
#6317 = SURFACE_SIDE_STYLE('',(#6318));
#6318 = SURFACE_STYLE_FILL_AREA(#6319);
#6319 = FILL_AREA_STYLE('',(#6320));
#6320 = FILL_AREA_STYLE_COLOUR('',#6236);
#6321 = MECHANICAL_DESIGN_GEOMETRIC_PRESENTATION_REPRESENTATION('',(
    #6322,#6330,#6337,#6344,#6351,#6358,#6365,#6372,#6379,#6386,#6393,
    #6400,#6407,#6414,#6421,#6428),#505);
#6322 = STYLED_ITEM('color',(#6323),#82);
#6323 = PRESENTATION_STYLE_ASSIGNMENT((#6324));
#6324 = SURFACE_STYLE_USAGE(.BOTH.,#6325);
#6325 = SURFACE_SIDE_STYLE('',(#6326));
#6326 = SURFACE_STYLE_FILL_AREA(#6327);
#6327 = FILL_AREA_STYLE('',(#6328));
#6328 = FILL_AREA_STYLE_COLOUR('',#6329);
#6329 = COLOUR_RGB('',0.699999984889,9.999999991362E-02,
  5.000000142576E-02);
#6330 = STYLED_ITEM('color',(#6331),#109);
#6331 = PRESENTATION_STYLE_ASSIGNMENT((#6332));
#6332 = SURFACE_STYLE_USAGE(.BOTH.,#6333);
#6333 = SURFACE_SIDE_STYLE('',(#6334));
#6334 = SURFACE_STYLE_FILL_AREA(#6335);
#6335 = FILL_AREA_STYLE('',(#6336));
#6336 = FILL_AREA_STYLE_COLOUR('',#6329);
#6337 = STYLED_ITEM('color',(#6338),#134);
#6338 = PRESENTATION_STYLE_ASSIGNMENT((#6339));
#6339 = SURFACE_STYLE_USAGE(.BOTH.,#6340);
#6340 = SURFACE_SIDE_STYLE('',(#6341));
#6341 = SURFACE_STYLE_FILL_AREA(#6342);
#6342 = FILL_AREA_STYLE('',(#6343));
#6343 = FILL_AREA_STYLE_COLOUR('',#6329);
#6344 = STYLED_ITEM('color',(#6345),#162);
#6345 = PRESENTATION_STYLE_ASSIGNMENT((#6346));
#6346 = SURFACE_STYLE_USAGE(.BOTH.,#6347);
#6347 = SURFACE_SIDE_STYLE('',(#6348));
#6348 = SURFACE_STYLE_FILL_AREA(#6349);
#6349 = FILL_AREA_STYLE('',(#6350));
#6350 = FILL_AREA_STYLE_COLOUR('',#6329);
#6351 = STYLED_ITEM('color',(#6352),#194);
#6352 = PRESENTATION_STYLE_ASSIGNMENT((#6353));
#6353 = SURFACE_STYLE_USAGE(.BOTH.,#6354);
#6354 = SURFACE_SIDE_STYLE('',(#6355));
#6355 = SURFACE_STYLE_FILL_AREA(#6356);
#6356 = FILL_AREA_STYLE('',(#6357));
#6357 = FILL_AREA_STYLE_COLOUR('',#6329);
#6358 = STYLED_ITEM('color',(#6359),#211);
#6359 = PRESENTATION_STYLE_ASSIGNMENT((#6360));
#6360 = SURFACE_STYLE_USAGE(.BOTH.,#6361);
#6361 = SURFACE_SIDE_STYLE('',(#6362));
#6362 = SURFACE_STYLE_FILL_AREA(#6363);
#6363 = FILL_AREA_STYLE('',(#6364));
#6364 = FILL_AREA_STYLE_COLOUR('',#6329);
#6365 = STYLED_ITEM('color',(#6366),#289);
#6366 = PRESENTATION_STYLE_ASSIGNMENT((#6367));
#6367 = SURFACE_STYLE_USAGE(.BOTH.,#6368);
#6368 = SURFACE_SIDE_STYLE('',(#6369));
#6369 = SURFACE_STYLE_FILL_AREA(#6370);
#6370 = FILL_AREA_STYLE('',(#6371));
#6371 = FILL_AREA_STYLE_COLOUR('',#6143);
#6372 = STYLED_ITEM('color',(#6373),#320);
#6373 = PRESENTATION_STYLE_ASSIGNMENT((#6374));
#6374 = SURFACE_STYLE_USAGE(.BOTH.,#6375);
#6375 = SURFACE_SIDE_STYLE('',(#6376));
#6376 = SURFACE_STYLE_FILL_AREA(#6377);
#6377 = FILL_AREA_STYLE('',(#6378));
#6378 = FILL_AREA_STYLE_COLOUR('',#6143);
#6379 = STYLED_ITEM('color',(#6380),#344);
#6380 = PRESENTATION_STYLE_ASSIGNMENT((#6381));
#6381 = SURFACE_STYLE_USAGE(.BOTH.,#6382);
#6382 = SURFACE_SIDE_STYLE('',(#6383));
#6383 = SURFACE_STYLE_FILL_AREA(#6384);
#6384 = FILL_AREA_STYLE('',(#6385));
#6385 = FILL_AREA_STYLE_COLOUR('',#6143);
#6386 = STYLED_ITEM('color',(#6387),#368);
#6387 = PRESENTATION_STYLE_ASSIGNMENT((#6388));
#6388 = SURFACE_STYLE_USAGE(.BOTH.,#6389);
#6389 = SURFACE_SIDE_STYLE('',(#6390));
#6390 = SURFACE_STYLE_FILL_AREA(#6391);
#6391 = FILL_AREA_STYLE('',(#6392));
#6392 = FILL_AREA_STYLE_COLOUR('',#6143);
#6393 = STYLED_ITEM('color',(#6394),#385);
#6394 = PRESENTATION_STYLE_ASSIGNMENT((#6395));
#6395 = SURFACE_STYLE_USAGE(.BOTH.,#6396);
#6396 = SURFACE_SIDE_STYLE('',(#6397));
#6397 = SURFACE_STYLE_FILL_AREA(#6398);
#6398 = FILL_AREA_STYLE('',(#6399));
#6399 = FILL_AREA_STYLE_COLOUR('',#6143);
#6400 = STYLED_ITEM('color',(#6401),#416);
#6401 = PRESENTATION_STYLE_ASSIGNMENT((#6402));
#6402 = SURFACE_STYLE_USAGE(.BOTH.,#6403);
#6403 = SURFACE_SIDE_STYLE('',(#6404));
#6404 = SURFACE_STYLE_FILL_AREA(#6405);
#6405 = FILL_AREA_STYLE('',(#6406));
#6406 = FILL_AREA_STYLE_COLOUR('',#6143);
#6407 = STYLED_ITEM('color',(#6408),#440);
#6408 = PRESENTATION_STYLE_ASSIGNMENT((#6409));
#6409 = SURFACE_STYLE_USAGE(.BOTH.,#6410);
#6410 = SURFACE_SIDE_STYLE('',(#6411));
#6411 = SURFACE_STYLE_FILL_AREA(#6412);
#6412 = FILL_AREA_STYLE('',(#6413));
#6413 = FILL_AREA_STYLE_COLOUR('',#6143);
#6414 = STYLED_ITEM('color',(#6415),#464);
#6415 = PRESENTATION_STYLE_ASSIGNMENT((#6416));
#6416 = SURFACE_STYLE_USAGE(.BOTH.,#6417);
#6417 = SURFACE_SIDE_STYLE('',(#6418));
#6418 = SURFACE_STYLE_FILL_AREA(#6419);
#6419 = FILL_AREA_STYLE('',(#6420));
#6420 = FILL_AREA_STYLE_COLOUR('',#6143);
#6421 = STYLED_ITEM('color',(#6422),#481);
#6422 = PRESENTATION_STYLE_ASSIGNMENT((#6423));
#6423 = SURFACE_STYLE_USAGE(.BOTH.,#6424);
#6424 = SURFACE_SIDE_STYLE('',(#6425));
#6425 = SURFACE_STYLE_FILL_AREA(#6426);
#6426 = FILL_AREA_STYLE('',(#6427));
#6427 = FILL_AREA_STYLE_COLOUR('',#6143);
#6428 = STYLED_ITEM('color',(#6429),#493);
#6429 = PRESENTATION_STYLE_ASSIGNMENT((#6430));
#6430 = SURFACE_STYLE_USAGE(.BOTH.,#6431);
#6431 = SURFACE_SIDE_STYLE('',(#6432));
#6432 = SURFACE_STYLE_FILL_AREA(#6433);
#6433 = FILL_AREA_STYLE('',(#6434));
#6434 = FILL_AREA_STYLE_COLOUR('',#6143);
ENDSEC;
END-ISO-10303-21;
